INFO:     Started server process [72225]
INFO:     Waiting for application startup.
INFO:     Application startup complete.
INFO:     Uvicorn running on http://0.0.0.0:8001 (Press CTRL+C to quit)
INFO:     127.0.0.1:56805 - "GET /scenarios HTTP/1.1" 200 OK
INFO:     127.0.0.1:56806 - "GET /scenarios/crab_market HTTP/1.1" 200 OK
INFO:     127.0.0.1:56809 - "GET /scenarios HTTP/1.1" 200 OK
INFO:     127.0.0.1:56810 - "GET /scenarios/crab_market HTTP/1.1" 200 OK
INFO:     127.0.0.1:56810 - "GET /scenarios/crab_market HTTP/1.1" 200 OK
INFO:     127.0.0.1:56810 - "OPTIONS /simulate HTTP/1.1" 200 OK
DEBUG: Received request. Config mode: agent
DEBUG: Received agents keys: ['LeverageSeeker', 'YieldSeeker', 'DAT', 'Arbitrageur', 'FloorHolder']
INFO:     127.0.0.1:56810 - "POST /simulate HTTP/1.1" 200 OK
DEBUG: Starting Agent Simulation with population: {'LeverageSeeker': {'count': 15, 'initial_eth': 200.0, 'params': None}, 'YieldSeeker': {'count': 25, 'initial_eth': 200.0, 'params': None}, 'DAT': {'count': 8, 'initial_eth': 800.0, 'params': None}, 'Arbitrageur': {'count': 10, 'initial_eth': 100.0, 'params': None}, 'FloorHolder': {'count': 15, 'initial_eth': 400.0, 'params': None}}
DEBUG: Engine initialized with 73 agents
Starting agent-based simulation: 100 paths, 73 agents...
Completed 10/100 paths
Completed 20/100 paths
Completed 30/100 paths
Completed 40/100 paths
Completed 50/100 paths
Completed 60/100 paths
INFO:     127.0.0.1:56810 - "GET /simulate/cb683634-d1e2-4388-994b-babf7df53310/results HTTP/1.1" 200 OK
Completed 70/100 paths
Completed 80/100 paths
Completed 90/100 paths
Completed 100/100 paths
Simulation complete.
DEBUG: Simulation completed, paths generated: 100
INFO:     127.0.0.1:56810 - "GET /simulate/cb683634-d1e2-4388-994b-babf7df53310/results HTTP/1.1" 200 OK
INFO:     127.0.0.1:56810 - "GET /simulate/cb683634-d1e2-4388-994b-babf7df53310/results HTTP/1.1" 500 Internal Server Error
ERROR:    Exception in ASGI application
Traceback (most recent call last):
  File "/Users/oemer.demirel/ftoken-lst-sims/venv/lib/python3.11/site-packages/uvicorn/protocols/http/h11_impl.py", line 403, in run_asgi
    result = await app(  # type: ignore[func-returns-value]
             ^^^^^^^^^^^^^^^^^^^^^^^^^^^^^^^^^^^^^^^^^^^^^^
  File "/Users/oemer.demirel/ftoken-lst-sims/venv/lib/python3.11/site-packages/uvicorn/middleware/proxy_headers.py", line 60, in __call__
    return await self.app(scope, receive, send)
           ^^^^^^^^^^^^^^^^^^^^^^^^^^^^^^^^^^^^
  File "/Users/oemer.demirel/ftoken-lst-sims/venv/lib/python3.11/site-packages/fastapi/applications.py", line 1139, in __call__
    await super().__call__(scope, receive, send)
  File "/Users/oemer.demirel/ftoken-lst-sims/venv/lib/python3.11/site-packages/starlette/applications.py", line 107, in __call__
    await self.middleware_stack(scope, receive, send)
  File "/Users/oemer.demirel/ftoken-lst-sims/venv/lib/python3.11/site-packages/starlette/middleware/errors.py", line 186, in __call__
    raise exc
  File "/Users/oemer.demirel/ftoken-lst-sims/venv/lib/python3.11/site-packages/starlette/middleware/errors.py", line 164, in __call__
    await self.app(scope, receive, _send)
  File "/Users/oemer.demirel/ftoken-lst-sims/venv/lib/python3.11/site-packages/starlette/middleware/cors.py", line 93, in __call__
    await self.simple_response(scope, receive, send, request_headers=headers)
  File "/Users/oemer.demirel/ftoken-lst-sims/venv/lib/python3.11/site-packages/starlette/middleware/cors.py", line 144, in simple_response
    await self.app(scope, receive, send)
  File "/Users/oemer.demirel/ftoken-lst-sims/venv/lib/python3.11/site-packages/starlette/middleware/exceptions.py", line 63, in __call__
    await wrap_app_handling_exceptions(self.app, conn)(scope, receive, send)
  File "/Users/oemer.demirel/ftoken-lst-sims/venv/lib/python3.11/site-packages/starlette/_exception_handler.py", line 53, in wrapped_app
    raise exc
  File "/Users/oemer.demirel/ftoken-lst-sims/venv/lib/python3.11/site-packages/starlette/_exception_handler.py", line 42, in wrapped_app
    await app(scope, receive, sender)
  File "/Users/oemer.demirel/ftoken-lst-sims/venv/lib/python3.11/site-packages/fastapi/middleware/asyncexitstack.py", line 18, in __call__
    await self.app(scope, receive, send)
  File "/Users/oemer.demirel/ftoken-lst-sims/venv/lib/python3.11/site-packages/starlette/routing.py", line 716, in __call__
    await self.middleware_stack(scope, receive, send)
  File "/Users/oemer.demirel/ftoken-lst-sims/venv/lib/python3.11/site-packages/starlette/routing.py", line 736, in app
    await route.handle(scope, receive, send)
  File "/Users/oemer.demirel/ftoken-lst-sims/venv/lib/python3.11/site-packages/starlette/routing.py", line 290, in handle
    await self.app(scope, receive, send)
  File "/Users/oemer.demirel/ftoken-lst-sims/venv/lib/python3.11/site-packages/fastapi/routing.py", line 119, in app
    await wrap_app_handling_exceptions(app, request)(scope, receive, send)
  File "/Users/oemer.demirel/ftoken-lst-sims/venv/lib/python3.11/site-packages/starlette/_exception_handler.py", line 53, in wrapped_app
    raise exc
  File "/Users/oemer.demirel/ftoken-lst-sims/venv/lib/python3.11/site-packages/starlette/_exception_handler.py", line 42, in wrapped_app
    await app(scope, receive, sender)
  File "/Users/oemer.demirel/ftoken-lst-sims/venv/lib/python3.11/site-packages/fastapi/routing.py", line 105, in app
    response = await f(request)
               ^^^^^^^^^^^^^^^^
  File "/Users/oemer.demirel/ftoken-lst-sims/venv/lib/python3.11/site-packages/fastapi/routing.py", line 418, in app
    response = actual_response_class(content, **response_args)
               ^^^^^^^^^^^^^^^^^^^^^^^^^^^^^^^^^^^^^^^^^^^^^^^
  File "/Users/oemer.demirel/ftoken-lst-sims/venv/lib/python3.11/site-packages/starlette/responses.py", line 189, in __init__
    super().__init__(content, status_code, headers, media_type, background)
  File "/Users/oemer.demirel/ftoken-lst-sims/venv/lib/python3.11/site-packages/starlette/responses.py", line 46, in __init__
    self.body = self.render(content)
                ^^^^^^^^^^^^^^^^^^^^
  File "/Users/oemer.demirel/ftoken-lst-sims/venv/lib/python3.11/site-packages/starlette/responses.py", line 192, in render
    return json.dumps(
           ^^^^^^^^^^^
  File "/usr/local/Cellar/python@3.11/3.11.12_1/Frameworks/Python.framework/Versions/3.11/lib/python3.11/json/__init__.py", line 238, in dumps
    **kw).encode(obj)
          ^^^^^^^^^^^
  File "/usr/local/Cellar/python@3.11/3.11.12_1/Frameworks/Python.framework/Versions/3.11/lib/python3.11/json/encoder.py", line 200, in encode
    chunks = self.iterencode(o, _one_shot=True)
             ^^^^^^^^^^^^^^^^^^^^^^^^^^^^^^^^^^
  File "/usr/local/Cellar/python@3.11/3.11.12_1/Frameworks/Python.framework/Versions/3.11/lib/python3.11/json/encoder.py", line 258, in iterencode
    return _iterencode(o, 0)
           ^^^^^^^^^^^^^^^^^
ValueError: Out of range float values are not JSON compliant
INFO:     127.0.0.1:56816 - "GET /simulate/cb683634-d1e2-4388-994b-babf7df53310/results HTTP/1.1" 500 Internal Server Error
ERROR:    Exception in ASGI application
Traceback (most recent call last):
  File "/Users/oemer.demirel/ftoken-lst-sims/venv/lib/python3.11/site-packages/uvicorn/protocols/http/h11_impl.py", line 403, in run_asgi
    result = await app(  # type: ignore[func-returns-value]
             ^^^^^^^^^^^^^^^^^^^^^^^^^^^^^^^^^^^^^^^^^^^^^^
  File "/Users/oemer.demirel/ftoken-lst-sims/venv/lib/python3.11/site-packages/uvicorn/middleware/proxy_headers.py", line 60, in __call__
    return await self.app(scope, receive, send)
           ^^^^^^^^^^^^^^^^^^^^^^^^^^^^^^^^^^^^
  File "/Users/oemer.demirel/ftoken-lst-sims/venv/lib/python3.11/site-packages/fastapi/applications.py", line 1139, in __call__
    await super().__call__(scope, receive, send)
  File "/Users/oemer.demirel/ftoken-lst-sims/venv/lib/python3.11/site-packages/starlette/applications.py", line 107, in __call__
    await self.middleware_stack(scope, receive, send)
  File "/Users/oemer.demirel/ftoken-lst-sims/venv/lib/python3.11/site-packages/starlette/middleware/errors.py", line 186, in __call__
    raise exc
  File "/Users/oemer.demirel/ftoken-lst-sims/venv/lib/python3.11/site-packages/starlette/middleware/errors.py", line 164, in __call__
    await self.app(scope, receive, _send)
  File "/Users/oemer.demirel/ftoken-lst-sims/venv/lib/python3.11/site-packages/starlette/middleware/cors.py", line 93, in __call__
    await self.simple_response(scope, receive, send, request_headers=headers)
  File "/Users/oemer.demirel/ftoken-lst-sims/venv/lib/python3.11/site-packages/starlette/middleware/cors.py", line 144, in simple_response
    await self.app(scope, receive, send)
  File "/Users/oemer.demirel/ftoken-lst-sims/venv/lib/python3.11/site-packages/starlette/middleware/exceptions.py", line 63, in __call__
    await wrap_app_handling_exceptions(self.app, conn)(scope, receive, send)
  File "/Users/oemer.demirel/ftoken-lst-sims/venv/lib/python3.11/site-packages/starlette/_exception_handler.py", line 53, in wrapped_app
    raise exc
  File "/Users/oemer.demirel/ftoken-lst-sims/venv/lib/python3.11/site-packages/starlette/_exception_handler.py", line 42, in wrapped_app
    await app(scope, receive, sender)
  File "/Users/oemer.demirel/ftoken-lst-sims/venv/lib/python3.11/site-packages/fastapi/middleware/asyncexitstack.py", line 18, in __call__
    await self.app(scope, receive, send)
  File "/Users/oemer.demirel/ftoken-lst-sims/venv/lib/python3.11/site-packages/starlette/routing.py", line 716, in __call__
    await self.middleware_stack(scope, receive, send)
  File "/Users/oemer.demirel/ftoken-lst-sims/venv/lib/python3.11/site-packages/starlette/routing.py", line 736, in app
    await route.handle(scope, receive, send)
  File "/Users/oemer.demirel/ftoken-lst-sims/venv/lib/python3.11/site-packages/starlette/routing.py", line 290, in handle
    await self.app(scope, receive, send)
  File "/Users/oemer.demirel/ftoken-lst-sims/venv/lib/python3.11/site-packages/fastapi/routing.py", line 119, in app
    await wrap_app_handling_exceptions(app, request)(scope, receive, send)
  File "/Users/oemer.demirel/ftoken-lst-sims/venv/lib/python3.11/site-packages/starlette/_exception_handler.py", line 53, in wrapped_app
    raise exc
  File "/Users/oemer.demirel/ftoken-lst-sims/venv/lib/python3.11/site-packages/starlette/_exception_handler.py", line 42, in wrapped_app
    await app(scope, receive, sender)
  File "/Users/oemer.demirel/ftoken-lst-sims/venv/lib/python3.11/site-packages/fastapi/routing.py", line 105, in app
    response = await f(request)
               ^^^^^^^^^^^^^^^^
  File "/Users/oemer.demirel/ftoken-lst-sims/venv/lib/python3.11/site-packages/fastapi/routing.py", line 418, in app
    response = actual_response_class(content, **response_args)
               ^^^^^^^^^^^^^^^^^^^^^^^^^^^^^^^^^^^^^^^^^^^^^^^
  File "/Users/oemer.demirel/ftoken-lst-sims/venv/lib/python3.11/site-packages/starlette/responses.py", line 189, in __init__
    super().__init__(content, status_code, headers, media_type, background)
  File "/Users/oemer.demirel/ftoken-lst-sims/venv/lib/python3.11/site-packages/starlette/responses.py", line 46, in __init__
    self.body = self.render(content)
                ^^^^^^^^^^^^^^^^^^^^
  File "/Users/oemer.demirel/ftoken-lst-sims/venv/lib/python3.11/site-packages/starlette/responses.py", line 192, in render
    return json.dumps(
           ^^^^^^^^^^^
  File "/usr/local/Cellar/python@3.11/3.11.12_1/Frameworks/Python.framework/Versions/3.11/lib/python3.11/json/__init__.py", line 238, in dumps
    **kw).encode(obj)
          ^^^^^^^^^^^
  File "/usr/local/Cellar/python@3.11/3.11.12_1/Frameworks/Python.framework/Versions/3.11/lib/python3.11/json/encoder.py", line 200, in encode
    chunks = self.iterencode(o, _one_shot=True)
             ^^^^^^^^^^^^^^^^^^^^^^^^^^^^^^^^^^
  File "/usr/local/Cellar/python@3.11/3.11.12_1/Frameworks/Python.framework/Versions/3.11/lib/python3.11/json/encoder.py", line 258, in iterencode
    return _iterencode(o, 0)
           ^^^^^^^^^^^^^^^^^
ValueError: Out of range float values are not JSON compliant
INFO:     127.0.0.1:56820 - "GET /simulate/cb683634-d1e2-4388-994b-babf7df53310/results HTTP/1.1" 500 Internal Server Error
ERROR:    Exception in ASGI application
Traceback (most recent call last):
  File "/Users/oemer.demirel/ftoken-lst-sims/venv/lib/python3.11/site-packages/uvicorn/protocols/http/h11_impl.py", line 403, in run_asgi
    result = await app(  # type: ignore[func-returns-value]
             ^^^^^^^^^^^^^^^^^^^^^^^^^^^^^^^^^^^^^^^^^^^^^^
  File "/Users/oemer.demirel/ftoken-lst-sims/venv/lib/python3.11/site-packages/uvicorn/middleware/proxy_headers.py", line 60, in __call__
    return await self.app(scope, receive, send)
           ^^^^^^^^^^^^^^^^^^^^^^^^^^^^^^^^^^^^
  File "/Users/oemer.demirel/ftoken-lst-sims/venv/lib/python3.11/site-packages/fastapi/applications.py", line 1139, in __call__
    await super().__call__(scope, receive, send)
  File "/Users/oemer.demirel/ftoken-lst-sims/venv/lib/python3.11/site-packages/starlette/applications.py", line 107, in __call__
    await self.middleware_stack(scope, receive, send)
  File "/Users/oemer.demirel/ftoken-lst-sims/venv/lib/python3.11/site-packages/starlette/middleware/errors.py", line 186, in __call__
    raise exc
  File "/Users/oemer.demirel/ftoken-lst-sims/venv/lib/python3.11/site-packages/starlette/middleware/errors.py", line 164, in __call__
    await self.app(scope, receive, _send)
  File "/Users/oemer.demirel/ftoken-lst-sims/venv/lib/python3.11/site-packages/starlette/middleware/cors.py", line 93, in __call__
    await self.simple_response(scope, receive, send, request_headers=headers)
  File "/Users/oemer.demirel/ftoken-lst-sims/venv/lib/python3.11/site-packages/starlette/middleware/cors.py", line 144, in simple_response
    await self.app(scope, receive, send)
  File "/Users/oemer.demirel/ftoken-lst-sims/venv/lib/python3.11/site-packages/starlette/middleware/exceptions.py", line 63, in __call__
    await wrap_app_handling_exceptions(self.app, conn)(scope, receive, send)
  File "/Users/oemer.demirel/ftoken-lst-sims/venv/lib/python3.11/site-packages/starlette/_exception_handler.py", line 53, in wrapped_app
    raise exc
  File "/Users/oemer.demirel/ftoken-lst-sims/venv/lib/python3.11/site-packages/starlette/_exception_handler.py", line 42, in wrapped_app
    await app(scope, receive, sender)
  File "/Users/oemer.demirel/ftoken-lst-sims/venv/lib/python3.11/site-packages/fastapi/middleware/asyncexitstack.py", line 18, in __call__
    await self.app(scope, receive, send)
  File "/Users/oemer.demirel/ftoken-lst-sims/venv/lib/python3.11/site-packages/starlette/routing.py", line 716, in __call__
    await self.middleware_stack(scope, receive, send)
  File "/Users/oemer.demirel/ftoken-lst-sims/venv/lib/python3.11/site-packages/starlette/routing.py", line 736, in app
    await route.handle(scope, receive, send)
  File "/Users/oemer.demirel/ftoken-lst-sims/venv/lib/python3.11/site-packages/starlette/routing.py", line 290, in handle
    await self.app(scope, receive, send)
  File "/Users/oemer.demirel/ftoken-lst-sims/venv/lib/python3.11/site-packages/fastapi/routing.py", line 119, in app
    await wrap_app_handling_exceptions(app, request)(scope, receive, send)
  File "/Users/oemer.demirel/ftoken-lst-sims/venv/lib/python3.11/site-packages/starlette/_exception_handler.py", line 53, in wrapped_app
    raise exc
  File "/Users/oemer.demirel/ftoken-lst-sims/venv/lib/python3.11/site-packages/starlette/_exception_handler.py", line 42, in wrapped_app
    await app(scope, receive, sender)
  File "/Users/oemer.demirel/ftoken-lst-sims/venv/lib/python3.11/site-packages/fastapi/routing.py", line 105, in app
    response = await f(request)
               ^^^^^^^^^^^^^^^^
  File "/Users/oemer.demirel/ftoken-lst-sims/venv/lib/python3.11/site-packages/fastapi/routing.py", line 418, in app
    response = actual_response_class(content, **response_args)
               ^^^^^^^^^^^^^^^^^^^^^^^^^^^^^^^^^^^^^^^^^^^^^^^
  File "/Users/oemer.demirel/ftoken-lst-sims/venv/lib/python3.11/site-packages/starlette/responses.py", line 189, in __init__
    super().__init__(content, status_code, headers, media_type, background)
  File "/Users/oemer.demirel/ftoken-lst-sims/venv/lib/python3.11/site-packages/starlette/responses.py", line 46, in __init__
    self.body = self.render(content)
                ^^^^^^^^^^^^^^^^^^^^
  File "/Users/oemer.demirel/ftoken-lst-sims/venv/lib/python3.11/site-packages/starlette/responses.py", line 192, in render
    return json.dumps(
           ^^^^^^^^^^^
  File "/usr/local/Cellar/python@3.11/3.11.12_1/Frameworks/Python.framework/Versions/3.11/lib/python3.11/json/__init__.py", line 238, in dumps
    **kw).encode(obj)
          ^^^^^^^^^^^
  File "/usr/local/Cellar/python@3.11/3.11.12_1/Frameworks/Python.framework/Versions/3.11/lib/python3.11/json/encoder.py", line 200, in encode
    chunks = self.iterencode(o, _one_shot=True)
             ^^^^^^^^^^^^^^^^^^^^^^^^^^^^^^^^^^
  File "/usr/local/Cellar/python@3.11/3.11.12_1/Frameworks/Python.framework/Versions/3.11/lib/python3.11/json/encoder.py", line 258, in iterencode
    return _iterencode(o, 0)
           ^^^^^^^^^^^^^^^^^
ValueError: Out of range float values are not JSON compliant
INFO:     127.0.0.1:56822 - "GET /simulate/cb683634-d1e2-4388-994b-babf7df53310/results HTTP/1.1" 500 Internal Server Error
ERROR:    Exception in ASGI application
Traceback (most recent call last):
  File "/Users/oemer.demirel/ftoken-lst-sims/venv/lib/python3.11/site-packages/uvicorn/protocols/http/h11_impl.py", line 403, in run_asgi
    result = await app(  # type: ignore[func-returns-value]
             ^^^^^^^^^^^^^^^^^^^^^^^^^^^^^^^^^^^^^^^^^^^^^^
  File "/Users/oemer.demirel/ftoken-lst-sims/venv/lib/python3.11/site-packages/uvicorn/middleware/proxy_headers.py", line 60, in __call__
    return await self.app(scope, receive, send)
           ^^^^^^^^^^^^^^^^^^^^^^^^^^^^^^^^^^^^
  File "/Users/oemer.demirel/ftoken-lst-sims/venv/lib/python3.11/site-packages/fastapi/applications.py", line 1139, in __call__
    await super().__call__(scope, receive, send)
  File "/Users/oemer.demirel/ftoken-lst-sims/venv/lib/python3.11/site-packages/starlette/applications.py", line 107, in __call__
    await self.middleware_stack(scope, receive, send)
  File "/Users/oemer.demirel/ftoken-lst-sims/venv/lib/python3.11/site-packages/starlette/middleware/errors.py", line 186, in __call__
    raise exc
  File "/Users/oemer.demirel/ftoken-lst-sims/venv/lib/python3.11/site-packages/starlette/middleware/errors.py", line 164, in __call__
    await self.app(scope, receive, _send)
  File "/Users/oemer.demirel/ftoken-lst-sims/venv/lib/python3.11/site-packages/starlette/middleware/cors.py", line 93, in __call__
    await self.simple_response(scope, receive, send, request_headers=headers)
  File "/Users/oemer.demirel/ftoken-lst-sims/venv/lib/python3.11/site-packages/starlette/middleware/cors.py", line 144, in simple_response
    await self.app(scope, receive, send)
  File "/Users/oemer.demirel/ftoken-lst-sims/venv/lib/python3.11/site-packages/starlette/middleware/exceptions.py", line 63, in __call__
    await wrap_app_handling_exceptions(self.app, conn)(scope, receive, send)
  File "/Users/oemer.demirel/ftoken-lst-sims/venv/lib/python3.11/site-packages/starlette/_exception_handler.py", line 53, in wrapped_app
    raise exc
  File "/Users/oemer.demirel/ftoken-lst-sims/venv/lib/python3.11/site-packages/starlette/_exception_handler.py", line 42, in wrapped_app
    await app(scope, receive, sender)
  File "/Users/oemer.demirel/ftoken-lst-sims/venv/lib/python3.11/site-packages/fastapi/middleware/asyncexitstack.py", line 18, in __call__
    await self.app(scope, receive, send)
  File "/Users/oemer.demirel/ftoken-lst-sims/venv/lib/python3.11/site-packages/starlette/routing.py", line 716, in __call__
    await self.middleware_stack(scope, receive, send)
  File "/Users/oemer.demirel/ftoken-lst-sims/venv/lib/python3.11/site-packages/starlette/routing.py", line 736, in app
    await route.handle(scope, receive, send)
  File "/Users/oemer.demirel/ftoken-lst-sims/venv/lib/python3.11/site-packages/starlette/routing.py", line 290, in handle
    await self.app(scope, receive, send)
  File "/Users/oemer.demirel/ftoken-lst-sims/venv/lib/python3.11/site-packages/fastapi/routing.py", line 119, in app
    await wrap_app_handling_exceptions(app, request)(scope, receive, send)
  File "/Users/oemer.demirel/ftoken-lst-sims/venv/lib/python3.11/site-packages/starlette/_exception_handler.py", line 53, in wrapped_app
    raise exc
  File "/Users/oemer.demirel/ftoken-lst-sims/venv/lib/python3.11/site-packages/starlette/_exception_handler.py", line 42, in wrapped_app
    await app(scope, receive, sender)
  File "/Users/oemer.demirel/ftoken-lst-sims/venv/lib/python3.11/site-packages/fastapi/routing.py", line 105, in app
    response = await f(request)
               ^^^^^^^^^^^^^^^^
  File "/Users/oemer.demirel/ftoken-lst-sims/venv/lib/python3.11/site-packages/fastapi/routing.py", line 418, in app
    response = actual_response_class(content, **response_args)
               ^^^^^^^^^^^^^^^^^^^^^^^^^^^^^^^^^^^^^^^^^^^^^^^
  File "/Users/oemer.demirel/ftoken-lst-sims/venv/lib/python3.11/site-packages/starlette/responses.py", line 189, in __init__
    super().__init__(content, status_code, headers, media_type, background)
  File "/Users/oemer.demirel/ftoken-lst-sims/venv/lib/python3.11/site-packages/starlette/responses.py", line 46, in __init__
    self.body = self.render(content)
                ^^^^^^^^^^^^^^^^^^^^
  File "/Users/oemer.demirel/ftoken-lst-sims/venv/lib/python3.11/site-packages/starlette/responses.py", line 192, in render
    return json.dumps(
           ^^^^^^^^^^^
  File "/usr/local/Cellar/python@3.11/3.11.12_1/Frameworks/Python.framework/Versions/3.11/lib/python3.11/json/__init__.py", line 238, in dumps
    **kw).encode(obj)
          ^^^^^^^^^^^
  File "/usr/local/Cellar/python@3.11/3.11.12_1/Frameworks/Python.framework/Versions/3.11/lib/python3.11/json/encoder.py", line 200, in encode
    chunks = self.iterencode(o, _one_shot=True)
             ^^^^^^^^^^^^^^^^^^^^^^^^^^^^^^^^^^
  File "/usr/local/Cellar/python@3.11/3.11.12_1/Frameworks/Python.framework/Versions/3.11/lib/python3.11/json/encoder.py", line 258, in iterencode
    return _iterencode(o, 0)
           ^^^^^^^^^^^^^^^^^
ValueError: Out of range float values are not JSON compliant
INFO:     127.0.0.1:56824 - "GET /simulate/cb683634-d1e2-4388-994b-babf7df53310/results HTTP/1.1" 500 Internal Server Error
ERROR:    Exception in ASGI application
Traceback (most recent call last):
  File "/Users/oemer.demirel/ftoken-lst-sims/venv/lib/python3.11/site-packages/uvicorn/protocols/http/h11_impl.py", line 403, in run_asgi
    result = await app(  # type: ignore[func-returns-value]
             ^^^^^^^^^^^^^^^^^^^^^^^^^^^^^^^^^^^^^^^^^^^^^^
  File "/Users/oemer.demirel/ftoken-lst-sims/venv/lib/python3.11/site-packages/uvicorn/middleware/proxy_headers.py", line 60, in __call__
    return await self.app(scope, receive, send)
           ^^^^^^^^^^^^^^^^^^^^^^^^^^^^^^^^^^^^
  File "/Users/oemer.demirel/ftoken-lst-sims/venv/lib/python3.11/site-packages/fastapi/applications.py", line 1139, in __call__
    await super().__call__(scope, receive, send)
  File "/Users/oemer.demirel/ftoken-lst-sims/venv/lib/python3.11/site-packages/starlette/applications.py", line 107, in __call__
    await self.middleware_stack(scope, receive, send)
  File "/Users/oemer.demirel/ftoken-lst-sims/venv/lib/python3.11/site-packages/starlette/middleware/errors.py", line 186, in __call__
    raise exc
  File "/Users/oemer.demirel/ftoken-lst-sims/venv/lib/python3.11/site-packages/starlette/middleware/errors.py", line 164, in __call__
    await self.app(scope, receive, _send)
  File "/Users/oemer.demirel/ftoken-lst-sims/venv/lib/python3.11/site-packages/starlette/middleware/cors.py", line 93, in __call__
    await self.simple_response(scope, receive, send, request_headers=headers)
  File "/Users/oemer.demirel/ftoken-lst-sims/venv/lib/python3.11/site-packages/starlette/middleware/cors.py", line 144, in simple_response
    await self.app(scope, receive, send)
  File "/Users/oemer.demirel/ftoken-lst-sims/venv/lib/python3.11/site-packages/starlette/middleware/exceptions.py", line 63, in __call__
    await wrap_app_handling_exceptions(self.app, conn)(scope, receive, send)
  File "/Users/oemer.demirel/ftoken-lst-sims/venv/lib/python3.11/site-packages/starlette/_exception_handler.py", line 53, in wrapped_app
    raise exc
  File "/Users/oemer.demirel/ftoken-lst-sims/venv/lib/python3.11/site-packages/starlette/_exception_handler.py", line 42, in wrapped_app
    await app(scope, receive, sender)
  File "/Users/oemer.demirel/ftoken-lst-sims/venv/lib/python3.11/site-packages/fastapi/middleware/asyncexitstack.py", line 18, in __call__
    await self.app(scope, receive, send)
  File "/Users/oemer.demirel/ftoken-lst-sims/venv/lib/python3.11/site-packages/starlette/routing.py", line 716, in __call__
    await self.middleware_stack(scope, receive, send)
  File "/Users/oemer.demirel/ftoken-lst-sims/venv/lib/python3.11/site-packages/starlette/routing.py", line 736, in app
    await route.handle(scope, receive, send)
  File "/Users/oemer.demirel/ftoken-lst-sims/venv/lib/python3.11/site-packages/starlette/routing.py", line 290, in handle
    await self.app(scope, receive, send)
  File "/Users/oemer.demirel/ftoken-lst-sims/venv/lib/python3.11/site-packages/fastapi/routing.py", line 119, in app
    await wrap_app_handling_exceptions(app, request)(scope, receive, send)
  File "/Users/oemer.demirel/ftoken-lst-sims/venv/lib/python3.11/site-packages/starlette/_exception_handler.py", line 53, in wrapped_app
    raise exc
  File "/Users/oemer.demirel/ftoken-lst-sims/venv/lib/python3.11/site-packages/starlette/_exception_handler.py", line 42, in wrapped_app
    await app(scope, receive, sender)
  File "/Users/oemer.demirel/ftoken-lst-sims/venv/lib/python3.11/site-packages/fastapi/routing.py", line 105, in app
    response = await f(request)
               ^^^^^^^^^^^^^^^^
  File "/Users/oemer.demirel/ftoken-lst-sims/venv/lib/python3.11/site-packages/fastapi/routing.py", line 418, in app
    response = actual_response_class(content, **response_args)
               ^^^^^^^^^^^^^^^^^^^^^^^^^^^^^^^^^^^^^^^^^^^^^^^
  File "/Users/oemer.demirel/ftoken-lst-sims/venv/lib/python3.11/site-packages/starlette/responses.py", line 189, in __init__
    super().__init__(content, status_code, headers, media_type, background)
  File "/Users/oemer.demirel/ftoken-lst-sims/venv/lib/python3.11/site-packages/starlette/responses.py", line 46, in __init__
    self.body = self.render(content)
                ^^^^^^^^^^^^^^^^^^^^
  File "/Users/oemer.demirel/ftoken-lst-sims/venv/lib/python3.11/site-packages/starlette/responses.py", line 192, in render
    return json.dumps(
           ^^^^^^^^^^^
  File "/usr/local/Cellar/python@3.11/3.11.12_1/Frameworks/Python.framework/Versions/3.11/lib/python3.11/json/__init__.py", line 238, in dumps
    **kw).encode(obj)
          ^^^^^^^^^^^
  File "/usr/local/Cellar/python@3.11/3.11.12_1/Frameworks/Python.framework/Versions/3.11/lib/python3.11/json/encoder.py", line 200, in encode
    chunks = self.iterencode(o, _one_shot=True)
             ^^^^^^^^^^^^^^^^^^^^^^^^^^^^^^^^^^
  File "/usr/local/Cellar/python@3.11/3.11.12_1/Frameworks/Python.framework/Versions/3.11/lib/python3.11/json/encoder.py", line 258, in iterencode
    return _iterencode(o, 0)
           ^^^^^^^^^^^^^^^^^
ValueError: Out of range float values are not JSON compliant
INFO:     127.0.0.1:56827 - "GET /simulate/cb683634-d1e2-4388-994b-babf7df53310/results HTTP/1.1" 500 Internal Server Error
ERROR:    Exception in ASGI application
Traceback (most recent call last):
  File "/Users/oemer.demirel/ftoken-lst-sims/venv/lib/python3.11/site-packages/uvicorn/protocols/http/h11_impl.py", line 403, in run_asgi
    result = await app(  # type: ignore[func-returns-value]
             ^^^^^^^^^^^^^^^^^^^^^^^^^^^^^^^^^^^^^^^^^^^^^^
  File "/Users/oemer.demirel/ftoken-lst-sims/venv/lib/python3.11/site-packages/uvicorn/middleware/proxy_headers.py", line 60, in __call__
    return await self.app(scope, receive, send)
           ^^^^^^^^^^^^^^^^^^^^^^^^^^^^^^^^^^^^
  File "/Users/oemer.demirel/ftoken-lst-sims/venv/lib/python3.11/site-packages/fastapi/applications.py", line 1139, in __call__
    await super().__call__(scope, receive, send)
  File "/Users/oemer.demirel/ftoken-lst-sims/venv/lib/python3.11/site-packages/starlette/applications.py", line 107, in __call__
    await self.middleware_stack(scope, receive, send)
  File "/Users/oemer.demirel/ftoken-lst-sims/venv/lib/python3.11/site-packages/starlette/middleware/errors.py", line 186, in __call__
    raise exc
  File "/Users/oemer.demirel/ftoken-lst-sims/venv/lib/python3.11/site-packages/starlette/middleware/errors.py", line 164, in __call__
    await self.app(scope, receive, _send)
  File "/Users/oemer.demirel/ftoken-lst-sims/venv/lib/python3.11/site-packages/starlette/middleware/cors.py", line 93, in __call__
    await self.simple_response(scope, receive, send, request_headers=headers)
  File "/Users/oemer.demirel/ftoken-lst-sims/venv/lib/python3.11/site-packages/starlette/middleware/cors.py", line 144, in simple_response
    await self.app(scope, receive, send)
  File "/Users/oemer.demirel/ftoken-lst-sims/venv/lib/python3.11/site-packages/starlette/middleware/exceptions.py", line 63, in __call__
    await wrap_app_handling_exceptions(self.app, conn)(scope, receive, send)
  File "/Users/oemer.demirel/ftoken-lst-sims/venv/lib/python3.11/site-packages/starlette/_exception_handler.py", line 53, in wrapped_app
    raise exc
  File "/Users/oemer.demirel/ftoken-lst-sims/venv/lib/python3.11/site-packages/starlette/_exception_handler.py", line 42, in wrapped_app
    await app(scope, receive, sender)
  File "/Users/oemer.demirel/ftoken-lst-sims/venv/lib/python3.11/site-packages/fastapi/middleware/asyncexitstack.py", line 18, in __call__
    await self.app(scope, receive, send)
  File "/Users/oemer.demirel/ftoken-lst-sims/venv/lib/python3.11/site-packages/starlette/routing.py", line 716, in __call__
    await self.middleware_stack(scope, receive, send)
  File "/Users/oemer.demirel/ftoken-lst-sims/venv/lib/python3.11/site-packages/starlette/routing.py", line 736, in app
    await route.handle(scope, receive, send)
  File "/Users/oemer.demirel/ftoken-lst-sims/venv/lib/python3.11/site-packages/starlette/routing.py", line 290, in handle
    await self.app(scope, receive, send)
  File "/Users/oemer.demirel/ftoken-lst-sims/venv/lib/python3.11/site-packages/fastapi/routing.py", line 119, in app
    await wrap_app_handling_exceptions(app, request)(scope, receive, send)
  File "/Users/oemer.demirel/ftoken-lst-sims/venv/lib/python3.11/site-packages/starlette/_exception_handler.py", line 53, in wrapped_app
    raise exc
  File "/Users/oemer.demirel/ftoken-lst-sims/venv/lib/python3.11/site-packages/starlette/_exception_handler.py", line 42, in wrapped_app
    await app(scope, receive, sender)
  File "/Users/oemer.demirel/ftoken-lst-sims/venv/lib/python3.11/site-packages/fastapi/routing.py", line 105, in app
    response = await f(request)
               ^^^^^^^^^^^^^^^^
  File "/Users/oemer.demirel/ftoken-lst-sims/venv/lib/python3.11/site-packages/fastapi/routing.py", line 418, in app
    response = actual_response_class(content, **response_args)
               ^^^^^^^^^^^^^^^^^^^^^^^^^^^^^^^^^^^^^^^^^^^^^^^
  File "/Users/oemer.demirel/ftoken-lst-sims/venv/lib/python3.11/site-packages/starlette/responses.py", line 189, in __init__
    super().__init__(content, status_code, headers, media_type, background)
  File "/Users/oemer.demirel/ftoken-lst-sims/venv/lib/python3.11/site-packages/starlette/responses.py", line 46, in __init__
    self.body = self.render(content)
                ^^^^^^^^^^^^^^^^^^^^
  File "/Users/oemer.demirel/ftoken-lst-sims/venv/lib/python3.11/site-packages/starlette/responses.py", line 192, in render
    return json.dumps(
           ^^^^^^^^^^^
  File "/usr/local/Cellar/python@3.11/3.11.12_1/Frameworks/Python.framework/Versions/3.11/lib/python3.11/json/__init__.py", line 238, in dumps
    **kw).encode(obj)
          ^^^^^^^^^^^
  File "/usr/local/Cellar/python@3.11/3.11.12_1/Frameworks/Python.framework/Versions/3.11/lib/python3.11/json/encoder.py", line 200, in encode
    chunks = self.iterencode(o, _one_shot=True)
             ^^^^^^^^^^^^^^^^^^^^^^^^^^^^^^^^^^
  File "/usr/local/Cellar/python@3.11/3.11.12_1/Frameworks/Python.framework/Versions/3.11/lib/python3.11/json/encoder.py", line 258, in iterencode
    return _iterencode(o, 0)
           ^^^^^^^^^^^^^^^^^
ValueError: Out of range float values are not JSON compliant
INFO:     127.0.0.1:56829 - "GET /simulate/cb683634-d1e2-4388-994b-babf7df53310/results HTTP/1.1" 500 Internal Server Error
ERROR:    Exception in ASGI application
Traceback (most recent call last):
  File "/Users/oemer.demirel/ftoken-lst-sims/venv/lib/python3.11/site-packages/uvicorn/protocols/http/h11_impl.py", line 403, in run_asgi
    result = await app(  # type: ignore[func-returns-value]
             ^^^^^^^^^^^^^^^^^^^^^^^^^^^^^^^^^^^^^^^^^^^^^^
  File "/Users/oemer.demirel/ftoken-lst-sims/venv/lib/python3.11/site-packages/uvicorn/middleware/proxy_headers.py", line 60, in __call__
    return await self.app(scope, receive, send)
           ^^^^^^^^^^^^^^^^^^^^^^^^^^^^^^^^^^^^
  File "/Users/oemer.demirel/ftoken-lst-sims/venv/lib/python3.11/site-packages/fastapi/applications.py", line 1139, in __call__
    await super().__call__(scope, receive, send)
  File "/Users/oemer.demirel/ftoken-lst-sims/venv/lib/python3.11/site-packages/starlette/applications.py", line 107, in __call__
    await self.middleware_stack(scope, receive, send)
  File "/Users/oemer.demirel/ftoken-lst-sims/venv/lib/python3.11/site-packages/starlette/middleware/errors.py", line 186, in __call__
    raise exc
  File "/Users/oemer.demirel/ftoken-lst-sims/venv/lib/python3.11/site-packages/starlette/middleware/errors.py", line 164, in __call__
    await self.app(scope, receive, _send)
  File "/Users/oemer.demirel/ftoken-lst-sims/venv/lib/python3.11/site-packages/starlette/middleware/cors.py", line 93, in __call__
    await self.simple_response(scope, receive, send, request_headers=headers)
  File "/Users/oemer.demirel/ftoken-lst-sims/venv/lib/python3.11/site-packages/starlette/middleware/cors.py", line 144, in simple_response
    await self.app(scope, receive, send)
  File "/Users/oemer.demirel/ftoken-lst-sims/venv/lib/python3.11/site-packages/starlette/middleware/exceptions.py", line 63, in __call__
    await wrap_app_handling_exceptions(self.app, conn)(scope, receive, send)
  File "/Users/oemer.demirel/ftoken-lst-sims/venv/lib/python3.11/site-packages/starlette/_exception_handler.py", line 53, in wrapped_app
    raise exc
  File "/Users/oemer.demirel/ftoken-lst-sims/venv/lib/python3.11/site-packages/starlette/_exception_handler.py", line 42, in wrapped_app
    await app(scope, receive, sender)
  File "/Users/oemer.demirel/ftoken-lst-sims/venv/lib/python3.11/site-packages/fastapi/middleware/asyncexitstack.py", line 18, in __call__
    await self.app(scope, receive, send)
  File "/Users/oemer.demirel/ftoken-lst-sims/venv/lib/python3.11/site-packages/starlette/routing.py", line 716, in __call__
    await self.middleware_stack(scope, receive, send)
  File "/Users/oemer.demirel/ftoken-lst-sims/venv/lib/python3.11/site-packages/starlette/routing.py", line 736, in app
    await route.handle(scope, receive, send)
  File "/Users/oemer.demirel/ftoken-lst-sims/venv/lib/python3.11/site-packages/starlette/routing.py", line 290, in handle
    await self.app(scope, receive, send)
  File "/Users/oemer.demirel/ftoken-lst-sims/venv/lib/python3.11/site-packages/fastapi/routing.py", line 119, in app
    await wrap_app_handling_exceptions(app, request)(scope, receive, send)
  File "/Users/oemer.demirel/ftoken-lst-sims/venv/lib/python3.11/site-packages/starlette/_exception_handler.py", line 53, in wrapped_app
    raise exc
  File "/Users/oemer.demirel/ftoken-lst-sims/venv/lib/python3.11/site-packages/starlette/_exception_handler.py", line 42, in wrapped_app
    await app(scope, receive, sender)
  File "/Users/oemer.demirel/ftoken-lst-sims/venv/lib/python3.11/site-packages/fastapi/routing.py", line 105, in app
    response = await f(request)
               ^^^^^^^^^^^^^^^^
  File "/Users/oemer.demirel/ftoken-lst-sims/venv/lib/python3.11/site-packages/fastapi/routing.py", line 418, in app
    response = actual_response_class(content, **response_args)
               ^^^^^^^^^^^^^^^^^^^^^^^^^^^^^^^^^^^^^^^^^^^^^^^
  File "/Users/oemer.demirel/ftoken-lst-sims/venv/lib/python3.11/site-packages/starlette/responses.py", line 189, in __init__
    super().__init__(content, status_code, headers, media_type, background)
  File "/Users/oemer.demirel/ftoken-lst-sims/venv/lib/python3.11/site-packages/starlette/responses.py", line 46, in __init__
    self.body = self.render(content)
                ^^^^^^^^^^^^^^^^^^^^
  File "/Users/oemer.demirel/ftoken-lst-sims/venv/lib/python3.11/site-packages/starlette/responses.py", line 192, in render
    return json.dumps(
           ^^^^^^^^^^^
  File "/usr/local/Cellar/python@3.11/3.11.12_1/Frameworks/Python.framework/Versions/3.11/lib/python3.11/json/__init__.py", line 238, in dumps
    **kw).encode(obj)
          ^^^^^^^^^^^
  File "/usr/local/Cellar/python@3.11/3.11.12_1/Frameworks/Python.framework/Versions/3.11/lib/python3.11/json/encoder.py", line 200, in encode
    chunks = self.iterencode(o, _one_shot=True)
             ^^^^^^^^^^^^^^^^^^^^^^^^^^^^^^^^^^
  File "/usr/local/Cellar/python@3.11/3.11.12_1/Frameworks/Python.framework/Versions/3.11/lib/python3.11/json/encoder.py", line 258, in iterencode
    return _iterencode(o, 0)
           ^^^^^^^^^^^^^^^^^
ValueError: Out of range float values are not JSON compliant
INFO:     127.0.0.1:56832 - "GET /simulate/cb683634-d1e2-4388-994b-babf7df53310/results HTTP/1.1" 500 Internal Server Error
ERROR:    Exception in ASGI application
Traceback (most recent call last):
  File "/Users/oemer.demirel/ftoken-lst-sims/venv/lib/python3.11/site-packages/uvicorn/protocols/http/h11_impl.py", line 403, in run_asgi
    result = await app(  # type: ignore[func-returns-value]
             ^^^^^^^^^^^^^^^^^^^^^^^^^^^^^^^^^^^^^^^^^^^^^^
  File "/Users/oemer.demirel/ftoken-lst-sims/venv/lib/python3.11/site-packages/uvicorn/middleware/proxy_headers.py", line 60, in __call__
    return await self.app(scope, receive, send)
           ^^^^^^^^^^^^^^^^^^^^^^^^^^^^^^^^^^^^
  File "/Users/oemer.demirel/ftoken-lst-sims/venv/lib/python3.11/site-packages/fastapi/applications.py", line 1139, in __call__
    await super().__call__(scope, receive, send)
  File "/Users/oemer.demirel/ftoken-lst-sims/venv/lib/python3.11/site-packages/starlette/applications.py", line 107, in __call__
    await self.middleware_stack(scope, receive, send)
  File "/Users/oemer.demirel/ftoken-lst-sims/venv/lib/python3.11/site-packages/starlette/middleware/errors.py", line 186, in __call__
    raise exc
  File "/Users/oemer.demirel/ftoken-lst-sims/venv/lib/python3.11/site-packages/starlette/middleware/errors.py", line 164, in __call__
    await self.app(scope, receive, _send)
  File "/Users/oemer.demirel/ftoken-lst-sims/venv/lib/python3.11/site-packages/starlette/middleware/cors.py", line 93, in __call__
    await self.simple_response(scope, receive, send, request_headers=headers)
  File "/Users/oemer.demirel/ftoken-lst-sims/venv/lib/python3.11/site-packages/starlette/middleware/cors.py", line 144, in simple_response
    await self.app(scope, receive, send)
  File "/Users/oemer.demirel/ftoken-lst-sims/venv/lib/python3.11/site-packages/starlette/middleware/exceptions.py", line 63, in __call__
    await wrap_app_handling_exceptions(self.app, conn)(scope, receive, send)
  File "/Users/oemer.demirel/ftoken-lst-sims/venv/lib/python3.11/site-packages/starlette/_exception_handler.py", line 53, in wrapped_app
    raise exc
  File "/Users/oemer.demirel/ftoken-lst-sims/venv/lib/python3.11/site-packages/starlette/_exception_handler.py", line 42, in wrapped_app
    await app(scope, receive, sender)
  File "/Users/oemer.demirel/ftoken-lst-sims/venv/lib/python3.11/site-packages/fastapi/middleware/asyncexitstack.py", line 18, in __call__
    await self.app(scope, receive, send)
  File "/Users/oemer.demirel/ftoken-lst-sims/venv/lib/python3.11/site-packages/starlette/routing.py", line 716, in __call__
    await self.middleware_stack(scope, receive, send)
  File "/Users/oemer.demirel/ftoken-lst-sims/venv/lib/python3.11/site-packages/starlette/routing.py", line 736, in app
    await route.handle(scope, receive, send)
  File "/Users/oemer.demirel/ftoken-lst-sims/venv/lib/python3.11/site-packages/starlette/routing.py", line 290, in handle
    await self.app(scope, receive, send)
  File "/Users/oemer.demirel/ftoken-lst-sims/venv/lib/python3.11/site-packages/fastapi/routing.py", line 119, in app
    await wrap_app_handling_exceptions(app, request)(scope, receive, send)
  File "/Users/oemer.demirel/ftoken-lst-sims/venv/lib/python3.11/site-packages/starlette/_exception_handler.py", line 53, in wrapped_app
    raise exc
  File "/Users/oemer.demirel/ftoken-lst-sims/venv/lib/python3.11/site-packages/starlette/_exception_handler.py", line 42, in wrapped_app
    await app(scope, receive, sender)
  File "/Users/oemer.demirel/ftoken-lst-sims/venv/lib/python3.11/site-packages/fastapi/routing.py", line 105, in app
    response = await f(request)
               ^^^^^^^^^^^^^^^^
  File "/Users/oemer.demirel/ftoken-lst-sims/venv/lib/python3.11/site-packages/fastapi/routing.py", line 418, in app
    response = actual_response_class(content, **response_args)
               ^^^^^^^^^^^^^^^^^^^^^^^^^^^^^^^^^^^^^^^^^^^^^^^
  File "/Users/oemer.demirel/ftoken-lst-sims/venv/lib/python3.11/site-packages/starlette/responses.py", line 189, in __init__
    super().__init__(content, status_code, headers, media_type, background)
  File "/Users/oemer.demirel/ftoken-lst-sims/venv/lib/python3.11/site-packages/starlette/responses.py", line 46, in __init__
    self.body = self.render(content)
                ^^^^^^^^^^^^^^^^^^^^
  File "/Users/oemer.demirel/ftoken-lst-sims/venv/lib/python3.11/site-packages/starlette/responses.py", line 192, in render
    return json.dumps(
           ^^^^^^^^^^^
  File "/usr/local/Cellar/python@3.11/3.11.12_1/Frameworks/Python.framework/Versions/3.11/lib/python3.11/json/__init__.py", line 238, in dumps
    **kw).encode(obj)
          ^^^^^^^^^^^
  File "/usr/local/Cellar/python@3.11/3.11.12_1/Frameworks/Python.framework/Versions/3.11/lib/python3.11/json/encoder.py", line 200, in encode
    chunks = self.iterencode(o, _one_shot=True)
             ^^^^^^^^^^^^^^^^^^^^^^^^^^^^^^^^^^
  File "/usr/local/Cellar/python@3.11/3.11.12_1/Frameworks/Python.framework/Versions/3.11/lib/python3.11/json/encoder.py", line 258, in iterencode
    return _iterencode(o, 0)
           ^^^^^^^^^^^^^^^^^
ValueError: Out of range float values are not JSON compliant
INFO:     127.0.0.1:56834 - "GET /simulate/cb683634-d1e2-4388-994b-babf7df53310/results HTTP/1.1" 500 Internal Server Error
ERROR:    Exception in ASGI application
Traceback (most recent call last):
  File "/Users/oemer.demirel/ftoken-lst-sims/venv/lib/python3.11/site-packages/uvicorn/protocols/http/h11_impl.py", line 403, in run_asgi
    result = await app(  # type: ignore[func-returns-value]
             ^^^^^^^^^^^^^^^^^^^^^^^^^^^^^^^^^^^^^^^^^^^^^^
  File "/Users/oemer.demirel/ftoken-lst-sims/venv/lib/python3.11/site-packages/uvicorn/middleware/proxy_headers.py", line 60, in __call__
    return await self.app(scope, receive, send)
           ^^^^^^^^^^^^^^^^^^^^^^^^^^^^^^^^^^^^
  File "/Users/oemer.demirel/ftoken-lst-sims/venv/lib/python3.11/site-packages/fastapi/applications.py", line 1139, in __call__
    await super().__call__(scope, receive, send)
  File "/Users/oemer.demirel/ftoken-lst-sims/venv/lib/python3.11/site-packages/starlette/applications.py", line 107, in __call__
    await self.middleware_stack(scope, receive, send)
  File "/Users/oemer.demirel/ftoken-lst-sims/venv/lib/python3.11/site-packages/starlette/middleware/errors.py", line 186, in __call__
    raise exc
  File "/Users/oemer.demirel/ftoken-lst-sims/venv/lib/python3.11/site-packages/starlette/middleware/errors.py", line 164, in __call__
    await self.app(scope, receive, _send)
  File "/Users/oemer.demirel/ftoken-lst-sims/venv/lib/python3.11/site-packages/starlette/middleware/cors.py", line 93, in __call__
    await self.simple_response(scope, receive, send, request_headers=headers)
  File "/Users/oemer.demirel/ftoken-lst-sims/venv/lib/python3.11/site-packages/starlette/middleware/cors.py", line 144, in simple_response
    await self.app(scope, receive, send)
  File "/Users/oemer.demirel/ftoken-lst-sims/venv/lib/python3.11/site-packages/starlette/middleware/exceptions.py", line 63, in __call__
    await wrap_app_handling_exceptions(self.app, conn)(scope, receive, send)
  File "/Users/oemer.demirel/ftoken-lst-sims/venv/lib/python3.11/site-packages/starlette/_exception_handler.py", line 53, in wrapped_app
    raise exc
  File "/Users/oemer.demirel/ftoken-lst-sims/venv/lib/python3.11/site-packages/starlette/_exception_handler.py", line 42, in wrapped_app
    await app(scope, receive, sender)
  File "/Users/oemer.demirel/ftoken-lst-sims/venv/lib/python3.11/site-packages/fastapi/middleware/asyncexitstack.py", line 18, in __call__
    await self.app(scope, receive, send)
  File "/Users/oemer.demirel/ftoken-lst-sims/venv/lib/python3.11/site-packages/starlette/routing.py", line 716, in __call__
    await self.middleware_stack(scope, receive, send)
  File "/Users/oemer.demirel/ftoken-lst-sims/venv/lib/python3.11/site-packages/starlette/routing.py", line 736, in app
    await route.handle(scope, receive, send)
  File "/Users/oemer.demirel/ftoken-lst-sims/venv/lib/python3.11/site-packages/starlette/routing.py", line 290, in handle
    await self.app(scope, receive, send)
  File "/Users/oemer.demirel/ftoken-lst-sims/venv/lib/python3.11/site-packages/fastapi/routing.py", line 119, in app
    await wrap_app_handling_exceptions(app, request)(scope, receive, send)
  File "/Users/oemer.demirel/ftoken-lst-sims/venv/lib/python3.11/site-packages/starlette/_exception_handler.py", line 53, in wrapped_app
    raise exc
  File "/Users/oemer.demirel/ftoken-lst-sims/venv/lib/python3.11/site-packages/starlette/_exception_handler.py", line 42, in wrapped_app
    await app(scope, receive, sender)
  File "/Users/oemer.demirel/ftoken-lst-sims/venv/lib/python3.11/site-packages/fastapi/routing.py", line 105, in app
    response = await f(request)
               ^^^^^^^^^^^^^^^^
  File "/Users/oemer.demirel/ftoken-lst-sims/venv/lib/python3.11/site-packages/fastapi/routing.py", line 418, in app
    response = actual_response_class(content, **response_args)
               ^^^^^^^^^^^^^^^^^^^^^^^^^^^^^^^^^^^^^^^^^^^^^^^
  File "/Users/oemer.demirel/ftoken-lst-sims/venv/lib/python3.11/site-packages/starlette/responses.py", line 189, in __init__
    super().__init__(content, status_code, headers, media_type, background)
  File "/Users/oemer.demirel/ftoken-lst-sims/venv/lib/python3.11/site-packages/starlette/responses.py", line 46, in __init__
    self.body = self.render(content)
                ^^^^^^^^^^^^^^^^^^^^
  File "/Users/oemer.demirel/ftoken-lst-sims/venv/lib/python3.11/site-packages/starlette/responses.py", line 192, in render
    return json.dumps(
           ^^^^^^^^^^^
  File "/usr/local/Cellar/python@3.11/3.11.12_1/Frameworks/Python.framework/Versions/3.11/lib/python3.11/json/__init__.py", line 238, in dumps
    **kw).encode(obj)
          ^^^^^^^^^^^
  File "/usr/local/Cellar/python@3.11/3.11.12_1/Frameworks/Python.framework/Versions/3.11/lib/python3.11/json/encoder.py", line 200, in encode
    chunks = self.iterencode(o, _one_shot=True)
             ^^^^^^^^^^^^^^^^^^^^^^^^^^^^^^^^^^
  File "/usr/local/Cellar/python@3.11/3.11.12_1/Frameworks/Python.framework/Versions/3.11/lib/python3.11/json/encoder.py", line 258, in iterencode
    return _iterencode(o, 0)
           ^^^^^^^^^^^^^^^^^
ValueError: Out of range float values are not JSON compliant
INFO:     127.0.0.1:56837 - "GET /simulate/cb683634-d1e2-4388-994b-babf7df53310/results HTTP/1.1" 500 Internal Server Error
ERROR:    Exception in ASGI application
Traceback (most recent call last):
  File "/Users/oemer.demirel/ftoken-lst-sims/venv/lib/python3.11/site-packages/uvicorn/protocols/http/h11_impl.py", line 403, in run_asgi
    result = await app(  # type: ignore[func-returns-value]
             ^^^^^^^^^^^^^^^^^^^^^^^^^^^^^^^^^^^^^^^^^^^^^^
  File "/Users/oemer.demirel/ftoken-lst-sims/venv/lib/python3.11/site-packages/uvicorn/middleware/proxy_headers.py", line 60, in __call__
    return await self.app(scope, receive, send)
           ^^^^^^^^^^^^^^^^^^^^^^^^^^^^^^^^^^^^
  File "/Users/oemer.demirel/ftoken-lst-sims/venv/lib/python3.11/site-packages/fastapi/applications.py", line 1139, in __call__
    await super().__call__(scope, receive, send)
  File "/Users/oemer.demirel/ftoken-lst-sims/venv/lib/python3.11/site-packages/starlette/applications.py", line 107, in __call__
    await self.middleware_stack(scope, receive, send)
  File "/Users/oemer.demirel/ftoken-lst-sims/venv/lib/python3.11/site-packages/starlette/middleware/errors.py", line 186, in __call__
    raise exc
  File "/Users/oemer.demirel/ftoken-lst-sims/venv/lib/python3.11/site-packages/starlette/middleware/errors.py", line 164, in __call__
    await self.app(scope, receive, _send)
  File "/Users/oemer.demirel/ftoken-lst-sims/venv/lib/python3.11/site-packages/starlette/middleware/cors.py", line 93, in __call__
    await self.simple_response(scope, receive, send, request_headers=headers)
  File "/Users/oemer.demirel/ftoken-lst-sims/venv/lib/python3.11/site-packages/starlette/middleware/cors.py", line 144, in simple_response
    await self.app(scope, receive, send)
  File "/Users/oemer.demirel/ftoken-lst-sims/venv/lib/python3.11/site-packages/starlette/middleware/exceptions.py", line 63, in __call__
    await wrap_app_handling_exceptions(self.app, conn)(scope, receive, send)
  File "/Users/oemer.demirel/ftoken-lst-sims/venv/lib/python3.11/site-packages/starlette/_exception_handler.py", line 53, in wrapped_app
    raise exc
  File "/Users/oemer.demirel/ftoken-lst-sims/venv/lib/python3.11/site-packages/starlette/_exception_handler.py", line 42, in wrapped_app
    await app(scope, receive, sender)
  File "/Users/oemer.demirel/ftoken-lst-sims/venv/lib/python3.11/site-packages/fastapi/middleware/asyncexitstack.py", line 18, in __call__
    await self.app(scope, receive, send)
  File "/Users/oemer.demirel/ftoken-lst-sims/venv/lib/python3.11/site-packages/starlette/routing.py", line 716, in __call__
    await self.middleware_stack(scope, receive, send)
  File "/Users/oemer.demirel/ftoken-lst-sims/venv/lib/python3.11/site-packages/starlette/routing.py", line 736, in app
    await route.handle(scope, receive, send)
  File "/Users/oemer.demirel/ftoken-lst-sims/venv/lib/python3.11/site-packages/starlette/routing.py", line 290, in handle
    await self.app(scope, receive, send)
  File "/Users/oemer.demirel/ftoken-lst-sims/venv/lib/python3.11/site-packages/fastapi/routing.py", line 119, in app
    await wrap_app_handling_exceptions(app, request)(scope, receive, send)
  File "/Users/oemer.demirel/ftoken-lst-sims/venv/lib/python3.11/site-packages/starlette/_exception_handler.py", line 53, in wrapped_app
    raise exc
  File "/Users/oemer.demirel/ftoken-lst-sims/venv/lib/python3.11/site-packages/starlette/_exception_handler.py", line 42, in wrapped_app
    await app(scope, receive, sender)
  File "/Users/oemer.demirel/ftoken-lst-sims/venv/lib/python3.11/site-packages/fastapi/routing.py", line 105, in app
    response = await f(request)
               ^^^^^^^^^^^^^^^^
  File "/Users/oemer.demirel/ftoken-lst-sims/venv/lib/python3.11/site-packages/fastapi/routing.py", line 418, in app
    response = actual_response_class(content, **response_args)
               ^^^^^^^^^^^^^^^^^^^^^^^^^^^^^^^^^^^^^^^^^^^^^^^
  File "/Users/oemer.demirel/ftoken-lst-sims/venv/lib/python3.11/site-packages/starlette/responses.py", line 189, in __init__
    super().__init__(content, status_code, headers, media_type, background)
  File "/Users/oemer.demirel/ftoken-lst-sims/venv/lib/python3.11/site-packages/starlette/responses.py", line 46, in __init__
    self.body = self.render(content)
                ^^^^^^^^^^^^^^^^^^^^
  File "/Users/oemer.demirel/ftoken-lst-sims/venv/lib/python3.11/site-packages/starlette/responses.py", line 192, in render
    return json.dumps(
           ^^^^^^^^^^^
  File "/usr/local/Cellar/python@3.11/3.11.12_1/Frameworks/Python.framework/Versions/3.11/lib/python3.11/json/__init__.py", line 238, in dumps
    **kw).encode(obj)
          ^^^^^^^^^^^
  File "/usr/local/Cellar/python@3.11/3.11.12_1/Frameworks/Python.framework/Versions/3.11/lib/python3.11/json/encoder.py", line 200, in encode
    chunks = self.iterencode(o, _one_shot=True)
             ^^^^^^^^^^^^^^^^^^^^^^^^^^^^^^^^^^
  File "/usr/local/Cellar/python@3.11/3.11.12_1/Frameworks/Python.framework/Versions/3.11/lib/python3.11/json/encoder.py", line 258, in iterencode
    return _iterencode(o, 0)
           ^^^^^^^^^^^^^^^^^
ValueError: Out of range float values are not JSON compliant
INFO:     127.0.0.1:56842 - "GET /simulate/cb683634-d1e2-4388-994b-babf7df53310/results HTTP/1.1" 500 Internal Server Error
ERROR:    Exception in ASGI application
Traceback (most recent call last):
  File "/Users/oemer.demirel/ftoken-lst-sims/venv/lib/python3.11/site-packages/uvicorn/protocols/http/h11_impl.py", line 403, in run_asgi
    result = await app(  # type: ignore[func-returns-value]
             ^^^^^^^^^^^^^^^^^^^^^^^^^^^^^^^^^^^^^^^^^^^^^^
  File "/Users/oemer.demirel/ftoken-lst-sims/venv/lib/python3.11/site-packages/uvicorn/middleware/proxy_headers.py", line 60, in __call__
    return await self.app(scope, receive, send)
           ^^^^^^^^^^^^^^^^^^^^^^^^^^^^^^^^^^^^
  File "/Users/oemer.demirel/ftoken-lst-sims/venv/lib/python3.11/site-packages/fastapi/applications.py", line 1139, in __call__
    await super().__call__(scope, receive, send)
  File "/Users/oemer.demirel/ftoken-lst-sims/venv/lib/python3.11/site-packages/starlette/applications.py", line 107, in __call__
    await self.middleware_stack(scope, receive, send)
  File "/Users/oemer.demirel/ftoken-lst-sims/venv/lib/python3.11/site-packages/starlette/middleware/errors.py", line 186, in __call__
    raise exc
  File "/Users/oemer.demirel/ftoken-lst-sims/venv/lib/python3.11/site-packages/starlette/middleware/errors.py", line 164, in __call__
    await self.app(scope, receive, _send)
  File "/Users/oemer.demirel/ftoken-lst-sims/venv/lib/python3.11/site-packages/starlette/middleware/cors.py", line 93, in __call__
    await self.simple_response(scope, receive, send, request_headers=headers)
  File "/Users/oemer.demirel/ftoken-lst-sims/venv/lib/python3.11/site-packages/starlette/middleware/cors.py", line 144, in simple_response
    await self.app(scope, receive, send)
  File "/Users/oemer.demirel/ftoken-lst-sims/venv/lib/python3.11/site-packages/starlette/middleware/exceptions.py", line 63, in __call__
    await wrap_app_handling_exceptions(self.app, conn)(scope, receive, send)
  File "/Users/oemer.demirel/ftoken-lst-sims/venv/lib/python3.11/site-packages/starlette/_exception_handler.py", line 53, in wrapped_app
    raise exc
  File "/Users/oemer.demirel/ftoken-lst-sims/venv/lib/python3.11/site-packages/starlette/_exception_handler.py", line 42, in wrapped_app
    await app(scope, receive, sender)
  File "/Users/oemer.demirel/ftoken-lst-sims/venv/lib/python3.11/site-packages/fastapi/middleware/asyncexitstack.py", line 18, in __call__
    await self.app(scope, receive, send)
  File "/Users/oemer.demirel/ftoken-lst-sims/venv/lib/python3.11/site-packages/starlette/routing.py", line 716, in __call__
    await self.middleware_stack(scope, receive, send)
  File "/Users/oemer.demirel/ftoken-lst-sims/venv/lib/python3.11/site-packages/starlette/routing.py", line 736, in app
    await route.handle(scope, receive, send)
  File "/Users/oemer.demirel/ftoken-lst-sims/venv/lib/python3.11/site-packages/starlette/routing.py", line 290, in handle
    await self.app(scope, receive, send)
  File "/Users/oemer.demirel/ftoken-lst-sims/venv/lib/python3.11/site-packages/fastapi/routing.py", line 119, in app
    await wrap_app_handling_exceptions(app, request)(scope, receive, send)
  File "/Users/oemer.demirel/ftoken-lst-sims/venv/lib/python3.11/site-packages/starlette/_exception_handler.py", line 53, in wrapped_app
    raise exc
  File "/Users/oemer.demirel/ftoken-lst-sims/venv/lib/python3.11/site-packages/starlette/_exception_handler.py", line 42, in wrapped_app
    await app(scope, receive, sender)
  File "/Users/oemer.demirel/ftoken-lst-sims/venv/lib/python3.11/site-packages/fastapi/routing.py", line 105, in app
    response = await f(request)
               ^^^^^^^^^^^^^^^^
  File "/Users/oemer.demirel/ftoken-lst-sims/venv/lib/python3.11/site-packages/fastapi/routing.py", line 418, in app
    response = actual_response_class(content, **response_args)
               ^^^^^^^^^^^^^^^^^^^^^^^^^^^^^^^^^^^^^^^^^^^^^^^
  File "/Users/oemer.demirel/ftoken-lst-sims/venv/lib/python3.11/site-packages/starlette/responses.py", line 189, in __init__
    super().__init__(content, status_code, headers, media_type, background)
  File "/Users/oemer.demirel/ftoken-lst-sims/venv/lib/python3.11/site-packages/starlette/responses.py", line 46, in __init__
    self.body = self.render(content)
                ^^^^^^^^^^^^^^^^^^^^
  File "/Users/oemer.demirel/ftoken-lst-sims/venv/lib/python3.11/site-packages/starlette/responses.py", line 192, in render
    return json.dumps(
           ^^^^^^^^^^^
  File "/usr/local/Cellar/python@3.11/3.11.12_1/Frameworks/Python.framework/Versions/3.11/lib/python3.11/json/__init__.py", line 238, in dumps
    **kw).encode(obj)
          ^^^^^^^^^^^
  File "/usr/local/Cellar/python@3.11/3.11.12_1/Frameworks/Python.framework/Versions/3.11/lib/python3.11/json/encoder.py", line 200, in encode
    chunks = self.iterencode(o, _one_shot=True)
             ^^^^^^^^^^^^^^^^^^^^^^^^^^^^^^^^^^
  File "/usr/local/Cellar/python@3.11/3.11.12_1/Frameworks/Python.framework/Versions/3.11/lib/python3.11/json/encoder.py", line 258, in iterencode
    return _iterencode(o, 0)
           ^^^^^^^^^^^^^^^^^
ValueError: Out of range float values are not JSON compliant
INFO:     127.0.0.1:56845 - "GET /simulate/cb683634-d1e2-4388-994b-babf7df53310/results HTTP/1.1" 500 Internal Server Error
ERROR:    Exception in ASGI application
Traceback (most recent call last):
  File "/Users/oemer.demirel/ftoken-lst-sims/venv/lib/python3.11/site-packages/uvicorn/protocols/http/h11_impl.py", line 403, in run_asgi
    result = await app(  # type: ignore[func-returns-value]
             ^^^^^^^^^^^^^^^^^^^^^^^^^^^^^^^^^^^^^^^^^^^^^^
  File "/Users/oemer.demirel/ftoken-lst-sims/venv/lib/python3.11/site-packages/uvicorn/middleware/proxy_headers.py", line 60, in __call__
    return await self.app(scope, receive, send)
           ^^^^^^^^^^^^^^^^^^^^^^^^^^^^^^^^^^^^
  File "/Users/oemer.demirel/ftoken-lst-sims/venv/lib/python3.11/site-packages/fastapi/applications.py", line 1139, in __call__
    await super().__call__(scope, receive, send)
  File "/Users/oemer.demirel/ftoken-lst-sims/venv/lib/python3.11/site-packages/starlette/applications.py", line 107, in __call__
    await self.middleware_stack(scope, receive, send)
  File "/Users/oemer.demirel/ftoken-lst-sims/venv/lib/python3.11/site-packages/starlette/middleware/errors.py", line 186, in __call__
    raise exc
  File "/Users/oemer.demirel/ftoken-lst-sims/venv/lib/python3.11/site-packages/starlette/middleware/errors.py", line 164, in __call__
    await self.app(scope, receive, _send)
  File "/Users/oemer.demirel/ftoken-lst-sims/venv/lib/python3.11/site-packages/starlette/middleware/cors.py", line 93, in __call__
    await self.simple_response(scope, receive, send, request_headers=headers)
  File "/Users/oemer.demirel/ftoken-lst-sims/venv/lib/python3.11/site-packages/starlette/middleware/cors.py", line 144, in simple_response
    await self.app(scope, receive, send)
  File "/Users/oemer.demirel/ftoken-lst-sims/venv/lib/python3.11/site-packages/starlette/middleware/exceptions.py", line 63, in __call__
    await wrap_app_handling_exceptions(self.app, conn)(scope, receive, send)
  File "/Users/oemer.demirel/ftoken-lst-sims/venv/lib/python3.11/site-packages/starlette/_exception_handler.py", line 53, in wrapped_app
    raise exc
  File "/Users/oemer.demirel/ftoken-lst-sims/venv/lib/python3.11/site-packages/starlette/_exception_handler.py", line 42, in wrapped_app
    await app(scope, receive, sender)
  File "/Users/oemer.demirel/ftoken-lst-sims/venv/lib/python3.11/site-packages/fastapi/middleware/asyncexitstack.py", line 18, in __call__
    await self.app(scope, receive, send)
  File "/Users/oemer.demirel/ftoken-lst-sims/venv/lib/python3.11/site-packages/starlette/routing.py", line 716, in __call__
    await self.middleware_stack(scope, receive, send)
  File "/Users/oemer.demirel/ftoken-lst-sims/venv/lib/python3.11/site-packages/starlette/routing.py", line 736, in app
    await route.handle(scope, receive, send)
  File "/Users/oemer.demirel/ftoken-lst-sims/venv/lib/python3.11/site-packages/starlette/routing.py", line 290, in handle
    await self.app(scope, receive, send)
  File "/Users/oemer.demirel/ftoken-lst-sims/venv/lib/python3.11/site-packages/fastapi/routing.py", line 119, in app
    await wrap_app_handling_exceptions(app, request)(scope, receive, send)
  File "/Users/oemer.demirel/ftoken-lst-sims/venv/lib/python3.11/site-packages/starlette/_exception_handler.py", line 53, in wrapped_app
    raise exc
  File "/Users/oemer.demirel/ftoken-lst-sims/venv/lib/python3.11/site-packages/starlette/_exception_handler.py", line 42, in wrapped_app
    await app(scope, receive, sender)
  File "/Users/oemer.demirel/ftoken-lst-sims/venv/lib/python3.11/site-packages/fastapi/routing.py", line 105, in app
    response = await f(request)
               ^^^^^^^^^^^^^^^^
  File "/Users/oemer.demirel/ftoken-lst-sims/venv/lib/python3.11/site-packages/fastapi/routing.py", line 418, in app
    response = actual_response_class(content, **response_args)
               ^^^^^^^^^^^^^^^^^^^^^^^^^^^^^^^^^^^^^^^^^^^^^^^
  File "/Users/oemer.demirel/ftoken-lst-sims/venv/lib/python3.11/site-packages/starlette/responses.py", line 189, in __init__
    super().__init__(content, status_code, headers, media_type, background)
  File "/Users/oemer.demirel/ftoken-lst-sims/venv/lib/python3.11/site-packages/starlette/responses.py", line 46, in __init__
    self.body = self.render(content)
                ^^^^^^^^^^^^^^^^^^^^
  File "/Users/oemer.demirel/ftoken-lst-sims/venv/lib/python3.11/site-packages/starlette/responses.py", line 192, in render
    return json.dumps(
           ^^^^^^^^^^^
  File "/usr/local/Cellar/python@3.11/3.11.12_1/Frameworks/Python.framework/Versions/3.11/lib/python3.11/json/__init__.py", line 238, in dumps
    **kw).encode(obj)
          ^^^^^^^^^^^
  File "/usr/local/Cellar/python@3.11/3.11.12_1/Frameworks/Python.framework/Versions/3.11/lib/python3.11/json/encoder.py", line 200, in encode
    chunks = self.iterencode(o, _one_shot=True)
             ^^^^^^^^^^^^^^^^^^^^^^^^^^^^^^^^^^
  File "/usr/local/Cellar/python@3.11/3.11.12_1/Frameworks/Python.framework/Versions/3.11/lib/python3.11/json/encoder.py", line 258, in iterencode
    return _iterencode(o, 0)
           ^^^^^^^^^^^^^^^^^
ValueError: Out of range float values are not JSON compliant
INFO:     127.0.0.1:56848 - "GET /simulate/cb683634-d1e2-4388-994b-babf7df53310/results HTTP/1.1" 500 Internal Server Error
ERROR:    Exception in ASGI application
Traceback (most recent call last):
  File "/Users/oemer.demirel/ftoken-lst-sims/venv/lib/python3.11/site-packages/uvicorn/protocols/http/h11_impl.py", line 403, in run_asgi
    result = await app(  # type: ignore[func-returns-value]
             ^^^^^^^^^^^^^^^^^^^^^^^^^^^^^^^^^^^^^^^^^^^^^^
  File "/Users/oemer.demirel/ftoken-lst-sims/venv/lib/python3.11/site-packages/uvicorn/middleware/proxy_headers.py", line 60, in __call__
    return await self.app(scope, receive, send)
           ^^^^^^^^^^^^^^^^^^^^^^^^^^^^^^^^^^^^
  File "/Users/oemer.demirel/ftoken-lst-sims/venv/lib/python3.11/site-packages/fastapi/applications.py", line 1139, in __call__
    await super().__call__(scope, receive, send)
  File "/Users/oemer.demirel/ftoken-lst-sims/venv/lib/python3.11/site-packages/starlette/applications.py", line 107, in __call__
    await self.middleware_stack(scope, receive, send)
  File "/Users/oemer.demirel/ftoken-lst-sims/venv/lib/python3.11/site-packages/starlette/middleware/errors.py", line 186, in __call__
    raise exc
  File "/Users/oemer.demirel/ftoken-lst-sims/venv/lib/python3.11/site-packages/starlette/middleware/errors.py", line 164, in __call__
    await self.app(scope, receive, _send)
  File "/Users/oemer.demirel/ftoken-lst-sims/venv/lib/python3.11/site-packages/starlette/middleware/cors.py", line 93, in __call__
    await self.simple_response(scope, receive, send, request_headers=headers)
  File "/Users/oemer.demirel/ftoken-lst-sims/venv/lib/python3.11/site-packages/starlette/middleware/cors.py", line 144, in simple_response
    await self.app(scope, receive, send)
  File "/Users/oemer.demirel/ftoken-lst-sims/venv/lib/python3.11/site-packages/starlette/middleware/exceptions.py", line 63, in __call__
    await wrap_app_handling_exceptions(self.app, conn)(scope, receive, send)
  File "/Users/oemer.demirel/ftoken-lst-sims/venv/lib/python3.11/site-packages/starlette/_exception_handler.py", line 53, in wrapped_app
    raise exc
  File "/Users/oemer.demirel/ftoken-lst-sims/venv/lib/python3.11/site-packages/starlette/_exception_handler.py", line 42, in wrapped_app
    await app(scope, receive, sender)
  File "/Users/oemer.demirel/ftoken-lst-sims/venv/lib/python3.11/site-packages/fastapi/middleware/asyncexitstack.py", line 18, in __call__
    await self.app(scope, receive, send)
  File "/Users/oemer.demirel/ftoken-lst-sims/venv/lib/python3.11/site-packages/starlette/routing.py", line 716, in __call__
    await self.middleware_stack(scope, receive, send)
  File "/Users/oemer.demirel/ftoken-lst-sims/venv/lib/python3.11/site-packages/starlette/routing.py", line 736, in app
    await route.handle(scope, receive, send)
  File "/Users/oemer.demirel/ftoken-lst-sims/venv/lib/python3.11/site-packages/starlette/routing.py", line 290, in handle
    await self.app(scope, receive, send)
  File "/Users/oemer.demirel/ftoken-lst-sims/venv/lib/python3.11/site-packages/fastapi/routing.py", line 119, in app
    await wrap_app_handling_exceptions(app, request)(scope, receive, send)
  File "/Users/oemer.demirel/ftoken-lst-sims/venv/lib/python3.11/site-packages/starlette/_exception_handler.py", line 53, in wrapped_app
    raise exc
  File "/Users/oemer.demirel/ftoken-lst-sims/venv/lib/python3.11/site-packages/starlette/_exception_handler.py", line 42, in wrapped_app
    await app(scope, receive, sender)
  File "/Users/oemer.demirel/ftoken-lst-sims/venv/lib/python3.11/site-packages/fastapi/routing.py", line 105, in app
    response = await f(request)
               ^^^^^^^^^^^^^^^^
  File "/Users/oemer.demirel/ftoken-lst-sims/venv/lib/python3.11/site-packages/fastapi/routing.py", line 418, in app
    response = actual_response_class(content, **response_args)
               ^^^^^^^^^^^^^^^^^^^^^^^^^^^^^^^^^^^^^^^^^^^^^^^
  File "/Users/oemer.demirel/ftoken-lst-sims/venv/lib/python3.11/site-packages/starlette/responses.py", line 189, in __init__
    super().__init__(content, status_code, headers, media_type, background)
  File "/Users/oemer.demirel/ftoken-lst-sims/venv/lib/python3.11/site-packages/starlette/responses.py", line 46, in __init__
    self.body = self.render(content)
                ^^^^^^^^^^^^^^^^^^^^
  File "/Users/oemer.demirel/ftoken-lst-sims/venv/lib/python3.11/site-packages/starlette/responses.py", line 192, in render
    return json.dumps(
           ^^^^^^^^^^^
  File "/usr/local/Cellar/python@3.11/3.11.12_1/Frameworks/Python.framework/Versions/3.11/lib/python3.11/json/__init__.py", line 238, in dumps
    **kw).encode(obj)
          ^^^^^^^^^^^
  File "/usr/local/Cellar/python@3.11/3.11.12_1/Frameworks/Python.framework/Versions/3.11/lib/python3.11/json/encoder.py", line 200, in encode
    chunks = self.iterencode(o, _one_shot=True)
             ^^^^^^^^^^^^^^^^^^^^^^^^^^^^^^^^^^
  File "/usr/local/Cellar/python@3.11/3.11.12_1/Frameworks/Python.framework/Versions/3.11/lib/python3.11/json/encoder.py", line 258, in iterencode
    return _iterencode(o, 0)
           ^^^^^^^^^^^^^^^^^
ValueError: Out of range float values are not JSON compliant
INFO:     127.0.0.1:56850 - "GET /simulate/cb683634-d1e2-4388-994b-babf7df53310/results HTTP/1.1" 500 Internal Server Error
ERROR:    Exception in ASGI application
Traceback (most recent call last):
  File "/Users/oemer.demirel/ftoken-lst-sims/venv/lib/python3.11/site-packages/uvicorn/protocols/http/h11_impl.py", line 403, in run_asgi
    result = await app(  # type: ignore[func-returns-value]
             ^^^^^^^^^^^^^^^^^^^^^^^^^^^^^^^^^^^^^^^^^^^^^^
  File "/Users/oemer.demirel/ftoken-lst-sims/venv/lib/python3.11/site-packages/uvicorn/middleware/proxy_headers.py", line 60, in __call__
    return await self.app(scope, receive, send)
           ^^^^^^^^^^^^^^^^^^^^^^^^^^^^^^^^^^^^
  File "/Users/oemer.demirel/ftoken-lst-sims/venv/lib/python3.11/site-packages/fastapi/applications.py", line 1139, in __call__
    await super().__call__(scope, receive, send)
  File "/Users/oemer.demirel/ftoken-lst-sims/venv/lib/python3.11/site-packages/starlette/applications.py", line 107, in __call__
    await self.middleware_stack(scope, receive, send)
  File "/Users/oemer.demirel/ftoken-lst-sims/venv/lib/python3.11/site-packages/starlette/middleware/errors.py", line 186, in __call__
    raise exc
  File "/Users/oemer.demirel/ftoken-lst-sims/venv/lib/python3.11/site-packages/starlette/middleware/errors.py", line 164, in __call__
    await self.app(scope, receive, _send)
  File "/Users/oemer.demirel/ftoken-lst-sims/venv/lib/python3.11/site-packages/starlette/middleware/cors.py", line 93, in __call__
    await self.simple_response(scope, receive, send, request_headers=headers)
  File "/Users/oemer.demirel/ftoken-lst-sims/venv/lib/python3.11/site-packages/starlette/middleware/cors.py", line 144, in simple_response
    await self.app(scope, receive, send)
  File "/Users/oemer.demirel/ftoken-lst-sims/venv/lib/python3.11/site-packages/starlette/middleware/exceptions.py", line 63, in __call__
    await wrap_app_handling_exceptions(self.app, conn)(scope, receive, send)
  File "/Users/oemer.demirel/ftoken-lst-sims/venv/lib/python3.11/site-packages/starlette/_exception_handler.py", line 53, in wrapped_app
    raise exc
  File "/Users/oemer.demirel/ftoken-lst-sims/venv/lib/python3.11/site-packages/starlette/_exception_handler.py", line 42, in wrapped_app
    await app(scope, receive, sender)
  File "/Users/oemer.demirel/ftoken-lst-sims/venv/lib/python3.11/site-packages/fastapi/middleware/asyncexitstack.py", line 18, in __call__
    await self.app(scope, receive, send)
  File "/Users/oemer.demirel/ftoken-lst-sims/venv/lib/python3.11/site-packages/starlette/routing.py", line 716, in __call__
    await self.middleware_stack(scope, receive, send)
  File "/Users/oemer.demirel/ftoken-lst-sims/venv/lib/python3.11/site-packages/starlette/routing.py", line 736, in app
    await route.handle(scope, receive, send)
  File "/Users/oemer.demirel/ftoken-lst-sims/venv/lib/python3.11/site-packages/starlette/routing.py", line 290, in handle
    await self.app(scope, receive, send)
  File "/Users/oemer.demirel/ftoken-lst-sims/venv/lib/python3.11/site-packages/fastapi/routing.py", line 119, in app
    await wrap_app_handling_exceptions(app, request)(scope, receive, send)
  File "/Users/oemer.demirel/ftoken-lst-sims/venv/lib/python3.11/site-packages/starlette/_exception_handler.py", line 53, in wrapped_app
    raise exc
  File "/Users/oemer.demirel/ftoken-lst-sims/venv/lib/python3.11/site-packages/starlette/_exception_handler.py", line 42, in wrapped_app
    await app(scope, receive, sender)
  File "/Users/oemer.demirel/ftoken-lst-sims/venv/lib/python3.11/site-packages/fastapi/routing.py", line 105, in app
    response = await f(request)
               ^^^^^^^^^^^^^^^^
  File "/Users/oemer.demirel/ftoken-lst-sims/venv/lib/python3.11/site-packages/fastapi/routing.py", line 418, in app
    response = actual_response_class(content, **response_args)
               ^^^^^^^^^^^^^^^^^^^^^^^^^^^^^^^^^^^^^^^^^^^^^^^
  File "/Users/oemer.demirel/ftoken-lst-sims/venv/lib/python3.11/site-packages/starlette/responses.py", line 189, in __init__
    super().__init__(content, status_code, headers, media_type, background)
  File "/Users/oemer.demirel/ftoken-lst-sims/venv/lib/python3.11/site-packages/starlette/responses.py", line 46, in __init__
    self.body = self.render(content)
                ^^^^^^^^^^^^^^^^^^^^
  File "/Users/oemer.demirel/ftoken-lst-sims/venv/lib/python3.11/site-packages/starlette/responses.py", line 192, in render
    return json.dumps(
           ^^^^^^^^^^^
  File "/usr/local/Cellar/python@3.11/3.11.12_1/Frameworks/Python.framework/Versions/3.11/lib/python3.11/json/__init__.py", line 238, in dumps
    **kw).encode(obj)
          ^^^^^^^^^^^
  File "/usr/local/Cellar/python@3.11/3.11.12_1/Frameworks/Python.framework/Versions/3.11/lib/python3.11/json/encoder.py", line 200, in encode
    chunks = self.iterencode(o, _one_shot=True)
             ^^^^^^^^^^^^^^^^^^^^^^^^^^^^^^^^^^
  File "/usr/local/Cellar/python@3.11/3.11.12_1/Frameworks/Python.framework/Versions/3.11/lib/python3.11/json/encoder.py", line 258, in iterencode
    return _iterencode(o, 0)
           ^^^^^^^^^^^^^^^^^
ValueError: Out of range float values are not JSON compliant
INFO:     127.0.0.1:56852 - "GET /simulate/cb683634-d1e2-4388-994b-babf7df53310/results HTTP/1.1" 500 Internal Server Error
ERROR:    Exception in ASGI application
Traceback (most recent call last):
  File "/Users/oemer.demirel/ftoken-lst-sims/venv/lib/python3.11/site-packages/uvicorn/protocols/http/h11_impl.py", line 403, in run_asgi
    result = await app(  # type: ignore[func-returns-value]
             ^^^^^^^^^^^^^^^^^^^^^^^^^^^^^^^^^^^^^^^^^^^^^^
  File "/Users/oemer.demirel/ftoken-lst-sims/venv/lib/python3.11/site-packages/uvicorn/middleware/proxy_headers.py", line 60, in __call__
    return await self.app(scope, receive, send)
           ^^^^^^^^^^^^^^^^^^^^^^^^^^^^^^^^^^^^
  File "/Users/oemer.demirel/ftoken-lst-sims/venv/lib/python3.11/site-packages/fastapi/applications.py", line 1139, in __call__
    await super().__call__(scope, receive, send)
  File "/Users/oemer.demirel/ftoken-lst-sims/venv/lib/python3.11/site-packages/starlette/applications.py", line 107, in __call__
    await self.middleware_stack(scope, receive, send)
  File "/Users/oemer.demirel/ftoken-lst-sims/venv/lib/python3.11/site-packages/starlette/middleware/errors.py", line 186, in __call__
    raise exc
  File "/Users/oemer.demirel/ftoken-lst-sims/venv/lib/python3.11/site-packages/starlette/middleware/errors.py", line 164, in __call__
    await self.app(scope, receive, _send)
  File "/Users/oemer.demirel/ftoken-lst-sims/venv/lib/python3.11/site-packages/starlette/middleware/cors.py", line 93, in __call__
    await self.simple_response(scope, receive, send, request_headers=headers)
  File "/Users/oemer.demirel/ftoken-lst-sims/venv/lib/python3.11/site-packages/starlette/middleware/cors.py", line 144, in simple_response
    await self.app(scope, receive, send)
  File "/Users/oemer.demirel/ftoken-lst-sims/venv/lib/python3.11/site-packages/starlette/middleware/exceptions.py", line 63, in __call__
    await wrap_app_handling_exceptions(self.app, conn)(scope, receive, send)
  File "/Users/oemer.demirel/ftoken-lst-sims/venv/lib/python3.11/site-packages/starlette/_exception_handler.py", line 53, in wrapped_app
    raise exc
  File "/Users/oemer.demirel/ftoken-lst-sims/venv/lib/python3.11/site-packages/starlette/_exception_handler.py", line 42, in wrapped_app
    await app(scope, receive, sender)
  File "/Users/oemer.demirel/ftoken-lst-sims/venv/lib/python3.11/site-packages/fastapi/middleware/asyncexitstack.py", line 18, in __call__
    await self.app(scope, receive, send)
  File "/Users/oemer.demirel/ftoken-lst-sims/venv/lib/python3.11/site-packages/starlette/routing.py", line 716, in __call__
    await self.middleware_stack(scope, receive, send)
  File "/Users/oemer.demirel/ftoken-lst-sims/venv/lib/python3.11/site-packages/starlette/routing.py", line 736, in app
    await route.handle(scope, receive, send)
  File "/Users/oemer.demirel/ftoken-lst-sims/venv/lib/python3.11/site-packages/starlette/routing.py", line 290, in handle
    await self.app(scope, receive, send)
  File "/Users/oemer.demirel/ftoken-lst-sims/venv/lib/python3.11/site-packages/fastapi/routing.py", line 119, in app
    await wrap_app_handling_exceptions(app, request)(scope, receive, send)
  File "/Users/oemer.demirel/ftoken-lst-sims/venv/lib/python3.11/site-packages/starlette/_exception_handler.py", line 53, in wrapped_app
    raise exc
  File "/Users/oemer.demirel/ftoken-lst-sims/venv/lib/python3.11/site-packages/starlette/_exception_handler.py", line 42, in wrapped_app
    await app(scope, receive, sender)
  File "/Users/oemer.demirel/ftoken-lst-sims/venv/lib/python3.11/site-packages/fastapi/routing.py", line 105, in app
    response = await f(request)
               ^^^^^^^^^^^^^^^^
  File "/Users/oemer.demirel/ftoken-lst-sims/venv/lib/python3.11/site-packages/fastapi/routing.py", line 418, in app
    response = actual_response_class(content, **response_args)
               ^^^^^^^^^^^^^^^^^^^^^^^^^^^^^^^^^^^^^^^^^^^^^^^
  File "/Users/oemer.demirel/ftoken-lst-sims/venv/lib/python3.11/site-packages/starlette/responses.py", line 189, in __init__
    super().__init__(content, status_code, headers, media_type, background)
  File "/Users/oemer.demirel/ftoken-lst-sims/venv/lib/python3.11/site-packages/starlette/responses.py", line 46, in __init__
    self.body = self.render(content)
                ^^^^^^^^^^^^^^^^^^^^
  File "/Users/oemer.demirel/ftoken-lst-sims/venv/lib/python3.11/site-packages/starlette/responses.py", line 192, in render
    return json.dumps(
           ^^^^^^^^^^^
  File "/usr/local/Cellar/python@3.11/3.11.12_1/Frameworks/Python.framework/Versions/3.11/lib/python3.11/json/__init__.py", line 238, in dumps
    **kw).encode(obj)
          ^^^^^^^^^^^
  File "/usr/local/Cellar/python@3.11/3.11.12_1/Frameworks/Python.framework/Versions/3.11/lib/python3.11/json/encoder.py", line 200, in encode
    chunks = self.iterencode(o, _one_shot=True)
             ^^^^^^^^^^^^^^^^^^^^^^^^^^^^^^^^^^
  File "/usr/local/Cellar/python@3.11/3.11.12_1/Frameworks/Python.framework/Versions/3.11/lib/python3.11/json/encoder.py", line 258, in iterencode
    return _iterencode(o, 0)
           ^^^^^^^^^^^^^^^^^
ValueError: Out of range float values are not JSON compliant
INFO:     127.0.0.1:56855 - "GET /simulate/cb683634-d1e2-4388-994b-babf7df53310/results HTTP/1.1" 500 Internal Server Error
ERROR:    Exception in ASGI application
Traceback (most recent call last):
  File "/Users/oemer.demirel/ftoken-lst-sims/venv/lib/python3.11/site-packages/uvicorn/protocols/http/h11_impl.py", line 403, in run_asgi
    result = await app(  # type: ignore[func-returns-value]
             ^^^^^^^^^^^^^^^^^^^^^^^^^^^^^^^^^^^^^^^^^^^^^^
  File "/Users/oemer.demirel/ftoken-lst-sims/venv/lib/python3.11/site-packages/uvicorn/middleware/proxy_headers.py", line 60, in __call__
    return await self.app(scope, receive, send)
           ^^^^^^^^^^^^^^^^^^^^^^^^^^^^^^^^^^^^
  File "/Users/oemer.demirel/ftoken-lst-sims/venv/lib/python3.11/site-packages/fastapi/applications.py", line 1139, in __call__
    await super().__call__(scope, receive, send)
  File "/Users/oemer.demirel/ftoken-lst-sims/venv/lib/python3.11/site-packages/starlette/applications.py", line 107, in __call__
    await self.middleware_stack(scope, receive, send)
  File "/Users/oemer.demirel/ftoken-lst-sims/venv/lib/python3.11/site-packages/starlette/middleware/errors.py", line 186, in __call__
    raise exc
  File "/Users/oemer.demirel/ftoken-lst-sims/venv/lib/python3.11/site-packages/starlette/middleware/errors.py", line 164, in __call__
    await self.app(scope, receive, _send)
  File "/Users/oemer.demirel/ftoken-lst-sims/venv/lib/python3.11/site-packages/starlette/middleware/cors.py", line 93, in __call__
    await self.simple_response(scope, receive, send, request_headers=headers)
  File "/Users/oemer.demirel/ftoken-lst-sims/venv/lib/python3.11/site-packages/starlette/middleware/cors.py", line 144, in simple_response
    await self.app(scope, receive, send)
  File "/Users/oemer.demirel/ftoken-lst-sims/venv/lib/python3.11/site-packages/starlette/middleware/exceptions.py", line 63, in __call__
    await wrap_app_handling_exceptions(self.app, conn)(scope, receive, send)
  File "/Users/oemer.demirel/ftoken-lst-sims/venv/lib/python3.11/site-packages/starlette/_exception_handler.py", line 53, in wrapped_app
    raise exc
  File "/Users/oemer.demirel/ftoken-lst-sims/venv/lib/python3.11/site-packages/starlette/_exception_handler.py", line 42, in wrapped_app
    await app(scope, receive, sender)
  File "/Users/oemer.demirel/ftoken-lst-sims/venv/lib/python3.11/site-packages/fastapi/middleware/asyncexitstack.py", line 18, in __call__
    await self.app(scope, receive, send)
  File "/Users/oemer.demirel/ftoken-lst-sims/venv/lib/python3.11/site-packages/starlette/routing.py", line 716, in __call__
    await self.middleware_stack(scope, receive, send)
  File "/Users/oemer.demirel/ftoken-lst-sims/venv/lib/python3.11/site-packages/starlette/routing.py", line 736, in app
    await route.handle(scope, receive, send)
  File "/Users/oemer.demirel/ftoken-lst-sims/venv/lib/python3.11/site-packages/starlette/routing.py", line 290, in handle
    await self.app(scope, receive, send)
  File "/Users/oemer.demirel/ftoken-lst-sims/venv/lib/python3.11/site-packages/fastapi/routing.py", line 119, in app
    await wrap_app_handling_exceptions(app, request)(scope, receive, send)
  File "/Users/oemer.demirel/ftoken-lst-sims/venv/lib/python3.11/site-packages/starlette/_exception_handler.py", line 53, in wrapped_app
    raise exc
  File "/Users/oemer.demirel/ftoken-lst-sims/venv/lib/python3.11/site-packages/starlette/_exception_handler.py", line 42, in wrapped_app
    await app(scope, receive, sender)
  File "/Users/oemer.demirel/ftoken-lst-sims/venv/lib/python3.11/site-packages/fastapi/routing.py", line 105, in app
    response = await f(request)
               ^^^^^^^^^^^^^^^^
  File "/Users/oemer.demirel/ftoken-lst-sims/venv/lib/python3.11/site-packages/fastapi/routing.py", line 418, in app
    response = actual_response_class(content, **response_args)
               ^^^^^^^^^^^^^^^^^^^^^^^^^^^^^^^^^^^^^^^^^^^^^^^
  File "/Users/oemer.demirel/ftoken-lst-sims/venv/lib/python3.11/site-packages/starlette/responses.py", line 189, in __init__
    super().__init__(content, status_code, headers, media_type, background)
  File "/Users/oemer.demirel/ftoken-lst-sims/venv/lib/python3.11/site-packages/starlette/responses.py", line 46, in __init__
    self.body = self.render(content)
                ^^^^^^^^^^^^^^^^^^^^
  File "/Users/oemer.demirel/ftoken-lst-sims/venv/lib/python3.11/site-packages/starlette/responses.py", line 192, in render
    return json.dumps(
           ^^^^^^^^^^^
  File "/usr/local/Cellar/python@3.11/3.11.12_1/Frameworks/Python.framework/Versions/3.11/lib/python3.11/json/__init__.py", line 238, in dumps
    **kw).encode(obj)
          ^^^^^^^^^^^
  File "/usr/local/Cellar/python@3.11/3.11.12_1/Frameworks/Python.framework/Versions/3.11/lib/python3.11/json/encoder.py", line 200, in encode
    chunks = self.iterencode(o, _one_shot=True)
             ^^^^^^^^^^^^^^^^^^^^^^^^^^^^^^^^^^
  File "/usr/local/Cellar/python@3.11/3.11.12_1/Frameworks/Python.framework/Versions/3.11/lib/python3.11/json/encoder.py", line 258, in iterencode
    return _iterencode(o, 0)
           ^^^^^^^^^^^^^^^^^
ValueError: Out of range float values are not JSON compliant
INFO:     127.0.0.1:56857 - "GET /simulate/cb683634-d1e2-4388-994b-babf7df53310/results HTTP/1.1" 500 Internal Server Error
ERROR:    Exception in ASGI application
Traceback (most recent call last):
  File "/Users/oemer.demirel/ftoken-lst-sims/venv/lib/python3.11/site-packages/uvicorn/protocols/http/h11_impl.py", line 403, in run_asgi
    result = await app(  # type: ignore[func-returns-value]
             ^^^^^^^^^^^^^^^^^^^^^^^^^^^^^^^^^^^^^^^^^^^^^^
  File "/Users/oemer.demirel/ftoken-lst-sims/venv/lib/python3.11/site-packages/uvicorn/middleware/proxy_headers.py", line 60, in __call__
    return await self.app(scope, receive, send)
           ^^^^^^^^^^^^^^^^^^^^^^^^^^^^^^^^^^^^
  File "/Users/oemer.demirel/ftoken-lst-sims/venv/lib/python3.11/site-packages/fastapi/applications.py", line 1139, in __call__
    await super().__call__(scope, receive, send)
  File "/Users/oemer.demirel/ftoken-lst-sims/venv/lib/python3.11/site-packages/starlette/applications.py", line 107, in __call__
    await self.middleware_stack(scope, receive, send)
  File "/Users/oemer.demirel/ftoken-lst-sims/venv/lib/python3.11/site-packages/starlette/middleware/errors.py", line 186, in __call__
    raise exc
  File "/Users/oemer.demirel/ftoken-lst-sims/venv/lib/python3.11/site-packages/starlette/middleware/errors.py", line 164, in __call__
    await self.app(scope, receive, _send)
  File "/Users/oemer.demirel/ftoken-lst-sims/venv/lib/python3.11/site-packages/starlette/middleware/cors.py", line 93, in __call__
    await self.simple_response(scope, receive, send, request_headers=headers)
  File "/Users/oemer.demirel/ftoken-lst-sims/venv/lib/python3.11/site-packages/starlette/middleware/cors.py", line 144, in simple_response
    await self.app(scope, receive, send)
  File "/Users/oemer.demirel/ftoken-lst-sims/venv/lib/python3.11/site-packages/starlette/middleware/exceptions.py", line 63, in __call__
    await wrap_app_handling_exceptions(self.app, conn)(scope, receive, send)
  File "/Users/oemer.demirel/ftoken-lst-sims/venv/lib/python3.11/site-packages/starlette/_exception_handler.py", line 53, in wrapped_app
    raise exc
  File "/Users/oemer.demirel/ftoken-lst-sims/venv/lib/python3.11/site-packages/starlette/_exception_handler.py", line 42, in wrapped_app
    await app(scope, receive, sender)
  File "/Users/oemer.demirel/ftoken-lst-sims/venv/lib/python3.11/site-packages/fastapi/middleware/asyncexitstack.py", line 18, in __call__
    await self.app(scope, receive, send)
  File "/Users/oemer.demirel/ftoken-lst-sims/venv/lib/python3.11/site-packages/starlette/routing.py", line 716, in __call__
    await self.middleware_stack(scope, receive, send)
  File "/Users/oemer.demirel/ftoken-lst-sims/venv/lib/python3.11/site-packages/starlette/routing.py", line 736, in app
    await route.handle(scope, receive, send)
  File "/Users/oemer.demirel/ftoken-lst-sims/venv/lib/python3.11/site-packages/starlette/routing.py", line 290, in handle
    await self.app(scope, receive, send)
  File "/Users/oemer.demirel/ftoken-lst-sims/venv/lib/python3.11/site-packages/fastapi/routing.py", line 119, in app
    await wrap_app_handling_exceptions(app, request)(scope, receive, send)
  File "/Users/oemer.demirel/ftoken-lst-sims/venv/lib/python3.11/site-packages/starlette/_exception_handler.py", line 53, in wrapped_app
    raise exc
  File "/Users/oemer.demirel/ftoken-lst-sims/venv/lib/python3.11/site-packages/starlette/_exception_handler.py", line 42, in wrapped_app
    await app(scope, receive, sender)
  File "/Users/oemer.demirel/ftoken-lst-sims/venv/lib/python3.11/site-packages/fastapi/routing.py", line 105, in app
    response = await f(request)
               ^^^^^^^^^^^^^^^^
  File "/Users/oemer.demirel/ftoken-lst-sims/venv/lib/python3.11/site-packages/fastapi/routing.py", line 418, in app
    response = actual_response_class(content, **response_args)
               ^^^^^^^^^^^^^^^^^^^^^^^^^^^^^^^^^^^^^^^^^^^^^^^
  File "/Users/oemer.demirel/ftoken-lst-sims/venv/lib/python3.11/site-packages/starlette/responses.py", line 189, in __init__
    super().__init__(content, status_code, headers, media_type, background)
  File "/Users/oemer.demirel/ftoken-lst-sims/venv/lib/python3.11/site-packages/starlette/responses.py", line 46, in __init__
    self.body = self.render(content)
                ^^^^^^^^^^^^^^^^^^^^
  File "/Users/oemer.demirel/ftoken-lst-sims/venv/lib/python3.11/site-packages/starlette/responses.py", line 192, in render
    return json.dumps(
           ^^^^^^^^^^^
  File "/usr/local/Cellar/python@3.11/3.11.12_1/Frameworks/Python.framework/Versions/3.11/lib/python3.11/json/__init__.py", line 238, in dumps
    **kw).encode(obj)
          ^^^^^^^^^^^
  File "/usr/local/Cellar/python@3.11/3.11.12_1/Frameworks/Python.framework/Versions/3.11/lib/python3.11/json/encoder.py", line 200, in encode
    chunks = self.iterencode(o, _one_shot=True)
             ^^^^^^^^^^^^^^^^^^^^^^^^^^^^^^^^^^
  File "/usr/local/Cellar/python@3.11/3.11.12_1/Frameworks/Python.framework/Versions/3.11/lib/python3.11/json/encoder.py", line 258, in iterencode
    return _iterencode(o, 0)
           ^^^^^^^^^^^^^^^^^
ValueError: Out of range float values are not JSON compliant
INFO:     127.0.0.1:56861 - "GET /simulate/cb683634-d1e2-4388-994b-babf7df53310/results HTTP/1.1" 500 Internal Server Error
ERROR:    Exception in ASGI application
Traceback (most recent call last):
  File "/Users/oemer.demirel/ftoken-lst-sims/venv/lib/python3.11/site-packages/uvicorn/protocols/http/h11_impl.py", line 403, in run_asgi
    result = await app(  # type: ignore[func-returns-value]
             ^^^^^^^^^^^^^^^^^^^^^^^^^^^^^^^^^^^^^^^^^^^^^^
  File "/Users/oemer.demirel/ftoken-lst-sims/venv/lib/python3.11/site-packages/uvicorn/middleware/proxy_headers.py", line 60, in __call__
    return await self.app(scope, receive, send)
           ^^^^^^^^^^^^^^^^^^^^^^^^^^^^^^^^^^^^
  File "/Users/oemer.demirel/ftoken-lst-sims/venv/lib/python3.11/site-packages/fastapi/applications.py", line 1139, in __call__
    await super().__call__(scope, receive, send)
  File "/Users/oemer.demirel/ftoken-lst-sims/venv/lib/python3.11/site-packages/starlette/applications.py", line 107, in __call__
    await self.middleware_stack(scope, receive, send)
  File "/Users/oemer.demirel/ftoken-lst-sims/venv/lib/python3.11/site-packages/starlette/middleware/errors.py", line 186, in __call__
    raise exc
  File "/Users/oemer.demirel/ftoken-lst-sims/venv/lib/python3.11/site-packages/starlette/middleware/errors.py", line 164, in __call__
    await self.app(scope, receive, _send)
  File "/Users/oemer.demirel/ftoken-lst-sims/venv/lib/python3.11/site-packages/starlette/middleware/cors.py", line 93, in __call__
    await self.simple_response(scope, receive, send, request_headers=headers)
  File "/Users/oemer.demirel/ftoken-lst-sims/venv/lib/python3.11/site-packages/starlette/middleware/cors.py", line 144, in simple_response
    await self.app(scope, receive, send)
  File "/Users/oemer.demirel/ftoken-lst-sims/venv/lib/python3.11/site-packages/starlette/middleware/exceptions.py", line 63, in __call__
    await wrap_app_handling_exceptions(self.app, conn)(scope, receive, send)
  File "/Users/oemer.demirel/ftoken-lst-sims/venv/lib/python3.11/site-packages/starlette/_exception_handler.py", line 53, in wrapped_app
    raise exc
  File "/Users/oemer.demirel/ftoken-lst-sims/venv/lib/python3.11/site-packages/starlette/_exception_handler.py", line 42, in wrapped_app
    await app(scope, receive, sender)
  File "/Users/oemer.demirel/ftoken-lst-sims/venv/lib/python3.11/site-packages/fastapi/middleware/asyncexitstack.py", line 18, in __call__
    await self.app(scope, receive, send)
  File "/Users/oemer.demirel/ftoken-lst-sims/venv/lib/python3.11/site-packages/starlette/routing.py", line 716, in __call__
    await self.middleware_stack(scope, receive, send)
  File "/Users/oemer.demirel/ftoken-lst-sims/venv/lib/python3.11/site-packages/starlette/routing.py", line 736, in app
    await route.handle(scope, receive, send)
  File "/Users/oemer.demirel/ftoken-lst-sims/venv/lib/python3.11/site-packages/starlette/routing.py", line 290, in handle
    await self.app(scope, receive, send)
  File "/Users/oemer.demirel/ftoken-lst-sims/venv/lib/python3.11/site-packages/fastapi/routing.py", line 119, in app
    await wrap_app_handling_exceptions(app, request)(scope, receive, send)
  File "/Users/oemer.demirel/ftoken-lst-sims/venv/lib/python3.11/site-packages/starlette/_exception_handler.py", line 53, in wrapped_app
    raise exc
  File "/Users/oemer.demirel/ftoken-lst-sims/venv/lib/python3.11/site-packages/starlette/_exception_handler.py", line 42, in wrapped_app
    await app(scope, receive, sender)
  File "/Users/oemer.demirel/ftoken-lst-sims/venv/lib/python3.11/site-packages/fastapi/routing.py", line 105, in app
    response = await f(request)
               ^^^^^^^^^^^^^^^^
  File "/Users/oemer.demirel/ftoken-lst-sims/venv/lib/python3.11/site-packages/fastapi/routing.py", line 418, in app
    response = actual_response_class(content, **response_args)
               ^^^^^^^^^^^^^^^^^^^^^^^^^^^^^^^^^^^^^^^^^^^^^^^
  File "/Users/oemer.demirel/ftoken-lst-sims/venv/lib/python3.11/site-packages/starlette/responses.py", line 189, in __init__
    super().__init__(content, status_code, headers, media_type, background)
  File "/Users/oemer.demirel/ftoken-lst-sims/venv/lib/python3.11/site-packages/starlette/responses.py", line 46, in __init__
    self.body = self.render(content)
                ^^^^^^^^^^^^^^^^^^^^
  File "/Users/oemer.demirel/ftoken-lst-sims/venv/lib/python3.11/site-packages/starlette/responses.py", line 192, in render
    return json.dumps(
           ^^^^^^^^^^^
  File "/usr/local/Cellar/python@3.11/3.11.12_1/Frameworks/Python.framework/Versions/3.11/lib/python3.11/json/__init__.py", line 238, in dumps
    **kw).encode(obj)
          ^^^^^^^^^^^
  File "/usr/local/Cellar/python@3.11/3.11.12_1/Frameworks/Python.framework/Versions/3.11/lib/python3.11/json/encoder.py", line 200, in encode
    chunks = self.iterencode(o, _one_shot=True)
             ^^^^^^^^^^^^^^^^^^^^^^^^^^^^^^^^^^
  File "/usr/local/Cellar/python@3.11/3.11.12_1/Frameworks/Python.framework/Versions/3.11/lib/python3.11/json/encoder.py", line 258, in iterencode
    return _iterencode(o, 0)
           ^^^^^^^^^^^^^^^^^
ValueError: Out of range float values are not JSON compliant
INFO:     127.0.0.1:56864 - "GET /simulate/cb683634-d1e2-4388-994b-babf7df53310/results HTTP/1.1" 500 Internal Server Error
ERROR:    Exception in ASGI application
Traceback (most recent call last):
  File "/Users/oemer.demirel/ftoken-lst-sims/venv/lib/python3.11/site-packages/uvicorn/protocols/http/h11_impl.py", line 403, in run_asgi
    result = await app(  # type: ignore[func-returns-value]
             ^^^^^^^^^^^^^^^^^^^^^^^^^^^^^^^^^^^^^^^^^^^^^^
  File "/Users/oemer.demirel/ftoken-lst-sims/venv/lib/python3.11/site-packages/uvicorn/middleware/proxy_headers.py", line 60, in __call__
    return await self.app(scope, receive, send)
           ^^^^^^^^^^^^^^^^^^^^^^^^^^^^^^^^^^^^
  File "/Users/oemer.demirel/ftoken-lst-sims/venv/lib/python3.11/site-packages/fastapi/applications.py", line 1139, in __call__
    await super().__call__(scope, receive, send)
  File "/Users/oemer.demirel/ftoken-lst-sims/venv/lib/python3.11/site-packages/starlette/applications.py", line 107, in __call__
    await self.middleware_stack(scope, receive, send)
  File "/Users/oemer.demirel/ftoken-lst-sims/venv/lib/python3.11/site-packages/starlette/middleware/errors.py", line 186, in __call__
    raise exc
  File "/Users/oemer.demirel/ftoken-lst-sims/venv/lib/python3.11/site-packages/starlette/middleware/errors.py", line 164, in __call__
    await self.app(scope, receive, _send)
  File "/Users/oemer.demirel/ftoken-lst-sims/venv/lib/python3.11/site-packages/starlette/middleware/cors.py", line 93, in __call__
    await self.simple_response(scope, receive, send, request_headers=headers)
  File "/Users/oemer.demirel/ftoken-lst-sims/venv/lib/python3.11/site-packages/starlette/middleware/cors.py", line 144, in simple_response
    await self.app(scope, receive, send)
  File "/Users/oemer.demirel/ftoken-lst-sims/venv/lib/python3.11/site-packages/starlette/middleware/exceptions.py", line 63, in __call__
    await wrap_app_handling_exceptions(self.app, conn)(scope, receive, send)
  File "/Users/oemer.demirel/ftoken-lst-sims/venv/lib/python3.11/site-packages/starlette/_exception_handler.py", line 53, in wrapped_app
    raise exc
  File "/Users/oemer.demirel/ftoken-lst-sims/venv/lib/python3.11/site-packages/starlette/_exception_handler.py", line 42, in wrapped_app
    await app(scope, receive, sender)
  File "/Users/oemer.demirel/ftoken-lst-sims/venv/lib/python3.11/site-packages/fastapi/middleware/asyncexitstack.py", line 18, in __call__
    await self.app(scope, receive, send)
  File "/Users/oemer.demirel/ftoken-lst-sims/venv/lib/python3.11/site-packages/starlette/routing.py", line 716, in __call__
    await self.middleware_stack(scope, receive, send)
  File "/Users/oemer.demirel/ftoken-lst-sims/venv/lib/python3.11/site-packages/starlette/routing.py", line 736, in app
    await route.handle(scope, receive, send)
  File "/Users/oemer.demirel/ftoken-lst-sims/venv/lib/python3.11/site-packages/starlette/routing.py", line 290, in handle
    await self.app(scope, receive, send)
  File "/Users/oemer.demirel/ftoken-lst-sims/venv/lib/python3.11/site-packages/fastapi/routing.py", line 119, in app
    await wrap_app_handling_exceptions(app, request)(scope, receive, send)
  File "/Users/oemer.demirel/ftoken-lst-sims/venv/lib/python3.11/site-packages/starlette/_exception_handler.py", line 53, in wrapped_app
    raise exc
  File "/Users/oemer.demirel/ftoken-lst-sims/venv/lib/python3.11/site-packages/starlette/_exception_handler.py", line 42, in wrapped_app
    await app(scope, receive, sender)
  File "/Users/oemer.demirel/ftoken-lst-sims/venv/lib/python3.11/site-packages/fastapi/routing.py", line 105, in app
    response = await f(request)
               ^^^^^^^^^^^^^^^^
  File "/Users/oemer.demirel/ftoken-lst-sims/venv/lib/python3.11/site-packages/fastapi/routing.py", line 418, in app
    response = actual_response_class(content, **response_args)
               ^^^^^^^^^^^^^^^^^^^^^^^^^^^^^^^^^^^^^^^^^^^^^^^
  File "/Users/oemer.demirel/ftoken-lst-sims/venv/lib/python3.11/site-packages/starlette/responses.py", line 189, in __init__
    super().__init__(content, status_code, headers, media_type, background)
  File "/Users/oemer.demirel/ftoken-lst-sims/venv/lib/python3.11/site-packages/starlette/responses.py", line 46, in __init__
    self.body = self.render(content)
                ^^^^^^^^^^^^^^^^^^^^
  File "/Users/oemer.demirel/ftoken-lst-sims/venv/lib/python3.11/site-packages/starlette/responses.py", line 192, in render
    return json.dumps(
           ^^^^^^^^^^^
  File "/usr/local/Cellar/python@3.11/3.11.12_1/Frameworks/Python.framework/Versions/3.11/lib/python3.11/json/__init__.py", line 238, in dumps
    **kw).encode(obj)
          ^^^^^^^^^^^
  File "/usr/local/Cellar/python@3.11/3.11.12_1/Frameworks/Python.framework/Versions/3.11/lib/python3.11/json/encoder.py", line 200, in encode
    chunks = self.iterencode(o, _one_shot=True)
             ^^^^^^^^^^^^^^^^^^^^^^^^^^^^^^^^^^
  File "/usr/local/Cellar/python@3.11/3.11.12_1/Frameworks/Python.framework/Versions/3.11/lib/python3.11/json/encoder.py", line 258, in iterencode
    return _iterencode(o, 0)
           ^^^^^^^^^^^^^^^^^
ValueError: Out of range float values are not JSON compliant
INFO:     127.0.0.1:56868 - "GET /simulate/cb683634-d1e2-4388-994b-babf7df53310/results HTTP/1.1" 500 Internal Server Error
ERROR:    Exception in ASGI application
Traceback (most recent call last):
  File "/Users/oemer.demirel/ftoken-lst-sims/venv/lib/python3.11/site-packages/uvicorn/protocols/http/h11_impl.py", line 403, in run_asgi
    result = await app(  # type: ignore[func-returns-value]
             ^^^^^^^^^^^^^^^^^^^^^^^^^^^^^^^^^^^^^^^^^^^^^^
  File "/Users/oemer.demirel/ftoken-lst-sims/venv/lib/python3.11/site-packages/uvicorn/middleware/proxy_headers.py", line 60, in __call__
    return await self.app(scope, receive, send)
           ^^^^^^^^^^^^^^^^^^^^^^^^^^^^^^^^^^^^
  File "/Users/oemer.demirel/ftoken-lst-sims/venv/lib/python3.11/site-packages/fastapi/applications.py", line 1139, in __call__
    await super().__call__(scope, receive, send)
  File "/Users/oemer.demirel/ftoken-lst-sims/venv/lib/python3.11/site-packages/starlette/applications.py", line 107, in __call__
    await self.middleware_stack(scope, receive, send)
  File "/Users/oemer.demirel/ftoken-lst-sims/venv/lib/python3.11/site-packages/starlette/middleware/errors.py", line 186, in __call__
    raise exc
  File "/Users/oemer.demirel/ftoken-lst-sims/venv/lib/python3.11/site-packages/starlette/middleware/errors.py", line 164, in __call__
    await self.app(scope, receive, _send)
  File "/Users/oemer.demirel/ftoken-lst-sims/venv/lib/python3.11/site-packages/starlette/middleware/cors.py", line 93, in __call__
    await self.simple_response(scope, receive, send, request_headers=headers)
  File "/Users/oemer.demirel/ftoken-lst-sims/venv/lib/python3.11/site-packages/starlette/middleware/cors.py", line 144, in simple_response
    await self.app(scope, receive, send)
  File "/Users/oemer.demirel/ftoken-lst-sims/venv/lib/python3.11/site-packages/starlette/middleware/exceptions.py", line 63, in __call__
    await wrap_app_handling_exceptions(self.app, conn)(scope, receive, send)
  File "/Users/oemer.demirel/ftoken-lst-sims/venv/lib/python3.11/site-packages/starlette/_exception_handler.py", line 53, in wrapped_app
    raise exc
  File "/Users/oemer.demirel/ftoken-lst-sims/venv/lib/python3.11/site-packages/starlette/_exception_handler.py", line 42, in wrapped_app
    await app(scope, receive, sender)
  File "/Users/oemer.demirel/ftoken-lst-sims/venv/lib/python3.11/site-packages/fastapi/middleware/asyncexitstack.py", line 18, in __call__
    await self.app(scope, receive, send)
  File "/Users/oemer.demirel/ftoken-lst-sims/venv/lib/python3.11/site-packages/starlette/routing.py", line 716, in __call__
    await self.middleware_stack(scope, receive, send)
  File "/Users/oemer.demirel/ftoken-lst-sims/venv/lib/python3.11/site-packages/starlette/routing.py", line 736, in app
    await route.handle(scope, receive, send)
  File "/Users/oemer.demirel/ftoken-lst-sims/venv/lib/python3.11/site-packages/starlette/routing.py", line 290, in handle
    await self.app(scope, receive, send)
  File "/Users/oemer.demirel/ftoken-lst-sims/venv/lib/python3.11/site-packages/fastapi/routing.py", line 119, in app
    await wrap_app_handling_exceptions(app, request)(scope, receive, send)
  File "/Users/oemer.demirel/ftoken-lst-sims/venv/lib/python3.11/site-packages/starlette/_exception_handler.py", line 53, in wrapped_app
    raise exc
  File "/Users/oemer.demirel/ftoken-lst-sims/venv/lib/python3.11/site-packages/starlette/_exception_handler.py", line 42, in wrapped_app
    await app(scope, receive, sender)
  File "/Users/oemer.demirel/ftoken-lst-sims/venv/lib/python3.11/site-packages/fastapi/routing.py", line 105, in app
    response = await f(request)
               ^^^^^^^^^^^^^^^^
  File "/Users/oemer.demirel/ftoken-lst-sims/venv/lib/python3.11/site-packages/fastapi/routing.py", line 418, in app
    response = actual_response_class(content, **response_args)
               ^^^^^^^^^^^^^^^^^^^^^^^^^^^^^^^^^^^^^^^^^^^^^^^
  File "/Users/oemer.demirel/ftoken-lst-sims/venv/lib/python3.11/site-packages/starlette/responses.py", line 189, in __init__
    super().__init__(content, status_code, headers, media_type, background)
  File "/Users/oemer.demirel/ftoken-lst-sims/venv/lib/python3.11/site-packages/starlette/responses.py", line 46, in __init__
    self.body = self.render(content)
                ^^^^^^^^^^^^^^^^^^^^
  File "/Users/oemer.demirel/ftoken-lst-sims/venv/lib/python3.11/site-packages/starlette/responses.py", line 192, in render
    return json.dumps(
           ^^^^^^^^^^^
  File "/usr/local/Cellar/python@3.11/3.11.12_1/Frameworks/Python.framework/Versions/3.11/lib/python3.11/json/__init__.py", line 238, in dumps
    **kw).encode(obj)
          ^^^^^^^^^^^
  File "/usr/local/Cellar/python@3.11/3.11.12_1/Frameworks/Python.framework/Versions/3.11/lib/python3.11/json/encoder.py", line 200, in encode
    chunks = self.iterencode(o, _one_shot=True)
             ^^^^^^^^^^^^^^^^^^^^^^^^^^^^^^^^^^
  File "/usr/local/Cellar/python@3.11/3.11.12_1/Frameworks/Python.framework/Versions/3.11/lib/python3.11/json/encoder.py", line 258, in iterencode
    return _iterencode(o, 0)
           ^^^^^^^^^^^^^^^^^
ValueError: Out of range float values are not JSON compliant
INFO:     127.0.0.1:56880 - "GET /simulate/cb683634-d1e2-4388-994b-babf7df53310/results HTTP/1.1" 500 Internal Server Error
ERROR:    Exception in ASGI application
Traceback (most recent call last):
  File "/Users/oemer.demirel/ftoken-lst-sims/venv/lib/python3.11/site-packages/uvicorn/protocols/http/h11_impl.py", line 403, in run_asgi
    result = await app(  # type: ignore[func-returns-value]
             ^^^^^^^^^^^^^^^^^^^^^^^^^^^^^^^^^^^^^^^^^^^^^^
  File "/Users/oemer.demirel/ftoken-lst-sims/venv/lib/python3.11/site-packages/uvicorn/middleware/proxy_headers.py", line 60, in __call__
    return await self.app(scope, receive, send)
           ^^^^^^^^^^^^^^^^^^^^^^^^^^^^^^^^^^^^
  File "/Users/oemer.demirel/ftoken-lst-sims/venv/lib/python3.11/site-packages/fastapi/applications.py", line 1139, in __call__
    await super().__call__(scope, receive, send)
  File "/Users/oemer.demirel/ftoken-lst-sims/venv/lib/python3.11/site-packages/starlette/applications.py", line 107, in __call__
    await self.middleware_stack(scope, receive, send)
  File "/Users/oemer.demirel/ftoken-lst-sims/venv/lib/python3.11/site-packages/starlette/middleware/errors.py", line 186, in __call__
    raise exc
  File "/Users/oemer.demirel/ftoken-lst-sims/venv/lib/python3.11/site-packages/starlette/middleware/errors.py", line 164, in __call__
    await self.app(scope, receive, _send)
  File "/Users/oemer.demirel/ftoken-lst-sims/venv/lib/python3.11/site-packages/starlette/middleware/cors.py", line 93, in __call__
    await self.simple_response(scope, receive, send, request_headers=headers)
  File "/Users/oemer.demirel/ftoken-lst-sims/venv/lib/python3.11/site-packages/starlette/middleware/cors.py", line 144, in simple_response
    await self.app(scope, receive, send)
  File "/Users/oemer.demirel/ftoken-lst-sims/venv/lib/python3.11/site-packages/starlette/middleware/exceptions.py", line 63, in __call__
    await wrap_app_handling_exceptions(self.app, conn)(scope, receive, send)
  File "/Users/oemer.demirel/ftoken-lst-sims/venv/lib/python3.11/site-packages/starlette/_exception_handler.py", line 53, in wrapped_app
    raise exc
  File "/Users/oemer.demirel/ftoken-lst-sims/venv/lib/python3.11/site-packages/starlette/_exception_handler.py", line 42, in wrapped_app
    await app(scope, receive, sender)
  File "/Users/oemer.demirel/ftoken-lst-sims/venv/lib/python3.11/site-packages/fastapi/middleware/asyncexitstack.py", line 18, in __call__
    await self.app(scope, receive, send)
  File "/Users/oemer.demirel/ftoken-lst-sims/venv/lib/python3.11/site-packages/starlette/routing.py", line 716, in __call__
    await self.middleware_stack(scope, receive, send)
  File "/Users/oemer.demirel/ftoken-lst-sims/venv/lib/python3.11/site-packages/starlette/routing.py", line 736, in app
    await route.handle(scope, receive, send)
  File "/Users/oemer.demirel/ftoken-lst-sims/venv/lib/python3.11/site-packages/starlette/routing.py", line 290, in handle
    await self.app(scope, receive, send)
  File "/Users/oemer.demirel/ftoken-lst-sims/venv/lib/python3.11/site-packages/fastapi/routing.py", line 119, in app
    await wrap_app_handling_exceptions(app, request)(scope, receive, send)
  File "/Users/oemer.demirel/ftoken-lst-sims/venv/lib/python3.11/site-packages/starlette/_exception_handler.py", line 53, in wrapped_app
    raise exc
  File "/Users/oemer.demirel/ftoken-lst-sims/venv/lib/python3.11/site-packages/starlette/_exception_handler.py", line 42, in wrapped_app
    await app(scope, receive, sender)
  File "/Users/oemer.demirel/ftoken-lst-sims/venv/lib/python3.11/site-packages/fastapi/routing.py", line 105, in app
    response = await f(request)
               ^^^^^^^^^^^^^^^^
  File "/Users/oemer.demirel/ftoken-lst-sims/venv/lib/python3.11/site-packages/fastapi/routing.py", line 418, in app
    response = actual_response_class(content, **response_args)
               ^^^^^^^^^^^^^^^^^^^^^^^^^^^^^^^^^^^^^^^^^^^^^^^
  File "/Users/oemer.demirel/ftoken-lst-sims/venv/lib/python3.11/site-packages/starlette/responses.py", line 189, in __init__
    super().__init__(content, status_code, headers, media_type, background)
  File "/Users/oemer.demirel/ftoken-lst-sims/venv/lib/python3.11/site-packages/starlette/responses.py", line 46, in __init__
    self.body = self.render(content)
                ^^^^^^^^^^^^^^^^^^^^
  File "/Users/oemer.demirel/ftoken-lst-sims/venv/lib/python3.11/site-packages/starlette/responses.py", line 192, in render
    return json.dumps(
           ^^^^^^^^^^^
  File "/usr/local/Cellar/python@3.11/3.11.12_1/Frameworks/Python.framework/Versions/3.11/lib/python3.11/json/__init__.py", line 238, in dumps
    **kw).encode(obj)
          ^^^^^^^^^^^
  File "/usr/local/Cellar/python@3.11/3.11.12_1/Frameworks/Python.framework/Versions/3.11/lib/python3.11/json/encoder.py", line 200, in encode
    chunks = self.iterencode(o, _one_shot=True)
             ^^^^^^^^^^^^^^^^^^^^^^^^^^^^^^^^^^
  File "/usr/local/Cellar/python@3.11/3.11.12_1/Frameworks/Python.framework/Versions/3.11/lib/python3.11/json/encoder.py", line 258, in iterencode
    return _iterencode(o, 0)
           ^^^^^^^^^^^^^^^^^
ValueError: Out of range float values are not JSON compliant
INFO:     127.0.0.1:56885 - "GET /simulate/cb683634-d1e2-4388-994b-babf7df53310/results HTTP/1.1" 500 Internal Server Error
ERROR:    Exception in ASGI application
Traceback (most recent call last):
  File "/Users/oemer.demirel/ftoken-lst-sims/venv/lib/python3.11/site-packages/uvicorn/protocols/http/h11_impl.py", line 403, in run_asgi
    result = await app(  # type: ignore[func-returns-value]
             ^^^^^^^^^^^^^^^^^^^^^^^^^^^^^^^^^^^^^^^^^^^^^^
  File "/Users/oemer.demirel/ftoken-lst-sims/venv/lib/python3.11/site-packages/uvicorn/middleware/proxy_headers.py", line 60, in __call__
    return await self.app(scope, receive, send)
           ^^^^^^^^^^^^^^^^^^^^^^^^^^^^^^^^^^^^
  File "/Users/oemer.demirel/ftoken-lst-sims/venv/lib/python3.11/site-packages/fastapi/applications.py", line 1139, in __call__
    await super().__call__(scope, receive, send)
  File "/Users/oemer.demirel/ftoken-lst-sims/venv/lib/python3.11/site-packages/starlette/applications.py", line 107, in __call__
    await self.middleware_stack(scope, receive, send)
  File "/Users/oemer.demirel/ftoken-lst-sims/venv/lib/python3.11/site-packages/starlette/middleware/errors.py", line 186, in __call__
    raise exc
  File "/Users/oemer.demirel/ftoken-lst-sims/venv/lib/python3.11/site-packages/starlette/middleware/errors.py", line 164, in __call__
    await self.app(scope, receive, _send)
  File "/Users/oemer.demirel/ftoken-lst-sims/venv/lib/python3.11/site-packages/starlette/middleware/cors.py", line 93, in __call__
    await self.simple_response(scope, receive, send, request_headers=headers)
  File "/Users/oemer.demirel/ftoken-lst-sims/venv/lib/python3.11/site-packages/starlette/middleware/cors.py", line 144, in simple_response
    await self.app(scope, receive, send)
  File "/Users/oemer.demirel/ftoken-lst-sims/venv/lib/python3.11/site-packages/starlette/middleware/exceptions.py", line 63, in __call__
    await wrap_app_handling_exceptions(self.app, conn)(scope, receive, send)
  File "/Users/oemer.demirel/ftoken-lst-sims/venv/lib/python3.11/site-packages/starlette/_exception_handler.py", line 53, in wrapped_app
    raise exc
  File "/Users/oemer.demirel/ftoken-lst-sims/venv/lib/python3.11/site-packages/starlette/_exception_handler.py", line 42, in wrapped_app
    await app(scope, receive, sender)
  File "/Users/oemer.demirel/ftoken-lst-sims/venv/lib/python3.11/site-packages/fastapi/middleware/asyncexitstack.py", line 18, in __call__
    await self.app(scope, receive, send)
  File "/Users/oemer.demirel/ftoken-lst-sims/venv/lib/python3.11/site-packages/starlette/routing.py", line 716, in __call__
    await self.middleware_stack(scope, receive, send)
  File "/Users/oemer.demirel/ftoken-lst-sims/venv/lib/python3.11/site-packages/starlette/routing.py", line 736, in app
    await route.handle(scope, receive, send)
  File "/Users/oemer.demirel/ftoken-lst-sims/venv/lib/python3.11/site-packages/starlette/routing.py", line 290, in handle
    await self.app(scope, receive, send)
  File "/Users/oemer.demirel/ftoken-lst-sims/venv/lib/python3.11/site-packages/fastapi/routing.py", line 119, in app
    await wrap_app_handling_exceptions(app, request)(scope, receive, send)
  File "/Users/oemer.demirel/ftoken-lst-sims/venv/lib/python3.11/site-packages/starlette/_exception_handler.py", line 53, in wrapped_app
    raise exc
  File "/Users/oemer.demirel/ftoken-lst-sims/venv/lib/python3.11/site-packages/starlette/_exception_handler.py", line 42, in wrapped_app
    await app(scope, receive, sender)
  File "/Users/oemer.demirel/ftoken-lst-sims/venv/lib/python3.11/site-packages/fastapi/routing.py", line 105, in app
    response = await f(request)
               ^^^^^^^^^^^^^^^^
  File "/Users/oemer.demirel/ftoken-lst-sims/venv/lib/python3.11/site-packages/fastapi/routing.py", line 418, in app
    response = actual_response_class(content, **response_args)
               ^^^^^^^^^^^^^^^^^^^^^^^^^^^^^^^^^^^^^^^^^^^^^^^
  File "/Users/oemer.demirel/ftoken-lst-sims/venv/lib/python3.11/site-packages/starlette/responses.py", line 189, in __init__
    super().__init__(content, status_code, headers, media_type, background)
  File "/Users/oemer.demirel/ftoken-lst-sims/venv/lib/python3.11/site-packages/starlette/responses.py", line 46, in __init__
    self.body = self.render(content)
                ^^^^^^^^^^^^^^^^^^^^
  File "/Users/oemer.demirel/ftoken-lst-sims/venv/lib/python3.11/site-packages/starlette/responses.py", line 192, in render
    return json.dumps(
           ^^^^^^^^^^^
  File "/usr/local/Cellar/python@3.11/3.11.12_1/Frameworks/Python.framework/Versions/3.11/lib/python3.11/json/__init__.py", line 238, in dumps
    **kw).encode(obj)
          ^^^^^^^^^^^
  File "/usr/local/Cellar/python@3.11/3.11.12_1/Frameworks/Python.framework/Versions/3.11/lib/python3.11/json/encoder.py", line 200, in encode
    chunks = self.iterencode(o, _one_shot=True)
             ^^^^^^^^^^^^^^^^^^^^^^^^^^^^^^^^^^
  File "/usr/local/Cellar/python@3.11/3.11.12_1/Frameworks/Python.framework/Versions/3.11/lib/python3.11/json/encoder.py", line 258, in iterencode
    return _iterencode(o, 0)
           ^^^^^^^^^^^^^^^^^
ValueError: Out of range float values are not JSON compliant
INFO:     127.0.0.1:56887 - "GET /simulate/cb683634-d1e2-4388-994b-babf7df53310/results HTTP/1.1" 500 Internal Server Error
ERROR:    Exception in ASGI application
Traceback (most recent call last):
  File "/Users/oemer.demirel/ftoken-lst-sims/venv/lib/python3.11/site-packages/uvicorn/protocols/http/h11_impl.py", line 403, in run_asgi
    result = await app(  # type: ignore[func-returns-value]
             ^^^^^^^^^^^^^^^^^^^^^^^^^^^^^^^^^^^^^^^^^^^^^^
  File "/Users/oemer.demirel/ftoken-lst-sims/venv/lib/python3.11/site-packages/uvicorn/middleware/proxy_headers.py", line 60, in __call__
    return await self.app(scope, receive, send)
           ^^^^^^^^^^^^^^^^^^^^^^^^^^^^^^^^^^^^
  File "/Users/oemer.demirel/ftoken-lst-sims/venv/lib/python3.11/site-packages/fastapi/applications.py", line 1139, in __call__
    await super().__call__(scope, receive, send)
  File "/Users/oemer.demirel/ftoken-lst-sims/venv/lib/python3.11/site-packages/starlette/applications.py", line 107, in __call__
    await self.middleware_stack(scope, receive, send)
  File "/Users/oemer.demirel/ftoken-lst-sims/venv/lib/python3.11/site-packages/starlette/middleware/errors.py", line 186, in __call__
    raise exc
  File "/Users/oemer.demirel/ftoken-lst-sims/venv/lib/python3.11/site-packages/starlette/middleware/errors.py", line 164, in __call__
    await self.app(scope, receive, _send)
  File "/Users/oemer.demirel/ftoken-lst-sims/venv/lib/python3.11/site-packages/starlette/middleware/cors.py", line 93, in __call__
    await self.simple_response(scope, receive, send, request_headers=headers)
  File "/Users/oemer.demirel/ftoken-lst-sims/venv/lib/python3.11/site-packages/starlette/middleware/cors.py", line 144, in simple_response
    await self.app(scope, receive, send)
  File "/Users/oemer.demirel/ftoken-lst-sims/venv/lib/python3.11/site-packages/starlette/middleware/exceptions.py", line 63, in __call__
    await wrap_app_handling_exceptions(self.app, conn)(scope, receive, send)
  File "/Users/oemer.demirel/ftoken-lst-sims/venv/lib/python3.11/site-packages/starlette/_exception_handler.py", line 53, in wrapped_app
    raise exc
  File "/Users/oemer.demirel/ftoken-lst-sims/venv/lib/python3.11/site-packages/starlette/_exception_handler.py", line 42, in wrapped_app
    await app(scope, receive, sender)
  File "/Users/oemer.demirel/ftoken-lst-sims/venv/lib/python3.11/site-packages/fastapi/middleware/asyncexitstack.py", line 18, in __call__
    await self.app(scope, receive, send)
  File "/Users/oemer.demirel/ftoken-lst-sims/venv/lib/python3.11/site-packages/starlette/routing.py", line 716, in __call__
    await self.middleware_stack(scope, receive, send)
  File "/Users/oemer.demirel/ftoken-lst-sims/venv/lib/python3.11/site-packages/starlette/routing.py", line 736, in app
    await route.handle(scope, receive, send)
  File "/Users/oemer.demirel/ftoken-lst-sims/venv/lib/python3.11/site-packages/starlette/routing.py", line 290, in handle
    await self.app(scope, receive, send)
  File "/Users/oemer.demirel/ftoken-lst-sims/venv/lib/python3.11/site-packages/fastapi/routing.py", line 119, in app
    await wrap_app_handling_exceptions(app, request)(scope, receive, send)
  File "/Users/oemer.demirel/ftoken-lst-sims/venv/lib/python3.11/site-packages/starlette/_exception_handler.py", line 53, in wrapped_app
    raise exc
  File "/Users/oemer.demirel/ftoken-lst-sims/venv/lib/python3.11/site-packages/starlette/_exception_handler.py", line 42, in wrapped_app
    await app(scope, receive, sender)
  File "/Users/oemer.demirel/ftoken-lst-sims/venv/lib/python3.11/site-packages/fastapi/routing.py", line 105, in app
    response = await f(request)
               ^^^^^^^^^^^^^^^^
  File "/Users/oemer.demirel/ftoken-lst-sims/venv/lib/python3.11/site-packages/fastapi/routing.py", line 418, in app
    response = actual_response_class(content, **response_args)
               ^^^^^^^^^^^^^^^^^^^^^^^^^^^^^^^^^^^^^^^^^^^^^^^
  File "/Users/oemer.demirel/ftoken-lst-sims/venv/lib/python3.11/site-packages/starlette/responses.py", line 189, in __init__
    super().__init__(content, status_code, headers, media_type, background)
  File "/Users/oemer.demirel/ftoken-lst-sims/venv/lib/python3.11/site-packages/starlette/responses.py", line 46, in __init__
    self.body = self.render(content)
                ^^^^^^^^^^^^^^^^^^^^
  File "/Users/oemer.demirel/ftoken-lst-sims/venv/lib/python3.11/site-packages/starlette/responses.py", line 192, in render
    return json.dumps(
           ^^^^^^^^^^^
  File "/usr/local/Cellar/python@3.11/3.11.12_1/Frameworks/Python.framework/Versions/3.11/lib/python3.11/json/__init__.py", line 238, in dumps
    **kw).encode(obj)
          ^^^^^^^^^^^
  File "/usr/local/Cellar/python@3.11/3.11.12_1/Frameworks/Python.framework/Versions/3.11/lib/python3.11/json/encoder.py", line 200, in encode
    chunks = self.iterencode(o, _one_shot=True)
             ^^^^^^^^^^^^^^^^^^^^^^^^^^^^^^^^^^
  File "/usr/local/Cellar/python@3.11/3.11.12_1/Frameworks/Python.framework/Versions/3.11/lib/python3.11/json/encoder.py", line 258, in iterencode
    return _iterencode(o, 0)
           ^^^^^^^^^^^^^^^^^
ValueError: Out of range float values are not JSON compliant
INFO:     127.0.0.1:56889 - "GET /simulate/cb683634-d1e2-4388-994b-babf7df53310/results HTTP/1.1" 500 Internal Server Error
ERROR:    Exception in ASGI application
Traceback (most recent call last):
  File "/Users/oemer.demirel/ftoken-lst-sims/venv/lib/python3.11/site-packages/uvicorn/protocols/http/h11_impl.py", line 403, in run_asgi
    result = await app(  # type: ignore[func-returns-value]
             ^^^^^^^^^^^^^^^^^^^^^^^^^^^^^^^^^^^^^^^^^^^^^^
  File "/Users/oemer.demirel/ftoken-lst-sims/venv/lib/python3.11/site-packages/uvicorn/middleware/proxy_headers.py", line 60, in __call__
    return await self.app(scope, receive, send)
           ^^^^^^^^^^^^^^^^^^^^^^^^^^^^^^^^^^^^
  File "/Users/oemer.demirel/ftoken-lst-sims/venv/lib/python3.11/site-packages/fastapi/applications.py", line 1139, in __call__
    await super().__call__(scope, receive, send)
  File "/Users/oemer.demirel/ftoken-lst-sims/venv/lib/python3.11/site-packages/starlette/applications.py", line 107, in __call__
    await self.middleware_stack(scope, receive, send)
  File "/Users/oemer.demirel/ftoken-lst-sims/venv/lib/python3.11/site-packages/starlette/middleware/errors.py", line 186, in __call__
    raise exc
  File "/Users/oemer.demirel/ftoken-lst-sims/venv/lib/python3.11/site-packages/starlette/middleware/errors.py", line 164, in __call__
    await self.app(scope, receive, _send)
  File "/Users/oemer.demirel/ftoken-lst-sims/venv/lib/python3.11/site-packages/starlette/middleware/cors.py", line 93, in __call__
    await self.simple_response(scope, receive, send, request_headers=headers)
  File "/Users/oemer.demirel/ftoken-lst-sims/venv/lib/python3.11/site-packages/starlette/middleware/cors.py", line 144, in simple_response
    await self.app(scope, receive, send)
  File "/Users/oemer.demirel/ftoken-lst-sims/venv/lib/python3.11/site-packages/starlette/middleware/exceptions.py", line 63, in __call__
    await wrap_app_handling_exceptions(self.app, conn)(scope, receive, send)
  File "/Users/oemer.demirel/ftoken-lst-sims/venv/lib/python3.11/site-packages/starlette/_exception_handler.py", line 53, in wrapped_app
    raise exc
  File "/Users/oemer.demirel/ftoken-lst-sims/venv/lib/python3.11/site-packages/starlette/_exception_handler.py", line 42, in wrapped_app
    await app(scope, receive, sender)
  File "/Users/oemer.demirel/ftoken-lst-sims/venv/lib/python3.11/site-packages/fastapi/middleware/asyncexitstack.py", line 18, in __call__
    await self.app(scope, receive, send)
  File "/Users/oemer.demirel/ftoken-lst-sims/venv/lib/python3.11/site-packages/starlette/routing.py", line 716, in __call__
    await self.middleware_stack(scope, receive, send)
  File "/Users/oemer.demirel/ftoken-lst-sims/venv/lib/python3.11/site-packages/starlette/routing.py", line 736, in app
    await route.handle(scope, receive, send)
  File "/Users/oemer.demirel/ftoken-lst-sims/venv/lib/python3.11/site-packages/starlette/routing.py", line 290, in handle
    await self.app(scope, receive, send)
  File "/Users/oemer.demirel/ftoken-lst-sims/venv/lib/python3.11/site-packages/fastapi/routing.py", line 119, in app
    await wrap_app_handling_exceptions(app, request)(scope, receive, send)
  File "/Users/oemer.demirel/ftoken-lst-sims/venv/lib/python3.11/site-packages/starlette/_exception_handler.py", line 53, in wrapped_app
    raise exc
  File "/Users/oemer.demirel/ftoken-lst-sims/venv/lib/python3.11/site-packages/starlette/_exception_handler.py", line 42, in wrapped_app
    await app(scope, receive, sender)
  File "/Users/oemer.demirel/ftoken-lst-sims/venv/lib/python3.11/site-packages/fastapi/routing.py", line 105, in app
    response = await f(request)
               ^^^^^^^^^^^^^^^^
  File "/Users/oemer.demirel/ftoken-lst-sims/venv/lib/python3.11/site-packages/fastapi/routing.py", line 418, in app
    response = actual_response_class(content, **response_args)
               ^^^^^^^^^^^^^^^^^^^^^^^^^^^^^^^^^^^^^^^^^^^^^^^
  File "/Users/oemer.demirel/ftoken-lst-sims/venv/lib/python3.11/site-packages/starlette/responses.py", line 189, in __init__
    super().__init__(content, status_code, headers, media_type, background)
  File "/Users/oemer.demirel/ftoken-lst-sims/venv/lib/python3.11/site-packages/starlette/responses.py", line 46, in __init__
    self.body = self.render(content)
                ^^^^^^^^^^^^^^^^^^^^
  File "/Users/oemer.demirel/ftoken-lst-sims/venv/lib/python3.11/site-packages/starlette/responses.py", line 192, in render
    return json.dumps(
           ^^^^^^^^^^^
  File "/usr/local/Cellar/python@3.11/3.11.12_1/Frameworks/Python.framework/Versions/3.11/lib/python3.11/json/__init__.py", line 238, in dumps
    **kw).encode(obj)
          ^^^^^^^^^^^
  File "/usr/local/Cellar/python@3.11/3.11.12_1/Frameworks/Python.framework/Versions/3.11/lib/python3.11/json/encoder.py", line 200, in encode
    chunks = self.iterencode(o, _one_shot=True)
             ^^^^^^^^^^^^^^^^^^^^^^^^^^^^^^^^^^
  File "/usr/local/Cellar/python@3.11/3.11.12_1/Frameworks/Python.framework/Versions/3.11/lib/python3.11/json/encoder.py", line 258, in iterencode
    return _iterencode(o, 0)
           ^^^^^^^^^^^^^^^^^
ValueError: Out of range float values are not JSON compliant
INFO:     127.0.0.1:56891 - "GET /simulate/cb683634-d1e2-4388-994b-babf7df53310/results HTTP/1.1" 500 Internal Server Error
ERROR:    Exception in ASGI application
Traceback (most recent call last):
  File "/Users/oemer.demirel/ftoken-lst-sims/venv/lib/python3.11/site-packages/uvicorn/protocols/http/h11_impl.py", line 403, in run_asgi
    result = await app(  # type: ignore[func-returns-value]
             ^^^^^^^^^^^^^^^^^^^^^^^^^^^^^^^^^^^^^^^^^^^^^^
  File "/Users/oemer.demirel/ftoken-lst-sims/venv/lib/python3.11/site-packages/uvicorn/middleware/proxy_headers.py", line 60, in __call__
    return await self.app(scope, receive, send)
           ^^^^^^^^^^^^^^^^^^^^^^^^^^^^^^^^^^^^
  File "/Users/oemer.demirel/ftoken-lst-sims/venv/lib/python3.11/site-packages/fastapi/applications.py", line 1139, in __call__
    await super().__call__(scope, receive, send)
  File "/Users/oemer.demirel/ftoken-lst-sims/venv/lib/python3.11/site-packages/starlette/applications.py", line 107, in __call__
    await self.middleware_stack(scope, receive, send)
  File "/Users/oemer.demirel/ftoken-lst-sims/venv/lib/python3.11/site-packages/starlette/middleware/errors.py", line 186, in __call__
    raise exc
  File "/Users/oemer.demirel/ftoken-lst-sims/venv/lib/python3.11/site-packages/starlette/middleware/errors.py", line 164, in __call__
    await self.app(scope, receive, _send)
  File "/Users/oemer.demirel/ftoken-lst-sims/venv/lib/python3.11/site-packages/starlette/middleware/cors.py", line 93, in __call__
    await self.simple_response(scope, receive, send, request_headers=headers)
  File "/Users/oemer.demirel/ftoken-lst-sims/venv/lib/python3.11/site-packages/starlette/middleware/cors.py", line 144, in simple_response
    await self.app(scope, receive, send)
  File "/Users/oemer.demirel/ftoken-lst-sims/venv/lib/python3.11/site-packages/starlette/middleware/exceptions.py", line 63, in __call__
    await wrap_app_handling_exceptions(self.app, conn)(scope, receive, send)
  File "/Users/oemer.demirel/ftoken-lst-sims/venv/lib/python3.11/site-packages/starlette/_exception_handler.py", line 53, in wrapped_app
    raise exc
  File "/Users/oemer.demirel/ftoken-lst-sims/venv/lib/python3.11/site-packages/starlette/_exception_handler.py", line 42, in wrapped_app
    await app(scope, receive, sender)
  File "/Users/oemer.demirel/ftoken-lst-sims/venv/lib/python3.11/site-packages/fastapi/middleware/asyncexitstack.py", line 18, in __call__
    await self.app(scope, receive, send)
  File "/Users/oemer.demirel/ftoken-lst-sims/venv/lib/python3.11/site-packages/starlette/routing.py", line 716, in __call__
    await self.middleware_stack(scope, receive, send)
  File "/Users/oemer.demirel/ftoken-lst-sims/venv/lib/python3.11/site-packages/starlette/routing.py", line 736, in app
    await route.handle(scope, receive, send)
  File "/Users/oemer.demirel/ftoken-lst-sims/venv/lib/python3.11/site-packages/starlette/routing.py", line 290, in handle
    await self.app(scope, receive, send)
  File "/Users/oemer.demirel/ftoken-lst-sims/venv/lib/python3.11/site-packages/fastapi/routing.py", line 119, in app
    await wrap_app_handling_exceptions(app, request)(scope, receive, send)
  File "/Users/oemer.demirel/ftoken-lst-sims/venv/lib/python3.11/site-packages/starlette/_exception_handler.py", line 53, in wrapped_app
    raise exc
  File "/Users/oemer.demirel/ftoken-lst-sims/venv/lib/python3.11/site-packages/starlette/_exception_handler.py", line 42, in wrapped_app
    await app(scope, receive, sender)
  File "/Users/oemer.demirel/ftoken-lst-sims/venv/lib/python3.11/site-packages/fastapi/routing.py", line 105, in app
    response = await f(request)
               ^^^^^^^^^^^^^^^^
  File "/Users/oemer.demirel/ftoken-lst-sims/venv/lib/python3.11/site-packages/fastapi/routing.py", line 418, in app
    response = actual_response_class(content, **response_args)
               ^^^^^^^^^^^^^^^^^^^^^^^^^^^^^^^^^^^^^^^^^^^^^^^
  File "/Users/oemer.demirel/ftoken-lst-sims/venv/lib/python3.11/site-packages/starlette/responses.py", line 189, in __init__
    super().__init__(content, status_code, headers, media_type, background)
  File "/Users/oemer.demirel/ftoken-lst-sims/venv/lib/python3.11/site-packages/starlette/responses.py", line 46, in __init__
    self.body = self.render(content)
                ^^^^^^^^^^^^^^^^^^^^
  File "/Users/oemer.demirel/ftoken-lst-sims/venv/lib/python3.11/site-packages/starlette/responses.py", line 192, in render
    return json.dumps(
           ^^^^^^^^^^^
  File "/usr/local/Cellar/python@3.11/3.11.12_1/Frameworks/Python.framework/Versions/3.11/lib/python3.11/json/__init__.py", line 238, in dumps
    **kw).encode(obj)
          ^^^^^^^^^^^
  File "/usr/local/Cellar/python@3.11/3.11.12_1/Frameworks/Python.framework/Versions/3.11/lib/python3.11/json/encoder.py", line 200, in encode
    chunks = self.iterencode(o, _one_shot=True)
             ^^^^^^^^^^^^^^^^^^^^^^^^^^^^^^^^^^
  File "/usr/local/Cellar/python@3.11/3.11.12_1/Frameworks/Python.framework/Versions/3.11/lib/python3.11/json/encoder.py", line 258, in iterencode
    return _iterencode(o, 0)
           ^^^^^^^^^^^^^^^^^
ValueError: Out of range float values are not JSON compliant
INFO:     127.0.0.1:56894 - "GET /simulate/cb683634-d1e2-4388-994b-babf7df53310/results HTTP/1.1" 500 Internal Server Error
ERROR:    Exception in ASGI application
Traceback (most recent call last):
  File "/Users/oemer.demirel/ftoken-lst-sims/venv/lib/python3.11/site-packages/uvicorn/protocols/http/h11_impl.py", line 403, in run_asgi
    result = await app(  # type: ignore[func-returns-value]
             ^^^^^^^^^^^^^^^^^^^^^^^^^^^^^^^^^^^^^^^^^^^^^^
  File "/Users/oemer.demirel/ftoken-lst-sims/venv/lib/python3.11/site-packages/uvicorn/middleware/proxy_headers.py", line 60, in __call__
    return await self.app(scope, receive, send)
           ^^^^^^^^^^^^^^^^^^^^^^^^^^^^^^^^^^^^
  File "/Users/oemer.demirel/ftoken-lst-sims/venv/lib/python3.11/site-packages/fastapi/applications.py", line 1139, in __call__
    await super().__call__(scope, receive, send)
  File "/Users/oemer.demirel/ftoken-lst-sims/venv/lib/python3.11/site-packages/starlette/applications.py", line 107, in __call__
    await self.middleware_stack(scope, receive, send)
  File "/Users/oemer.demirel/ftoken-lst-sims/venv/lib/python3.11/site-packages/starlette/middleware/errors.py", line 186, in __call__
    raise exc
  File "/Users/oemer.demirel/ftoken-lst-sims/venv/lib/python3.11/site-packages/starlette/middleware/errors.py", line 164, in __call__
    await self.app(scope, receive, _send)
  File "/Users/oemer.demirel/ftoken-lst-sims/venv/lib/python3.11/site-packages/starlette/middleware/cors.py", line 93, in __call__
    await self.simple_response(scope, receive, send, request_headers=headers)
  File "/Users/oemer.demirel/ftoken-lst-sims/venv/lib/python3.11/site-packages/starlette/middleware/cors.py", line 144, in simple_response
    await self.app(scope, receive, send)
  File "/Users/oemer.demirel/ftoken-lst-sims/venv/lib/python3.11/site-packages/starlette/middleware/exceptions.py", line 63, in __call__
    await wrap_app_handling_exceptions(self.app, conn)(scope, receive, send)
  File "/Users/oemer.demirel/ftoken-lst-sims/venv/lib/python3.11/site-packages/starlette/_exception_handler.py", line 53, in wrapped_app
    raise exc
  File "/Users/oemer.demirel/ftoken-lst-sims/venv/lib/python3.11/site-packages/starlette/_exception_handler.py", line 42, in wrapped_app
    await app(scope, receive, sender)
  File "/Users/oemer.demirel/ftoken-lst-sims/venv/lib/python3.11/site-packages/fastapi/middleware/asyncexitstack.py", line 18, in __call__
    await self.app(scope, receive, send)
  File "/Users/oemer.demirel/ftoken-lst-sims/venv/lib/python3.11/site-packages/starlette/routing.py", line 716, in __call__
    await self.middleware_stack(scope, receive, send)
  File "/Users/oemer.demirel/ftoken-lst-sims/venv/lib/python3.11/site-packages/starlette/routing.py", line 736, in app
    await route.handle(scope, receive, send)
  File "/Users/oemer.demirel/ftoken-lst-sims/venv/lib/python3.11/site-packages/starlette/routing.py", line 290, in handle
    await self.app(scope, receive, send)
  File "/Users/oemer.demirel/ftoken-lst-sims/venv/lib/python3.11/site-packages/fastapi/routing.py", line 119, in app
    await wrap_app_handling_exceptions(app, request)(scope, receive, send)
  File "/Users/oemer.demirel/ftoken-lst-sims/venv/lib/python3.11/site-packages/starlette/_exception_handler.py", line 53, in wrapped_app
    raise exc
  File "/Users/oemer.demirel/ftoken-lst-sims/venv/lib/python3.11/site-packages/starlette/_exception_handler.py", line 42, in wrapped_app
    await app(scope, receive, sender)
  File "/Users/oemer.demirel/ftoken-lst-sims/venv/lib/python3.11/site-packages/fastapi/routing.py", line 105, in app
    response = await f(request)
               ^^^^^^^^^^^^^^^^
  File "/Users/oemer.demirel/ftoken-lst-sims/venv/lib/python3.11/site-packages/fastapi/routing.py", line 418, in app
    response = actual_response_class(content, **response_args)
               ^^^^^^^^^^^^^^^^^^^^^^^^^^^^^^^^^^^^^^^^^^^^^^^
  File "/Users/oemer.demirel/ftoken-lst-sims/venv/lib/python3.11/site-packages/starlette/responses.py", line 189, in __init__
    super().__init__(content, status_code, headers, media_type, background)
  File "/Users/oemer.demirel/ftoken-lst-sims/venv/lib/python3.11/site-packages/starlette/responses.py", line 46, in __init__
    self.body = self.render(content)
                ^^^^^^^^^^^^^^^^^^^^
  File "/Users/oemer.demirel/ftoken-lst-sims/venv/lib/python3.11/site-packages/starlette/responses.py", line 192, in render
    return json.dumps(
           ^^^^^^^^^^^
  File "/usr/local/Cellar/python@3.11/3.11.12_1/Frameworks/Python.framework/Versions/3.11/lib/python3.11/json/__init__.py", line 238, in dumps
    **kw).encode(obj)
          ^^^^^^^^^^^
  File "/usr/local/Cellar/python@3.11/3.11.12_1/Frameworks/Python.framework/Versions/3.11/lib/python3.11/json/encoder.py", line 200, in encode
    chunks = self.iterencode(o, _one_shot=True)
             ^^^^^^^^^^^^^^^^^^^^^^^^^^^^^^^^^^
  File "/usr/local/Cellar/python@3.11/3.11.12_1/Frameworks/Python.framework/Versions/3.11/lib/python3.11/json/encoder.py", line 258, in iterencode
    return _iterencode(o, 0)
           ^^^^^^^^^^^^^^^^^
ValueError: Out of range float values are not JSON compliant
INFO:     127.0.0.1:56897 - "GET /simulate/cb683634-d1e2-4388-994b-babf7df53310/results HTTP/1.1" 500 Internal Server Error
ERROR:    Exception in ASGI application
Traceback (most recent call last):
  File "/Users/oemer.demirel/ftoken-lst-sims/venv/lib/python3.11/site-packages/uvicorn/protocols/http/h11_impl.py", line 403, in run_asgi
    result = await app(  # type: ignore[func-returns-value]
             ^^^^^^^^^^^^^^^^^^^^^^^^^^^^^^^^^^^^^^^^^^^^^^
  File "/Users/oemer.demirel/ftoken-lst-sims/venv/lib/python3.11/site-packages/uvicorn/middleware/proxy_headers.py", line 60, in __call__
    return await self.app(scope, receive, send)
           ^^^^^^^^^^^^^^^^^^^^^^^^^^^^^^^^^^^^
  File "/Users/oemer.demirel/ftoken-lst-sims/venv/lib/python3.11/site-packages/fastapi/applications.py", line 1139, in __call__
    await super().__call__(scope, receive, send)
  File "/Users/oemer.demirel/ftoken-lst-sims/venv/lib/python3.11/site-packages/starlette/applications.py", line 107, in __call__
    await self.middleware_stack(scope, receive, send)
  File "/Users/oemer.demirel/ftoken-lst-sims/venv/lib/python3.11/site-packages/starlette/middleware/errors.py", line 186, in __call__
    raise exc
  File "/Users/oemer.demirel/ftoken-lst-sims/venv/lib/python3.11/site-packages/starlette/middleware/errors.py", line 164, in __call__
    await self.app(scope, receive, _send)
  File "/Users/oemer.demirel/ftoken-lst-sims/venv/lib/python3.11/site-packages/starlette/middleware/cors.py", line 93, in __call__
    await self.simple_response(scope, receive, send, request_headers=headers)
  File "/Users/oemer.demirel/ftoken-lst-sims/venv/lib/python3.11/site-packages/starlette/middleware/cors.py", line 144, in simple_response
    await self.app(scope, receive, send)
  File "/Users/oemer.demirel/ftoken-lst-sims/venv/lib/python3.11/site-packages/starlette/middleware/exceptions.py", line 63, in __call__
    await wrap_app_handling_exceptions(self.app, conn)(scope, receive, send)
  File "/Users/oemer.demirel/ftoken-lst-sims/venv/lib/python3.11/site-packages/starlette/_exception_handler.py", line 53, in wrapped_app
    raise exc
  File "/Users/oemer.demirel/ftoken-lst-sims/venv/lib/python3.11/site-packages/starlette/_exception_handler.py", line 42, in wrapped_app
    await app(scope, receive, sender)
  File "/Users/oemer.demirel/ftoken-lst-sims/venv/lib/python3.11/site-packages/fastapi/middleware/asyncexitstack.py", line 18, in __call__
    await self.app(scope, receive, send)
  File "/Users/oemer.demirel/ftoken-lst-sims/venv/lib/python3.11/site-packages/starlette/routing.py", line 716, in __call__
    await self.middleware_stack(scope, receive, send)
  File "/Users/oemer.demirel/ftoken-lst-sims/venv/lib/python3.11/site-packages/starlette/routing.py", line 736, in app
    await route.handle(scope, receive, send)
  File "/Users/oemer.demirel/ftoken-lst-sims/venv/lib/python3.11/site-packages/starlette/routing.py", line 290, in handle
    await self.app(scope, receive, send)
  File "/Users/oemer.demirel/ftoken-lst-sims/venv/lib/python3.11/site-packages/fastapi/routing.py", line 119, in app
    await wrap_app_handling_exceptions(app, request)(scope, receive, send)
  File "/Users/oemer.demirel/ftoken-lst-sims/venv/lib/python3.11/site-packages/starlette/_exception_handler.py", line 53, in wrapped_app
    raise exc
  File "/Users/oemer.demirel/ftoken-lst-sims/venv/lib/python3.11/site-packages/starlette/_exception_handler.py", line 42, in wrapped_app
    await app(scope, receive, sender)
  File "/Users/oemer.demirel/ftoken-lst-sims/venv/lib/python3.11/site-packages/fastapi/routing.py", line 105, in app
    response = await f(request)
               ^^^^^^^^^^^^^^^^
  File "/Users/oemer.demirel/ftoken-lst-sims/venv/lib/python3.11/site-packages/fastapi/routing.py", line 418, in app
    response = actual_response_class(content, **response_args)
               ^^^^^^^^^^^^^^^^^^^^^^^^^^^^^^^^^^^^^^^^^^^^^^^
  File "/Users/oemer.demirel/ftoken-lst-sims/venv/lib/python3.11/site-packages/starlette/responses.py", line 189, in __init__
    super().__init__(content, status_code, headers, media_type, background)
  File "/Users/oemer.demirel/ftoken-lst-sims/venv/lib/python3.11/site-packages/starlette/responses.py", line 46, in __init__
    self.body = self.render(content)
                ^^^^^^^^^^^^^^^^^^^^
  File "/Users/oemer.demirel/ftoken-lst-sims/venv/lib/python3.11/site-packages/starlette/responses.py", line 192, in render
    return json.dumps(
           ^^^^^^^^^^^
  File "/usr/local/Cellar/python@3.11/3.11.12_1/Frameworks/Python.framework/Versions/3.11/lib/python3.11/json/__init__.py", line 238, in dumps
    **kw).encode(obj)
          ^^^^^^^^^^^
  File "/usr/local/Cellar/python@3.11/3.11.12_1/Frameworks/Python.framework/Versions/3.11/lib/python3.11/json/encoder.py", line 200, in encode
    chunks = self.iterencode(o, _one_shot=True)
             ^^^^^^^^^^^^^^^^^^^^^^^^^^^^^^^^^^
  File "/usr/local/Cellar/python@3.11/3.11.12_1/Frameworks/Python.framework/Versions/3.11/lib/python3.11/json/encoder.py", line 258, in iterencode
    return _iterencode(o, 0)
           ^^^^^^^^^^^^^^^^^
ValueError: Out of range float values are not JSON compliant
INFO:     127.0.0.1:56899 - "GET /simulate/cb683634-d1e2-4388-994b-babf7df53310/results HTTP/1.1" 500 Internal Server Error
ERROR:    Exception in ASGI application
Traceback (most recent call last):
  File "/Users/oemer.demirel/ftoken-lst-sims/venv/lib/python3.11/site-packages/uvicorn/protocols/http/h11_impl.py", line 403, in run_asgi
    result = await app(  # type: ignore[func-returns-value]
             ^^^^^^^^^^^^^^^^^^^^^^^^^^^^^^^^^^^^^^^^^^^^^^
  File "/Users/oemer.demirel/ftoken-lst-sims/venv/lib/python3.11/site-packages/uvicorn/middleware/proxy_headers.py", line 60, in __call__
    return await self.app(scope, receive, send)
           ^^^^^^^^^^^^^^^^^^^^^^^^^^^^^^^^^^^^
  File "/Users/oemer.demirel/ftoken-lst-sims/venv/lib/python3.11/site-packages/fastapi/applications.py", line 1139, in __call__
    await super().__call__(scope, receive, send)
  File "/Users/oemer.demirel/ftoken-lst-sims/venv/lib/python3.11/site-packages/starlette/applications.py", line 107, in __call__
    await self.middleware_stack(scope, receive, send)
  File "/Users/oemer.demirel/ftoken-lst-sims/venv/lib/python3.11/site-packages/starlette/middleware/errors.py", line 186, in __call__
    raise exc
  File "/Users/oemer.demirel/ftoken-lst-sims/venv/lib/python3.11/site-packages/starlette/middleware/errors.py", line 164, in __call__
    await self.app(scope, receive, _send)
  File "/Users/oemer.demirel/ftoken-lst-sims/venv/lib/python3.11/site-packages/starlette/middleware/cors.py", line 93, in __call__
    await self.simple_response(scope, receive, send, request_headers=headers)
  File "/Users/oemer.demirel/ftoken-lst-sims/venv/lib/python3.11/site-packages/starlette/middleware/cors.py", line 144, in simple_response
    await self.app(scope, receive, send)
  File "/Users/oemer.demirel/ftoken-lst-sims/venv/lib/python3.11/site-packages/starlette/middleware/exceptions.py", line 63, in __call__
    await wrap_app_handling_exceptions(self.app, conn)(scope, receive, send)
  File "/Users/oemer.demirel/ftoken-lst-sims/venv/lib/python3.11/site-packages/starlette/_exception_handler.py", line 53, in wrapped_app
    raise exc
  File "/Users/oemer.demirel/ftoken-lst-sims/venv/lib/python3.11/site-packages/starlette/_exception_handler.py", line 42, in wrapped_app
    await app(scope, receive, sender)
  File "/Users/oemer.demirel/ftoken-lst-sims/venv/lib/python3.11/site-packages/fastapi/middleware/asyncexitstack.py", line 18, in __call__
    await self.app(scope, receive, send)
  File "/Users/oemer.demirel/ftoken-lst-sims/venv/lib/python3.11/site-packages/starlette/routing.py", line 716, in __call__
    await self.middleware_stack(scope, receive, send)
  File "/Users/oemer.demirel/ftoken-lst-sims/venv/lib/python3.11/site-packages/starlette/routing.py", line 736, in app
    await route.handle(scope, receive, send)
  File "/Users/oemer.demirel/ftoken-lst-sims/venv/lib/python3.11/site-packages/starlette/routing.py", line 290, in handle
    await self.app(scope, receive, send)
  File "/Users/oemer.demirel/ftoken-lst-sims/venv/lib/python3.11/site-packages/fastapi/routing.py", line 119, in app
    await wrap_app_handling_exceptions(app, request)(scope, receive, send)
  File "/Users/oemer.demirel/ftoken-lst-sims/venv/lib/python3.11/site-packages/starlette/_exception_handler.py", line 53, in wrapped_app
    raise exc
  File "/Users/oemer.demirel/ftoken-lst-sims/venv/lib/python3.11/site-packages/starlette/_exception_handler.py", line 42, in wrapped_app
    await app(scope, receive, sender)
  File "/Users/oemer.demirel/ftoken-lst-sims/venv/lib/python3.11/site-packages/fastapi/routing.py", line 105, in app
    response = await f(request)
               ^^^^^^^^^^^^^^^^
  File "/Users/oemer.demirel/ftoken-lst-sims/venv/lib/python3.11/site-packages/fastapi/routing.py", line 418, in app
    response = actual_response_class(content, **response_args)
               ^^^^^^^^^^^^^^^^^^^^^^^^^^^^^^^^^^^^^^^^^^^^^^^
  File "/Users/oemer.demirel/ftoken-lst-sims/venv/lib/python3.11/site-packages/starlette/responses.py", line 189, in __init__
    super().__init__(content, status_code, headers, media_type, background)
  File "/Users/oemer.demirel/ftoken-lst-sims/venv/lib/python3.11/site-packages/starlette/responses.py", line 46, in __init__
    self.body = self.render(content)
                ^^^^^^^^^^^^^^^^^^^^
  File "/Users/oemer.demirel/ftoken-lst-sims/venv/lib/python3.11/site-packages/starlette/responses.py", line 192, in render
    return json.dumps(
           ^^^^^^^^^^^
  File "/usr/local/Cellar/python@3.11/3.11.12_1/Frameworks/Python.framework/Versions/3.11/lib/python3.11/json/__init__.py", line 238, in dumps
    **kw).encode(obj)
          ^^^^^^^^^^^
  File "/usr/local/Cellar/python@3.11/3.11.12_1/Frameworks/Python.framework/Versions/3.11/lib/python3.11/json/encoder.py", line 200, in encode
    chunks = self.iterencode(o, _one_shot=True)
             ^^^^^^^^^^^^^^^^^^^^^^^^^^^^^^^^^^
  File "/usr/local/Cellar/python@3.11/3.11.12_1/Frameworks/Python.framework/Versions/3.11/lib/python3.11/json/encoder.py", line 258, in iterencode
    return _iterencode(o, 0)
           ^^^^^^^^^^^^^^^^^
ValueError: Out of range float values are not JSON compliant
INFO:     127.0.0.1:56902 - "GET /simulate/cb683634-d1e2-4388-994b-babf7df53310/results HTTP/1.1" 500 Internal Server Error
ERROR:    Exception in ASGI application
Traceback (most recent call last):
  File "/Users/oemer.demirel/ftoken-lst-sims/venv/lib/python3.11/site-packages/uvicorn/protocols/http/h11_impl.py", line 403, in run_asgi
    result = await app(  # type: ignore[func-returns-value]
             ^^^^^^^^^^^^^^^^^^^^^^^^^^^^^^^^^^^^^^^^^^^^^^
  File "/Users/oemer.demirel/ftoken-lst-sims/venv/lib/python3.11/site-packages/uvicorn/middleware/proxy_headers.py", line 60, in __call__
    return await self.app(scope, receive, send)
           ^^^^^^^^^^^^^^^^^^^^^^^^^^^^^^^^^^^^
  File "/Users/oemer.demirel/ftoken-lst-sims/venv/lib/python3.11/site-packages/fastapi/applications.py", line 1139, in __call__
    await super().__call__(scope, receive, send)
  File "/Users/oemer.demirel/ftoken-lst-sims/venv/lib/python3.11/site-packages/starlette/applications.py", line 107, in __call__
    await self.middleware_stack(scope, receive, send)
  File "/Users/oemer.demirel/ftoken-lst-sims/venv/lib/python3.11/site-packages/starlette/middleware/errors.py", line 186, in __call__
    raise exc
  File "/Users/oemer.demirel/ftoken-lst-sims/venv/lib/python3.11/site-packages/starlette/middleware/errors.py", line 164, in __call__
    await self.app(scope, receive, _send)
  File "/Users/oemer.demirel/ftoken-lst-sims/venv/lib/python3.11/site-packages/starlette/middleware/cors.py", line 93, in __call__
    await self.simple_response(scope, receive, send, request_headers=headers)
  File "/Users/oemer.demirel/ftoken-lst-sims/venv/lib/python3.11/site-packages/starlette/middleware/cors.py", line 144, in simple_response
    await self.app(scope, receive, send)
  File "/Users/oemer.demirel/ftoken-lst-sims/venv/lib/python3.11/site-packages/starlette/middleware/exceptions.py", line 63, in __call__
    await wrap_app_handling_exceptions(self.app, conn)(scope, receive, send)
  File "/Users/oemer.demirel/ftoken-lst-sims/venv/lib/python3.11/site-packages/starlette/_exception_handler.py", line 53, in wrapped_app
    raise exc
  File "/Users/oemer.demirel/ftoken-lst-sims/venv/lib/python3.11/site-packages/starlette/_exception_handler.py", line 42, in wrapped_app
    await app(scope, receive, sender)
  File "/Users/oemer.demirel/ftoken-lst-sims/venv/lib/python3.11/site-packages/fastapi/middleware/asyncexitstack.py", line 18, in __call__
    await self.app(scope, receive, send)
  File "/Users/oemer.demirel/ftoken-lst-sims/venv/lib/python3.11/site-packages/starlette/routing.py", line 716, in __call__
    await self.middleware_stack(scope, receive, send)
  File "/Users/oemer.demirel/ftoken-lst-sims/venv/lib/python3.11/site-packages/starlette/routing.py", line 736, in app
    await route.handle(scope, receive, send)
  File "/Users/oemer.demirel/ftoken-lst-sims/venv/lib/python3.11/site-packages/starlette/routing.py", line 290, in handle
    await self.app(scope, receive, send)
  File "/Users/oemer.demirel/ftoken-lst-sims/venv/lib/python3.11/site-packages/fastapi/routing.py", line 119, in app
    await wrap_app_handling_exceptions(app, request)(scope, receive, send)
  File "/Users/oemer.demirel/ftoken-lst-sims/venv/lib/python3.11/site-packages/starlette/_exception_handler.py", line 53, in wrapped_app
    raise exc
  File "/Users/oemer.demirel/ftoken-lst-sims/venv/lib/python3.11/site-packages/starlette/_exception_handler.py", line 42, in wrapped_app
    await app(scope, receive, sender)
  File "/Users/oemer.demirel/ftoken-lst-sims/venv/lib/python3.11/site-packages/fastapi/routing.py", line 105, in app
    response = await f(request)
               ^^^^^^^^^^^^^^^^
  File "/Users/oemer.demirel/ftoken-lst-sims/venv/lib/python3.11/site-packages/fastapi/routing.py", line 418, in app
    response = actual_response_class(content, **response_args)
               ^^^^^^^^^^^^^^^^^^^^^^^^^^^^^^^^^^^^^^^^^^^^^^^
  File "/Users/oemer.demirel/ftoken-lst-sims/venv/lib/python3.11/site-packages/starlette/responses.py", line 189, in __init__
    super().__init__(content, status_code, headers, media_type, background)
  File "/Users/oemer.demirel/ftoken-lst-sims/venv/lib/python3.11/site-packages/starlette/responses.py", line 46, in __init__
    self.body = self.render(content)
                ^^^^^^^^^^^^^^^^^^^^
  File "/Users/oemer.demirel/ftoken-lst-sims/venv/lib/python3.11/site-packages/starlette/responses.py", line 192, in render
    return json.dumps(
           ^^^^^^^^^^^
  File "/usr/local/Cellar/python@3.11/3.11.12_1/Frameworks/Python.framework/Versions/3.11/lib/python3.11/json/__init__.py", line 238, in dumps
    **kw).encode(obj)
          ^^^^^^^^^^^
  File "/usr/local/Cellar/python@3.11/3.11.12_1/Frameworks/Python.framework/Versions/3.11/lib/python3.11/json/encoder.py", line 200, in encode
    chunks = self.iterencode(o, _one_shot=True)
             ^^^^^^^^^^^^^^^^^^^^^^^^^^^^^^^^^^
  File "/usr/local/Cellar/python@3.11/3.11.12_1/Frameworks/Python.framework/Versions/3.11/lib/python3.11/json/encoder.py", line 258, in iterencode
    return _iterencode(o, 0)
           ^^^^^^^^^^^^^^^^^
ValueError: Out of range float values are not JSON compliant
INFO:     127.0.0.1:56904 - "GET /simulate/cb683634-d1e2-4388-994b-babf7df53310/results HTTP/1.1" 500 Internal Server Error
ERROR:    Exception in ASGI application
Traceback (most recent call last):
  File "/Users/oemer.demirel/ftoken-lst-sims/venv/lib/python3.11/site-packages/uvicorn/protocols/http/h11_impl.py", line 403, in run_asgi
    result = await app(  # type: ignore[func-returns-value]
             ^^^^^^^^^^^^^^^^^^^^^^^^^^^^^^^^^^^^^^^^^^^^^^
  File "/Users/oemer.demirel/ftoken-lst-sims/venv/lib/python3.11/site-packages/uvicorn/middleware/proxy_headers.py", line 60, in __call__
    return await self.app(scope, receive, send)
           ^^^^^^^^^^^^^^^^^^^^^^^^^^^^^^^^^^^^
  File "/Users/oemer.demirel/ftoken-lst-sims/venv/lib/python3.11/site-packages/fastapi/applications.py", line 1139, in __call__
    await super().__call__(scope, receive, send)
  File "/Users/oemer.demirel/ftoken-lst-sims/venv/lib/python3.11/site-packages/starlette/applications.py", line 107, in __call__
    await self.middleware_stack(scope, receive, send)
  File "/Users/oemer.demirel/ftoken-lst-sims/venv/lib/python3.11/site-packages/starlette/middleware/errors.py", line 186, in __call__
    raise exc
  File "/Users/oemer.demirel/ftoken-lst-sims/venv/lib/python3.11/site-packages/starlette/middleware/errors.py", line 164, in __call__
    await self.app(scope, receive, _send)
  File "/Users/oemer.demirel/ftoken-lst-sims/venv/lib/python3.11/site-packages/starlette/middleware/cors.py", line 93, in __call__
    await self.simple_response(scope, receive, send, request_headers=headers)
  File "/Users/oemer.demirel/ftoken-lst-sims/venv/lib/python3.11/site-packages/starlette/middleware/cors.py", line 144, in simple_response
    await self.app(scope, receive, send)
  File "/Users/oemer.demirel/ftoken-lst-sims/venv/lib/python3.11/site-packages/starlette/middleware/exceptions.py", line 63, in __call__
    await wrap_app_handling_exceptions(self.app, conn)(scope, receive, send)
  File "/Users/oemer.demirel/ftoken-lst-sims/venv/lib/python3.11/site-packages/starlette/_exception_handler.py", line 53, in wrapped_app
    raise exc
  File "/Users/oemer.demirel/ftoken-lst-sims/venv/lib/python3.11/site-packages/starlette/_exception_handler.py", line 42, in wrapped_app
    await app(scope, receive, sender)
  File "/Users/oemer.demirel/ftoken-lst-sims/venv/lib/python3.11/site-packages/fastapi/middleware/asyncexitstack.py", line 18, in __call__
    await self.app(scope, receive, send)
  File "/Users/oemer.demirel/ftoken-lst-sims/venv/lib/python3.11/site-packages/starlette/routing.py", line 716, in __call__
    await self.middleware_stack(scope, receive, send)
  File "/Users/oemer.demirel/ftoken-lst-sims/venv/lib/python3.11/site-packages/starlette/routing.py", line 736, in app
    await route.handle(scope, receive, send)
  File "/Users/oemer.demirel/ftoken-lst-sims/venv/lib/python3.11/site-packages/starlette/routing.py", line 290, in handle
    await self.app(scope, receive, send)
  File "/Users/oemer.demirel/ftoken-lst-sims/venv/lib/python3.11/site-packages/fastapi/routing.py", line 119, in app
    await wrap_app_handling_exceptions(app, request)(scope, receive, send)
  File "/Users/oemer.demirel/ftoken-lst-sims/venv/lib/python3.11/site-packages/starlette/_exception_handler.py", line 53, in wrapped_app
    raise exc
  File "/Users/oemer.demirel/ftoken-lst-sims/venv/lib/python3.11/site-packages/starlette/_exception_handler.py", line 42, in wrapped_app
    await app(scope, receive, sender)
  File "/Users/oemer.demirel/ftoken-lst-sims/venv/lib/python3.11/site-packages/fastapi/routing.py", line 105, in app
    response = await f(request)
               ^^^^^^^^^^^^^^^^
  File "/Users/oemer.demirel/ftoken-lst-sims/venv/lib/python3.11/site-packages/fastapi/routing.py", line 418, in app
    response = actual_response_class(content, **response_args)
               ^^^^^^^^^^^^^^^^^^^^^^^^^^^^^^^^^^^^^^^^^^^^^^^
  File "/Users/oemer.demirel/ftoken-lst-sims/venv/lib/python3.11/site-packages/starlette/responses.py", line 189, in __init__
    super().__init__(content, status_code, headers, media_type, background)
  File "/Users/oemer.demirel/ftoken-lst-sims/venv/lib/python3.11/site-packages/starlette/responses.py", line 46, in __init__
    self.body = self.render(content)
                ^^^^^^^^^^^^^^^^^^^^
  File "/Users/oemer.demirel/ftoken-lst-sims/venv/lib/python3.11/site-packages/starlette/responses.py", line 192, in render
    return json.dumps(
           ^^^^^^^^^^^
  File "/usr/local/Cellar/python@3.11/3.11.12_1/Frameworks/Python.framework/Versions/3.11/lib/python3.11/json/__init__.py", line 238, in dumps
    **kw).encode(obj)
          ^^^^^^^^^^^
  File "/usr/local/Cellar/python@3.11/3.11.12_1/Frameworks/Python.framework/Versions/3.11/lib/python3.11/json/encoder.py", line 200, in encode
    chunks = self.iterencode(o, _one_shot=True)
             ^^^^^^^^^^^^^^^^^^^^^^^^^^^^^^^^^^
  File "/usr/local/Cellar/python@3.11/3.11.12_1/Frameworks/Python.framework/Versions/3.11/lib/python3.11/json/encoder.py", line 258, in iterencode
    return _iterencode(o, 0)
           ^^^^^^^^^^^^^^^^^
ValueError: Out of range float values are not JSON compliant
INFO:     127.0.0.1:56909 - "GET /simulate/cb683634-d1e2-4388-994b-babf7df53310/results HTTP/1.1" 500 Internal Server Error
ERROR:    Exception in ASGI application
Traceback (most recent call last):
  File "/Users/oemer.demirel/ftoken-lst-sims/venv/lib/python3.11/site-packages/uvicorn/protocols/http/h11_impl.py", line 403, in run_asgi
    result = await app(  # type: ignore[func-returns-value]
             ^^^^^^^^^^^^^^^^^^^^^^^^^^^^^^^^^^^^^^^^^^^^^^
  File "/Users/oemer.demirel/ftoken-lst-sims/venv/lib/python3.11/site-packages/uvicorn/middleware/proxy_headers.py", line 60, in __call__
    return await self.app(scope, receive, send)
           ^^^^^^^^^^^^^^^^^^^^^^^^^^^^^^^^^^^^
  File "/Users/oemer.demirel/ftoken-lst-sims/venv/lib/python3.11/site-packages/fastapi/applications.py", line 1139, in __call__
    await super().__call__(scope, receive, send)
  File "/Users/oemer.demirel/ftoken-lst-sims/venv/lib/python3.11/site-packages/starlette/applications.py", line 107, in __call__
    await self.middleware_stack(scope, receive, send)
  File "/Users/oemer.demirel/ftoken-lst-sims/venv/lib/python3.11/site-packages/starlette/middleware/errors.py", line 186, in __call__
    raise exc
  File "/Users/oemer.demirel/ftoken-lst-sims/venv/lib/python3.11/site-packages/starlette/middleware/errors.py", line 164, in __call__
    await self.app(scope, receive, _send)
  File "/Users/oemer.demirel/ftoken-lst-sims/venv/lib/python3.11/site-packages/starlette/middleware/cors.py", line 93, in __call__
    await self.simple_response(scope, receive, send, request_headers=headers)
  File "/Users/oemer.demirel/ftoken-lst-sims/venv/lib/python3.11/site-packages/starlette/middleware/cors.py", line 144, in simple_response
    await self.app(scope, receive, send)
  File "/Users/oemer.demirel/ftoken-lst-sims/venv/lib/python3.11/site-packages/starlette/middleware/exceptions.py", line 63, in __call__
    await wrap_app_handling_exceptions(self.app, conn)(scope, receive, send)
  File "/Users/oemer.demirel/ftoken-lst-sims/venv/lib/python3.11/site-packages/starlette/_exception_handler.py", line 53, in wrapped_app
    raise exc
  File "/Users/oemer.demirel/ftoken-lst-sims/venv/lib/python3.11/site-packages/starlette/_exception_handler.py", line 42, in wrapped_app
    await app(scope, receive, sender)
  File "/Users/oemer.demirel/ftoken-lst-sims/venv/lib/python3.11/site-packages/fastapi/middleware/asyncexitstack.py", line 18, in __call__
    await self.app(scope, receive, send)
  File "/Users/oemer.demirel/ftoken-lst-sims/venv/lib/python3.11/site-packages/starlette/routing.py", line 716, in __call__
    await self.middleware_stack(scope, receive, send)
  File "/Users/oemer.demirel/ftoken-lst-sims/venv/lib/python3.11/site-packages/starlette/routing.py", line 736, in app
    await route.handle(scope, receive, send)
  File "/Users/oemer.demirel/ftoken-lst-sims/venv/lib/python3.11/site-packages/starlette/routing.py", line 290, in handle
    await self.app(scope, receive, send)
  File "/Users/oemer.demirel/ftoken-lst-sims/venv/lib/python3.11/site-packages/fastapi/routing.py", line 119, in app
    await wrap_app_handling_exceptions(app, request)(scope, receive, send)
  File "/Users/oemer.demirel/ftoken-lst-sims/venv/lib/python3.11/site-packages/starlette/_exception_handler.py", line 53, in wrapped_app
    raise exc
  File "/Users/oemer.demirel/ftoken-lst-sims/venv/lib/python3.11/site-packages/starlette/_exception_handler.py", line 42, in wrapped_app
    await app(scope, receive, sender)
  File "/Users/oemer.demirel/ftoken-lst-sims/venv/lib/python3.11/site-packages/fastapi/routing.py", line 105, in app
    response = await f(request)
               ^^^^^^^^^^^^^^^^
  File "/Users/oemer.demirel/ftoken-lst-sims/venv/lib/python3.11/site-packages/fastapi/routing.py", line 418, in app
    response = actual_response_class(content, **response_args)
               ^^^^^^^^^^^^^^^^^^^^^^^^^^^^^^^^^^^^^^^^^^^^^^^
  File "/Users/oemer.demirel/ftoken-lst-sims/venv/lib/python3.11/site-packages/starlette/responses.py", line 189, in __init__
    super().__init__(content, status_code, headers, media_type, background)
  File "/Users/oemer.demirel/ftoken-lst-sims/venv/lib/python3.11/site-packages/starlette/responses.py", line 46, in __init__
    self.body = self.render(content)
                ^^^^^^^^^^^^^^^^^^^^
  File "/Users/oemer.demirel/ftoken-lst-sims/venv/lib/python3.11/site-packages/starlette/responses.py", line 192, in render
    return json.dumps(
           ^^^^^^^^^^^
  File "/usr/local/Cellar/python@3.11/3.11.12_1/Frameworks/Python.framework/Versions/3.11/lib/python3.11/json/__init__.py", line 238, in dumps
    **kw).encode(obj)
          ^^^^^^^^^^^
  File "/usr/local/Cellar/python@3.11/3.11.12_1/Frameworks/Python.framework/Versions/3.11/lib/python3.11/json/encoder.py", line 200, in encode
    chunks = self.iterencode(o, _one_shot=True)
             ^^^^^^^^^^^^^^^^^^^^^^^^^^^^^^^^^^
  File "/usr/local/Cellar/python@3.11/3.11.12_1/Frameworks/Python.framework/Versions/3.11/lib/python3.11/json/encoder.py", line 258, in iterencode
    return _iterencode(o, 0)
           ^^^^^^^^^^^^^^^^^
ValueError: Out of range float values are not JSON compliant
INFO:     127.0.0.1:56911 - "GET /simulate/cb683634-d1e2-4388-994b-babf7df53310/results HTTP/1.1" 500 Internal Server Error
ERROR:    Exception in ASGI application
Traceback (most recent call last):
  File "/Users/oemer.demirel/ftoken-lst-sims/venv/lib/python3.11/site-packages/uvicorn/protocols/http/h11_impl.py", line 403, in run_asgi
    result = await app(  # type: ignore[func-returns-value]
             ^^^^^^^^^^^^^^^^^^^^^^^^^^^^^^^^^^^^^^^^^^^^^^
  File "/Users/oemer.demirel/ftoken-lst-sims/venv/lib/python3.11/site-packages/uvicorn/middleware/proxy_headers.py", line 60, in __call__
    return await self.app(scope, receive, send)
           ^^^^^^^^^^^^^^^^^^^^^^^^^^^^^^^^^^^^
  File "/Users/oemer.demirel/ftoken-lst-sims/venv/lib/python3.11/site-packages/fastapi/applications.py", line 1139, in __call__
    await super().__call__(scope, receive, send)
  File "/Users/oemer.demirel/ftoken-lst-sims/venv/lib/python3.11/site-packages/starlette/applications.py", line 107, in __call__
    await self.middleware_stack(scope, receive, send)
  File "/Users/oemer.demirel/ftoken-lst-sims/venv/lib/python3.11/site-packages/starlette/middleware/errors.py", line 186, in __call__
    raise exc
  File "/Users/oemer.demirel/ftoken-lst-sims/venv/lib/python3.11/site-packages/starlette/middleware/errors.py", line 164, in __call__
    await self.app(scope, receive, _send)
  File "/Users/oemer.demirel/ftoken-lst-sims/venv/lib/python3.11/site-packages/starlette/middleware/cors.py", line 93, in __call__
    await self.simple_response(scope, receive, send, request_headers=headers)
  File "/Users/oemer.demirel/ftoken-lst-sims/venv/lib/python3.11/site-packages/starlette/middleware/cors.py", line 144, in simple_response
    await self.app(scope, receive, send)
  File "/Users/oemer.demirel/ftoken-lst-sims/venv/lib/python3.11/site-packages/starlette/middleware/exceptions.py", line 63, in __call__
    await wrap_app_handling_exceptions(self.app, conn)(scope, receive, send)
  File "/Users/oemer.demirel/ftoken-lst-sims/venv/lib/python3.11/site-packages/starlette/_exception_handler.py", line 53, in wrapped_app
    raise exc
  File "/Users/oemer.demirel/ftoken-lst-sims/venv/lib/python3.11/site-packages/starlette/_exception_handler.py", line 42, in wrapped_app
    await app(scope, receive, sender)
  File "/Users/oemer.demirel/ftoken-lst-sims/venv/lib/python3.11/site-packages/fastapi/middleware/asyncexitstack.py", line 18, in __call__
    await self.app(scope, receive, send)
  File "/Users/oemer.demirel/ftoken-lst-sims/venv/lib/python3.11/site-packages/starlette/routing.py", line 716, in __call__
    await self.middleware_stack(scope, receive, send)
  File "/Users/oemer.demirel/ftoken-lst-sims/venv/lib/python3.11/site-packages/starlette/routing.py", line 736, in app
    await route.handle(scope, receive, send)
  File "/Users/oemer.demirel/ftoken-lst-sims/venv/lib/python3.11/site-packages/starlette/routing.py", line 290, in handle
    await self.app(scope, receive, send)
  File "/Users/oemer.demirel/ftoken-lst-sims/venv/lib/python3.11/site-packages/fastapi/routing.py", line 119, in app
    await wrap_app_handling_exceptions(app, request)(scope, receive, send)
  File "/Users/oemer.demirel/ftoken-lst-sims/venv/lib/python3.11/site-packages/starlette/_exception_handler.py", line 53, in wrapped_app
    raise exc
  File "/Users/oemer.demirel/ftoken-lst-sims/venv/lib/python3.11/site-packages/starlette/_exception_handler.py", line 42, in wrapped_app
    await app(scope, receive, sender)
  File "/Users/oemer.demirel/ftoken-lst-sims/venv/lib/python3.11/site-packages/fastapi/routing.py", line 105, in app
    response = await f(request)
               ^^^^^^^^^^^^^^^^
  File "/Users/oemer.demirel/ftoken-lst-sims/venv/lib/python3.11/site-packages/fastapi/routing.py", line 418, in app
    response = actual_response_class(content, **response_args)
               ^^^^^^^^^^^^^^^^^^^^^^^^^^^^^^^^^^^^^^^^^^^^^^^
  File "/Users/oemer.demirel/ftoken-lst-sims/venv/lib/python3.11/site-packages/starlette/responses.py", line 189, in __init__
    super().__init__(content, status_code, headers, media_type, background)
  File "/Users/oemer.demirel/ftoken-lst-sims/venv/lib/python3.11/site-packages/starlette/responses.py", line 46, in __init__
    self.body = self.render(content)
                ^^^^^^^^^^^^^^^^^^^^
  File "/Users/oemer.demirel/ftoken-lst-sims/venv/lib/python3.11/site-packages/starlette/responses.py", line 192, in render
    return json.dumps(
           ^^^^^^^^^^^
  File "/usr/local/Cellar/python@3.11/3.11.12_1/Frameworks/Python.framework/Versions/3.11/lib/python3.11/json/__init__.py", line 238, in dumps
    **kw).encode(obj)
          ^^^^^^^^^^^
  File "/usr/local/Cellar/python@3.11/3.11.12_1/Frameworks/Python.framework/Versions/3.11/lib/python3.11/json/encoder.py", line 200, in encode
    chunks = self.iterencode(o, _one_shot=True)
             ^^^^^^^^^^^^^^^^^^^^^^^^^^^^^^^^^^
  File "/usr/local/Cellar/python@3.11/3.11.12_1/Frameworks/Python.framework/Versions/3.11/lib/python3.11/json/encoder.py", line 258, in iterencode
    return _iterencode(o, 0)
           ^^^^^^^^^^^^^^^^^
ValueError: Out of range float values are not JSON compliant
INFO:     127.0.0.1:56915 - "GET /simulate/cb683634-d1e2-4388-994b-babf7df53310/results HTTP/1.1" 500 Internal Server Error
ERROR:    Exception in ASGI application
Traceback (most recent call last):
  File "/Users/oemer.demirel/ftoken-lst-sims/venv/lib/python3.11/site-packages/uvicorn/protocols/http/h11_impl.py", line 403, in run_asgi
    result = await app(  # type: ignore[func-returns-value]
             ^^^^^^^^^^^^^^^^^^^^^^^^^^^^^^^^^^^^^^^^^^^^^^
  File "/Users/oemer.demirel/ftoken-lst-sims/venv/lib/python3.11/site-packages/uvicorn/middleware/proxy_headers.py", line 60, in __call__
    return await self.app(scope, receive, send)
           ^^^^^^^^^^^^^^^^^^^^^^^^^^^^^^^^^^^^
  File "/Users/oemer.demirel/ftoken-lst-sims/venv/lib/python3.11/site-packages/fastapi/applications.py", line 1139, in __call__
    await super().__call__(scope, receive, send)
  File "/Users/oemer.demirel/ftoken-lst-sims/venv/lib/python3.11/site-packages/starlette/applications.py", line 107, in __call__
    await self.middleware_stack(scope, receive, send)
  File "/Users/oemer.demirel/ftoken-lst-sims/venv/lib/python3.11/site-packages/starlette/middleware/errors.py", line 186, in __call__
    raise exc
  File "/Users/oemer.demirel/ftoken-lst-sims/venv/lib/python3.11/site-packages/starlette/middleware/errors.py", line 164, in __call__
    await self.app(scope, receive, _send)
  File "/Users/oemer.demirel/ftoken-lst-sims/venv/lib/python3.11/site-packages/starlette/middleware/cors.py", line 93, in __call__
    await self.simple_response(scope, receive, send, request_headers=headers)
  File "/Users/oemer.demirel/ftoken-lst-sims/venv/lib/python3.11/site-packages/starlette/middleware/cors.py", line 144, in simple_response
    await self.app(scope, receive, send)
  File "/Users/oemer.demirel/ftoken-lst-sims/venv/lib/python3.11/site-packages/starlette/middleware/exceptions.py", line 63, in __call__
    await wrap_app_handling_exceptions(self.app, conn)(scope, receive, send)
  File "/Users/oemer.demirel/ftoken-lst-sims/venv/lib/python3.11/site-packages/starlette/_exception_handler.py", line 53, in wrapped_app
    raise exc
  File "/Users/oemer.demirel/ftoken-lst-sims/venv/lib/python3.11/site-packages/starlette/_exception_handler.py", line 42, in wrapped_app
    await app(scope, receive, sender)
  File "/Users/oemer.demirel/ftoken-lst-sims/venv/lib/python3.11/site-packages/fastapi/middleware/asyncexitstack.py", line 18, in __call__
    await self.app(scope, receive, send)
  File "/Users/oemer.demirel/ftoken-lst-sims/venv/lib/python3.11/site-packages/starlette/routing.py", line 716, in __call__
    await self.middleware_stack(scope, receive, send)
  File "/Users/oemer.demirel/ftoken-lst-sims/venv/lib/python3.11/site-packages/starlette/routing.py", line 736, in app
    await route.handle(scope, receive, send)
  File "/Users/oemer.demirel/ftoken-lst-sims/venv/lib/python3.11/site-packages/starlette/routing.py", line 290, in handle
    await self.app(scope, receive, send)
  File "/Users/oemer.demirel/ftoken-lst-sims/venv/lib/python3.11/site-packages/fastapi/routing.py", line 119, in app
    await wrap_app_handling_exceptions(app, request)(scope, receive, send)
  File "/Users/oemer.demirel/ftoken-lst-sims/venv/lib/python3.11/site-packages/starlette/_exception_handler.py", line 53, in wrapped_app
    raise exc
  File "/Users/oemer.demirel/ftoken-lst-sims/venv/lib/python3.11/site-packages/starlette/_exception_handler.py", line 42, in wrapped_app
    await app(scope, receive, sender)
  File "/Users/oemer.demirel/ftoken-lst-sims/venv/lib/python3.11/site-packages/fastapi/routing.py", line 105, in app
    response = await f(request)
               ^^^^^^^^^^^^^^^^
  File "/Users/oemer.demirel/ftoken-lst-sims/venv/lib/python3.11/site-packages/fastapi/routing.py", line 418, in app
    response = actual_response_class(content, **response_args)
               ^^^^^^^^^^^^^^^^^^^^^^^^^^^^^^^^^^^^^^^^^^^^^^^
  File "/Users/oemer.demirel/ftoken-lst-sims/venv/lib/python3.11/site-packages/starlette/responses.py", line 189, in __init__
    super().__init__(content, status_code, headers, media_type, background)
  File "/Users/oemer.demirel/ftoken-lst-sims/venv/lib/python3.11/site-packages/starlette/responses.py", line 46, in __init__
    self.body = self.render(content)
                ^^^^^^^^^^^^^^^^^^^^
  File "/Users/oemer.demirel/ftoken-lst-sims/venv/lib/python3.11/site-packages/starlette/responses.py", line 192, in render
    return json.dumps(
           ^^^^^^^^^^^
  File "/usr/local/Cellar/python@3.11/3.11.12_1/Frameworks/Python.framework/Versions/3.11/lib/python3.11/json/__init__.py", line 238, in dumps
    **kw).encode(obj)
          ^^^^^^^^^^^
  File "/usr/local/Cellar/python@3.11/3.11.12_1/Frameworks/Python.framework/Versions/3.11/lib/python3.11/json/encoder.py", line 200, in encode
    chunks = self.iterencode(o, _one_shot=True)
             ^^^^^^^^^^^^^^^^^^^^^^^^^^^^^^^^^^
  File "/usr/local/Cellar/python@3.11/3.11.12_1/Frameworks/Python.framework/Versions/3.11/lib/python3.11/json/encoder.py", line 258, in iterencode
    return _iterencode(o, 0)
           ^^^^^^^^^^^^^^^^^
ValueError: Out of range float values are not JSON compliant
INFO:     127.0.0.1:56917 - "GET /simulate/cb683634-d1e2-4388-994b-babf7df53310/results HTTP/1.1" 500 Internal Server Error
ERROR:    Exception in ASGI application
Traceback (most recent call last):
  File "/Users/oemer.demirel/ftoken-lst-sims/venv/lib/python3.11/site-packages/uvicorn/protocols/http/h11_impl.py", line 403, in run_asgi
    result = await app(  # type: ignore[func-returns-value]
             ^^^^^^^^^^^^^^^^^^^^^^^^^^^^^^^^^^^^^^^^^^^^^^
  File "/Users/oemer.demirel/ftoken-lst-sims/venv/lib/python3.11/site-packages/uvicorn/middleware/proxy_headers.py", line 60, in __call__
    return await self.app(scope, receive, send)
           ^^^^^^^^^^^^^^^^^^^^^^^^^^^^^^^^^^^^
  File "/Users/oemer.demirel/ftoken-lst-sims/venv/lib/python3.11/site-packages/fastapi/applications.py", line 1139, in __call__
    await super().__call__(scope, receive, send)
  File "/Users/oemer.demirel/ftoken-lst-sims/venv/lib/python3.11/site-packages/starlette/applications.py", line 107, in __call__
    await self.middleware_stack(scope, receive, send)
  File "/Users/oemer.demirel/ftoken-lst-sims/venv/lib/python3.11/site-packages/starlette/middleware/errors.py", line 186, in __call__
    raise exc
  File "/Users/oemer.demirel/ftoken-lst-sims/venv/lib/python3.11/site-packages/starlette/middleware/errors.py", line 164, in __call__
    await self.app(scope, receive, _send)
  File "/Users/oemer.demirel/ftoken-lst-sims/venv/lib/python3.11/site-packages/starlette/middleware/cors.py", line 93, in __call__
    await self.simple_response(scope, receive, send, request_headers=headers)
  File "/Users/oemer.demirel/ftoken-lst-sims/venv/lib/python3.11/site-packages/starlette/middleware/cors.py", line 144, in simple_response
    await self.app(scope, receive, send)
  File "/Users/oemer.demirel/ftoken-lst-sims/venv/lib/python3.11/site-packages/starlette/middleware/exceptions.py", line 63, in __call__
    await wrap_app_handling_exceptions(self.app, conn)(scope, receive, send)
  File "/Users/oemer.demirel/ftoken-lst-sims/venv/lib/python3.11/site-packages/starlette/_exception_handler.py", line 53, in wrapped_app
    raise exc
  File "/Users/oemer.demirel/ftoken-lst-sims/venv/lib/python3.11/site-packages/starlette/_exception_handler.py", line 42, in wrapped_app
    await app(scope, receive, sender)
  File "/Users/oemer.demirel/ftoken-lst-sims/venv/lib/python3.11/site-packages/fastapi/middleware/asyncexitstack.py", line 18, in __call__
    await self.app(scope, receive, send)
  File "/Users/oemer.demirel/ftoken-lst-sims/venv/lib/python3.11/site-packages/starlette/routing.py", line 716, in __call__
    await self.middleware_stack(scope, receive, send)
  File "/Users/oemer.demirel/ftoken-lst-sims/venv/lib/python3.11/site-packages/starlette/routing.py", line 736, in app
    await route.handle(scope, receive, send)
  File "/Users/oemer.demirel/ftoken-lst-sims/venv/lib/python3.11/site-packages/starlette/routing.py", line 290, in handle
    await self.app(scope, receive, send)
  File "/Users/oemer.demirel/ftoken-lst-sims/venv/lib/python3.11/site-packages/fastapi/routing.py", line 119, in app
    await wrap_app_handling_exceptions(app, request)(scope, receive, send)
  File "/Users/oemer.demirel/ftoken-lst-sims/venv/lib/python3.11/site-packages/starlette/_exception_handler.py", line 53, in wrapped_app
    raise exc
  File "/Users/oemer.demirel/ftoken-lst-sims/venv/lib/python3.11/site-packages/starlette/_exception_handler.py", line 42, in wrapped_app
    await app(scope, receive, sender)
  File "/Users/oemer.demirel/ftoken-lst-sims/venv/lib/python3.11/site-packages/fastapi/routing.py", line 105, in app
    response = await f(request)
               ^^^^^^^^^^^^^^^^
  File "/Users/oemer.demirel/ftoken-lst-sims/venv/lib/python3.11/site-packages/fastapi/routing.py", line 418, in app
    response = actual_response_class(content, **response_args)
               ^^^^^^^^^^^^^^^^^^^^^^^^^^^^^^^^^^^^^^^^^^^^^^^
  File "/Users/oemer.demirel/ftoken-lst-sims/venv/lib/python3.11/site-packages/starlette/responses.py", line 189, in __init__
    super().__init__(content, status_code, headers, media_type, background)
  File "/Users/oemer.demirel/ftoken-lst-sims/venv/lib/python3.11/site-packages/starlette/responses.py", line 46, in __init__
    self.body = self.render(content)
                ^^^^^^^^^^^^^^^^^^^^
  File "/Users/oemer.demirel/ftoken-lst-sims/venv/lib/python3.11/site-packages/starlette/responses.py", line 192, in render
    return json.dumps(
           ^^^^^^^^^^^
  File "/usr/local/Cellar/python@3.11/3.11.12_1/Frameworks/Python.framework/Versions/3.11/lib/python3.11/json/__init__.py", line 238, in dumps
    **kw).encode(obj)
          ^^^^^^^^^^^
  File "/usr/local/Cellar/python@3.11/3.11.12_1/Frameworks/Python.framework/Versions/3.11/lib/python3.11/json/encoder.py", line 200, in encode
    chunks = self.iterencode(o, _one_shot=True)
             ^^^^^^^^^^^^^^^^^^^^^^^^^^^^^^^^^^
  File "/usr/local/Cellar/python@3.11/3.11.12_1/Frameworks/Python.framework/Versions/3.11/lib/python3.11/json/encoder.py", line 258, in iterencode
    return _iterencode(o, 0)
           ^^^^^^^^^^^^^^^^^
ValueError: Out of range float values are not JSON compliant
INFO:     127.0.0.1:56919 - "GET /simulate/cb683634-d1e2-4388-994b-babf7df53310/results HTTP/1.1" 500 Internal Server Error
ERROR:    Exception in ASGI application
Traceback (most recent call last):
  File "/Users/oemer.demirel/ftoken-lst-sims/venv/lib/python3.11/site-packages/uvicorn/protocols/http/h11_impl.py", line 403, in run_asgi
    result = await app(  # type: ignore[func-returns-value]
             ^^^^^^^^^^^^^^^^^^^^^^^^^^^^^^^^^^^^^^^^^^^^^^
  File "/Users/oemer.demirel/ftoken-lst-sims/venv/lib/python3.11/site-packages/uvicorn/middleware/proxy_headers.py", line 60, in __call__
    return await self.app(scope, receive, send)
           ^^^^^^^^^^^^^^^^^^^^^^^^^^^^^^^^^^^^
  File "/Users/oemer.demirel/ftoken-lst-sims/venv/lib/python3.11/site-packages/fastapi/applications.py", line 1139, in __call__
    await super().__call__(scope, receive, send)
  File "/Users/oemer.demirel/ftoken-lst-sims/venv/lib/python3.11/site-packages/starlette/applications.py", line 107, in __call__
    await self.middleware_stack(scope, receive, send)
  File "/Users/oemer.demirel/ftoken-lst-sims/venv/lib/python3.11/site-packages/starlette/middleware/errors.py", line 186, in __call__
    raise exc
  File "/Users/oemer.demirel/ftoken-lst-sims/venv/lib/python3.11/site-packages/starlette/middleware/errors.py", line 164, in __call__
    await self.app(scope, receive, _send)
  File "/Users/oemer.demirel/ftoken-lst-sims/venv/lib/python3.11/site-packages/starlette/middleware/cors.py", line 93, in __call__
    await self.simple_response(scope, receive, send, request_headers=headers)
  File "/Users/oemer.demirel/ftoken-lst-sims/venv/lib/python3.11/site-packages/starlette/middleware/cors.py", line 144, in simple_response
    await self.app(scope, receive, send)
  File "/Users/oemer.demirel/ftoken-lst-sims/venv/lib/python3.11/site-packages/starlette/middleware/exceptions.py", line 63, in __call__
    await wrap_app_handling_exceptions(self.app, conn)(scope, receive, send)
  File "/Users/oemer.demirel/ftoken-lst-sims/venv/lib/python3.11/site-packages/starlette/_exception_handler.py", line 53, in wrapped_app
    raise exc
  File "/Users/oemer.demirel/ftoken-lst-sims/venv/lib/python3.11/site-packages/starlette/_exception_handler.py", line 42, in wrapped_app
    await app(scope, receive, sender)
  File "/Users/oemer.demirel/ftoken-lst-sims/venv/lib/python3.11/site-packages/fastapi/middleware/asyncexitstack.py", line 18, in __call__
    await self.app(scope, receive, send)
  File "/Users/oemer.demirel/ftoken-lst-sims/venv/lib/python3.11/site-packages/starlette/routing.py", line 716, in __call__
    await self.middleware_stack(scope, receive, send)
  File "/Users/oemer.demirel/ftoken-lst-sims/venv/lib/python3.11/site-packages/starlette/routing.py", line 736, in app
    await route.handle(scope, receive, send)
  File "/Users/oemer.demirel/ftoken-lst-sims/venv/lib/python3.11/site-packages/starlette/routing.py", line 290, in handle
    await self.app(scope, receive, send)
  File "/Users/oemer.demirel/ftoken-lst-sims/venv/lib/python3.11/site-packages/fastapi/routing.py", line 119, in app
    await wrap_app_handling_exceptions(app, request)(scope, receive, send)
  File "/Users/oemer.demirel/ftoken-lst-sims/venv/lib/python3.11/site-packages/starlette/_exception_handler.py", line 53, in wrapped_app
    raise exc
  File "/Users/oemer.demirel/ftoken-lst-sims/venv/lib/python3.11/site-packages/starlette/_exception_handler.py", line 42, in wrapped_app
    await app(scope, receive, sender)
  File "/Users/oemer.demirel/ftoken-lst-sims/venv/lib/python3.11/site-packages/fastapi/routing.py", line 105, in app
    response = await f(request)
               ^^^^^^^^^^^^^^^^
  File "/Users/oemer.demirel/ftoken-lst-sims/venv/lib/python3.11/site-packages/fastapi/routing.py", line 418, in app
    response = actual_response_class(content, **response_args)
               ^^^^^^^^^^^^^^^^^^^^^^^^^^^^^^^^^^^^^^^^^^^^^^^
  File "/Users/oemer.demirel/ftoken-lst-sims/venv/lib/python3.11/site-packages/starlette/responses.py", line 189, in __init__
    super().__init__(content, status_code, headers, media_type, background)
  File "/Users/oemer.demirel/ftoken-lst-sims/venv/lib/python3.11/site-packages/starlette/responses.py", line 46, in __init__
    self.body = self.render(content)
                ^^^^^^^^^^^^^^^^^^^^
  File "/Users/oemer.demirel/ftoken-lst-sims/venv/lib/python3.11/site-packages/starlette/responses.py", line 192, in render
    return json.dumps(
           ^^^^^^^^^^^
  File "/usr/local/Cellar/python@3.11/3.11.12_1/Frameworks/Python.framework/Versions/3.11/lib/python3.11/json/__init__.py", line 238, in dumps
    **kw).encode(obj)
          ^^^^^^^^^^^
  File "/usr/local/Cellar/python@3.11/3.11.12_1/Frameworks/Python.framework/Versions/3.11/lib/python3.11/json/encoder.py", line 200, in encode
    chunks = self.iterencode(o, _one_shot=True)
             ^^^^^^^^^^^^^^^^^^^^^^^^^^^^^^^^^^
  File "/usr/local/Cellar/python@3.11/3.11.12_1/Frameworks/Python.framework/Versions/3.11/lib/python3.11/json/encoder.py", line 258, in iterencode
    return _iterencode(o, 0)
           ^^^^^^^^^^^^^^^^^
ValueError: Out of range float values are not JSON compliant
INFO:     127.0.0.1:56923 - "GET /simulate/cb683634-d1e2-4388-994b-babf7df53310/results HTTP/1.1" 500 Internal Server Error
ERROR:    Exception in ASGI application
Traceback (most recent call last):
  File "/Users/oemer.demirel/ftoken-lst-sims/venv/lib/python3.11/site-packages/uvicorn/protocols/http/h11_impl.py", line 403, in run_asgi
    result = await app(  # type: ignore[func-returns-value]
             ^^^^^^^^^^^^^^^^^^^^^^^^^^^^^^^^^^^^^^^^^^^^^^
  File "/Users/oemer.demirel/ftoken-lst-sims/venv/lib/python3.11/site-packages/uvicorn/middleware/proxy_headers.py", line 60, in __call__
    return await self.app(scope, receive, send)
           ^^^^^^^^^^^^^^^^^^^^^^^^^^^^^^^^^^^^
  File "/Users/oemer.demirel/ftoken-lst-sims/venv/lib/python3.11/site-packages/fastapi/applications.py", line 1139, in __call__
    await super().__call__(scope, receive, send)
  File "/Users/oemer.demirel/ftoken-lst-sims/venv/lib/python3.11/site-packages/starlette/applications.py", line 107, in __call__
    await self.middleware_stack(scope, receive, send)
  File "/Users/oemer.demirel/ftoken-lst-sims/venv/lib/python3.11/site-packages/starlette/middleware/errors.py", line 186, in __call__
    raise exc
  File "/Users/oemer.demirel/ftoken-lst-sims/venv/lib/python3.11/site-packages/starlette/middleware/errors.py", line 164, in __call__
    await self.app(scope, receive, _send)
  File "/Users/oemer.demirel/ftoken-lst-sims/venv/lib/python3.11/site-packages/starlette/middleware/cors.py", line 93, in __call__
    await self.simple_response(scope, receive, send, request_headers=headers)
  File "/Users/oemer.demirel/ftoken-lst-sims/venv/lib/python3.11/site-packages/starlette/middleware/cors.py", line 144, in simple_response
    await self.app(scope, receive, send)
  File "/Users/oemer.demirel/ftoken-lst-sims/venv/lib/python3.11/site-packages/starlette/middleware/exceptions.py", line 63, in __call__
    await wrap_app_handling_exceptions(self.app, conn)(scope, receive, send)
  File "/Users/oemer.demirel/ftoken-lst-sims/venv/lib/python3.11/site-packages/starlette/_exception_handler.py", line 53, in wrapped_app
    raise exc
  File "/Users/oemer.demirel/ftoken-lst-sims/venv/lib/python3.11/site-packages/starlette/_exception_handler.py", line 42, in wrapped_app
    await app(scope, receive, sender)
  File "/Users/oemer.demirel/ftoken-lst-sims/venv/lib/python3.11/site-packages/fastapi/middleware/asyncexitstack.py", line 18, in __call__
    await self.app(scope, receive, send)
  File "/Users/oemer.demirel/ftoken-lst-sims/venv/lib/python3.11/site-packages/starlette/routing.py", line 716, in __call__
    await self.middleware_stack(scope, receive, send)
  File "/Users/oemer.demirel/ftoken-lst-sims/venv/lib/python3.11/site-packages/starlette/routing.py", line 736, in app
    await route.handle(scope, receive, send)
  File "/Users/oemer.demirel/ftoken-lst-sims/venv/lib/python3.11/site-packages/starlette/routing.py", line 290, in handle
    await self.app(scope, receive, send)
  File "/Users/oemer.demirel/ftoken-lst-sims/venv/lib/python3.11/site-packages/fastapi/routing.py", line 119, in app
    await wrap_app_handling_exceptions(app, request)(scope, receive, send)
  File "/Users/oemer.demirel/ftoken-lst-sims/venv/lib/python3.11/site-packages/starlette/_exception_handler.py", line 53, in wrapped_app
    raise exc
  File "/Users/oemer.demirel/ftoken-lst-sims/venv/lib/python3.11/site-packages/starlette/_exception_handler.py", line 42, in wrapped_app
    await app(scope, receive, sender)
  File "/Users/oemer.demirel/ftoken-lst-sims/venv/lib/python3.11/site-packages/fastapi/routing.py", line 105, in app
    response = await f(request)
               ^^^^^^^^^^^^^^^^
  File "/Users/oemer.demirel/ftoken-lst-sims/venv/lib/python3.11/site-packages/fastapi/routing.py", line 418, in app
    response = actual_response_class(content, **response_args)
               ^^^^^^^^^^^^^^^^^^^^^^^^^^^^^^^^^^^^^^^^^^^^^^^
  File "/Users/oemer.demirel/ftoken-lst-sims/venv/lib/python3.11/site-packages/starlette/responses.py", line 189, in __init__
    super().__init__(content, status_code, headers, media_type, background)
  File "/Users/oemer.demirel/ftoken-lst-sims/venv/lib/python3.11/site-packages/starlette/responses.py", line 46, in __init__
    self.body = self.render(content)
                ^^^^^^^^^^^^^^^^^^^^
  File "/Users/oemer.demirel/ftoken-lst-sims/venv/lib/python3.11/site-packages/starlette/responses.py", line 192, in render
    return json.dumps(
           ^^^^^^^^^^^
  File "/usr/local/Cellar/python@3.11/3.11.12_1/Frameworks/Python.framework/Versions/3.11/lib/python3.11/json/__init__.py", line 238, in dumps
    **kw).encode(obj)
          ^^^^^^^^^^^
  File "/usr/local/Cellar/python@3.11/3.11.12_1/Frameworks/Python.framework/Versions/3.11/lib/python3.11/json/encoder.py", line 200, in encode
    chunks = self.iterencode(o, _one_shot=True)
             ^^^^^^^^^^^^^^^^^^^^^^^^^^^^^^^^^^
  File "/usr/local/Cellar/python@3.11/3.11.12_1/Frameworks/Python.framework/Versions/3.11/lib/python3.11/json/encoder.py", line 258, in iterencode
    return _iterencode(o, 0)
           ^^^^^^^^^^^^^^^^^
ValueError: Out of range float values are not JSON compliant
INFO:     127.0.0.1:56927 - "GET /simulate/cb683634-d1e2-4388-994b-babf7df53310/results HTTP/1.1" 500 Internal Server Error
ERROR:    Exception in ASGI application
Traceback (most recent call last):
  File "/Users/oemer.demirel/ftoken-lst-sims/venv/lib/python3.11/site-packages/uvicorn/protocols/http/h11_impl.py", line 403, in run_asgi
    result = await app(  # type: ignore[func-returns-value]
             ^^^^^^^^^^^^^^^^^^^^^^^^^^^^^^^^^^^^^^^^^^^^^^
  File "/Users/oemer.demirel/ftoken-lst-sims/venv/lib/python3.11/site-packages/uvicorn/middleware/proxy_headers.py", line 60, in __call__
    return await self.app(scope, receive, send)
           ^^^^^^^^^^^^^^^^^^^^^^^^^^^^^^^^^^^^
  File "/Users/oemer.demirel/ftoken-lst-sims/venv/lib/python3.11/site-packages/fastapi/applications.py", line 1139, in __call__
    await super().__call__(scope, receive, send)
  File "/Users/oemer.demirel/ftoken-lst-sims/venv/lib/python3.11/site-packages/starlette/applications.py", line 107, in __call__
    await self.middleware_stack(scope, receive, send)
  File "/Users/oemer.demirel/ftoken-lst-sims/venv/lib/python3.11/site-packages/starlette/middleware/errors.py", line 186, in __call__
    raise exc
  File "/Users/oemer.demirel/ftoken-lst-sims/venv/lib/python3.11/site-packages/starlette/middleware/errors.py", line 164, in __call__
    await self.app(scope, receive, _send)
  File "/Users/oemer.demirel/ftoken-lst-sims/venv/lib/python3.11/site-packages/starlette/middleware/cors.py", line 93, in __call__
    await self.simple_response(scope, receive, send, request_headers=headers)
  File "/Users/oemer.demirel/ftoken-lst-sims/venv/lib/python3.11/site-packages/starlette/middleware/cors.py", line 144, in simple_response
    await self.app(scope, receive, send)
  File "/Users/oemer.demirel/ftoken-lst-sims/venv/lib/python3.11/site-packages/starlette/middleware/exceptions.py", line 63, in __call__
    await wrap_app_handling_exceptions(self.app, conn)(scope, receive, send)
  File "/Users/oemer.demirel/ftoken-lst-sims/venv/lib/python3.11/site-packages/starlette/_exception_handler.py", line 53, in wrapped_app
    raise exc
  File "/Users/oemer.demirel/ftoken-lst-sims/venv/lib/python3.11/site-packages/starlette/_exception_handler.py", line 42, in wrapped_app
    await app(scope, receive, sender)
  File "/Users/oemer.demirel/ftoken-lst-sims/venv/lib/python3.11/site-packages/fastapi/middleware/asyncexitstack.py", line 18, in __call__
    await self.app(scope, receive, send)
  File "/Users/oemer.demirel/ftoken-lst-sims/venv/lib/python3.11/site-packages/starlette/routing.py", line 716, in __call__
    await self.middleware_stack(scope, receive, send)
  File "/Users/oemer.demirel/ftoken-lst-sims/venv/lib/python3.11/site-packages/starlette/routing.py", line 736, in app
    await route.handle(scope, receive, send)
  File "/Users/oemer.demirel/ftoken-lst-sims/venv/lib/python3.11/site-packages/starlette/routing.py", line 290, in handle
    await self.app(scope, receive, send)
  File "/Users/oemer.demirel/ftoken-lst-sims/venv/lib/python3.11/site-packages/fastapi/routing.py", line 119, in app
    await wrap_app_handling_exceptions(app, request)(scope, receive, send)
  File "/Users/oemer.demirel/ftoken-lst-sims/venv/lib/python3.11/site-packages/starlette/_exception_handler.py", line 53, in wrapped_app
    raise exc
  File "/Users/oemer.demirel/ftoken-lst-sims/venv/lib/python3.11/site-packages/starlette/_exception_handler.py", line 42, in wrapped_app
    await app(scope, receive, sender)
  File "/Users/oemer.demirel/ftoken-lst-sims/venv/lib/python3.11/site-packages/fastapi/routing.py", line 105, in app
    response = await f(request)
               ^^^^^^^^^^^^^^^^
  File "/Users/oemer.demirel/ftoken-lst-sims/venv/lib/python3.11/site-packages/fastapi/routing.py", line 418, in app
    response = actual_response_class(content, **response_args)
               ^^^^^^^^^^^^^^^^^^^^^^^^^^^^^^^^^^^^^^^^^^^^^^^
  File "/Users/oemer.demirel/ftoken-lst-sims/venv/lib/python3.11/site-packages/starlette/responses.py", line 189, in __init__
    super().__init__(content, status_code, headers, media_type, background)
  File "/Users/oemer.demirel/ftoken-lst-sims/venv/lib/python3.11/site-packages/starlette/responses.py", line 46, in __init__
    self.body = self.render(content)
                ^^^^^^^^^^^^^^^^^^^^
  File "/Users/oemer.demirel/ftoken-lst-sims/venv/lib/python3.11/site-packages/starlette/responses.py", line 192, in render
    return json.dumps(
           ^^^^^^^^^^^
  File "/usr/local/Cellar/python@3.11/3.11.12_1/Frameworks/Python.framework/Versions/3.11/lib/python3.11/json/__init__.py", line 238, in dumps
    **kw).encode(obj)
          ^^^^^^^^^^^
  File "/usr/local/Cellar/python@3.11/3.11.12_1/Frameworks/Python.framework/Versions/3.11/lib/python3.11/json/encoder.py", line 200, in encode
    chunks = self.iterencode(o, _one_shot=True)
             ^^^^^^^^^^^^^^^^^^^^^^^^^^^^^^^^^^
  File "/usr/local/Cellar/python@3.11/3.11.12_1/Frameworks/Python.framework/Versions/3.11/lib/python3.11/json/encoder.py", line 258, in iterencode
    return _iterencode(o, 0)
           ^^^^^^^^^^^^^^^^^
ValueError: Out of range float values are not JSON compliant
INFO:     127.0.0.1:56929 - "GET /simulate/cb683634-d1e2-4388-994b-babf7df53310/results HTTP/1.1" 500 Internal Server Error
ERROR:    Exception in ASGI application
Traceback (most recent call last):
  File "/Users/oemer.demirel/ftoken-lst-sims/venv/lib/python3.11/site-packages/uvicorn/protocols/http/h11_impl.py", line 403, in run_asgi
    result = await app(  # type: ignore[func-returns-value]
             ^^^^^^^^^^^^^^^^^^^^^^^^^^^^^^^^^^^^^^^^^^^^^^
  File "/Users/oemer.demirel/ftoken-lst-sims/venv/lib/python3.11/site-packages/uvicorn/middleware/proxy_headers.py", line 60, in __call__
    return await self.app(scope, receive, send)
           ^^^^^^^^^^^^^^^^^^^^^^^^^^^^^^^^^^^^
  File "/Users/oemer.demirel/ftoken-lst-sims/venv/lib/python3.11/site-packages/fastapi/applications.py", line 1139, in __call__
    await super().__call__(scope, receive, send)
  File "/Users/oemer.demirel/ftoken-lst-sims/venv/lib/python3.11/site-packages/starlette/applications.py", line 107, in __call__
    await self.middleware_stack(scope, receive, send)
  File "/Users/oemer.demirel/ftoken-lst-sims/venv/lib/python3.11/site-packages/starlette/middleware/errors.py", line 186, in __call__
    raise exc
  File "/Users/oemer.demirel/ftoken-lst-sims/venv/lib/python3.11/site-packages/starlette/middleware/errors.py", line 164, in __call__
    await self.app(scope, receive, _send)
  File "/Users/oemer.demirel/ftoken-lst-sims/venv/lib/python3.11/site-packages/starlette/middleware/cors.py", line 93, in __call__
    await self.simple_response(scope, receive, send, request_headers=headers)
  File "/Users/oemer.demirel/ftoken-lst-sims/venv/lib/python3.11/site-packages/starlette/middleware/cors.py", line 144, in simple_response
    await self.app(scope, receive, send)
  File "/Users/oemer.demirel/ftoken-lst-sims/venv/lib/python3.11/site-packages/starlette/middleware/exceptions.py", line 63, in __call__
    await wrap_app_handling_exceptions(self.app, conn)(scope, receive, send)
  File "/Users/oemer.demirel/ftoken-lst-sims/venv/lib/python3.11/site-packages/starlette/_exception_handler.py", line 53, in wrapped_app
    raise exc
  File "/Users/oemer.demirel/ftoken-lst-sims/venv/lib/python3.11/site-packages/starlette/_exception_handler.py", line 42, in wrapped_app
    await app(scope, receive, sender)
  File "/Users/oemer.demirel/ftoken-lst-sims/venv/lib/python3.11/site-packages/fastapi/middleware/asyncexitstack.py", line 18, in __call__
    await self.app(scope, receive, send)
  File "/Users/oemer.demirel/ftoken-lst-sims/venv/lib/python3.11/site-packages/starlette/routing.py", line 716, in __call__
    await self.middleware_stack(scope, receive, send)
  File "/Users/oemer.demirel/ftoken-lst-sims/venv/lib/python3.11/site-packages/starlette/routing.py", line 736, in app
    await route.handle(scope, receive, send)
  File "/Users/oemer.demirel/ftoken-lst-sims/venv/lib/python3.11/site-packages/starlette/routing.py", line 290, in handle
    await self.app(scope, receive, send)
  File "/Users/oemer.demirel/ftoken-lst-sims/venv/lib/python3.11/site-packages/fastapi/routing.py", line 119, in app
    await wrap_app_handling_exceptions(app, request)(scope, receive, send)
  File "/Users/oemer.demirel/ftoken-lst-sims/venv/lib/python3.11/site-packages/starlette/_exception_handler.py", line 53, in wrapped_app
    raise exc
  File "/Users/oemer.demirel/ftoken-lst-sims/venv/lib/python3.11/site-packages/starlette/_exception_handler.py", line 42, in wrapped_app
    await app(scope, receive, sender)
  File "/Users/oemer.demirel/ftoken-lst-sims/venv/lib/python3.11/site-packages/fastapi/routing.py", line 105, in app
    response = await f(request)
               ^^^^^^^^^^^^^^^^
  File "/Users/oemer.demirel/ftoken-lst-sims/venv/lib/python3.11/site-packages/fastapi/routing.py", line 418, in app
    response = actual_response_class(content, **response_args)
               ^^^^^^^^^^^^^^^^^^^^^^^^^^^^^^^^^^^^^^^^^^^^^^^
  File "/Users/oemer.demirel/ftoken-lst-sims/venv/lib/python3.11/site-packages/starlette/responses.py", line 189, in __init__
    super().__init__(content, status_code, headers, media_type, background)
  File "/Users/oemer.demirel/ftoken-lst-sims/venv/lib/python3.11/site-packages/starlette/responses.py", line 46, in __init__
    self.body = self.render(content)
                ^^^^^^^^^^^^^^^^^^^^
  File "/Users/oemer.demirel/ftoken-lst-sims/venv/lib/python3.11/site-packages/starlette/responses.py", line 192, in render
    return json.dumps(
           ^^^^^^^^^^^
  File "/usr/local/Cellar/python@3.11/3.11.12_1/Frameworks/Python.framework/Versions/3.11/lib/python3.11/json/__init__.py", line 238, in dumps
    **kw).encode(obj)
          ^^^^^^^^^^^
  File "/usr/local/Cellar/python@3.11/3.11.12_1/Frameworks/Python.framework/Versions/3.11/lib/python3.11/json/encoder.py", line 200, in encode
    chunks = self.iterencode(o, _one_shot=True)
             ^^^^^^^^^^^^^^^^^^^^^^^^^^^^^^^^^^
  File "/usr/local/Cellar/python@3.11/3.11.12_1/Frameworks/Python.framework/Versions/3.11/lib/python3.11/json/encoder.py", line 258, in iterencode
    return _iterencode(o, 0)
           ^^^^^^^^^^^^^^^^^
ValueError: Out of range float values are not JSON compliant
INFO:     127.0.0.1:56931 - "GET /simulate/cb683634-d1e2-4388-994b-babf7df53310/results HTTP/1.1" 500 Internal Server Error
ERROR:    Exception in ASGI application
Traceback (most recent call last):
  File "/Users/oemer.demirel/ftoken-lst-sims/venv/lib/python3.11/site-packages/uvicorn/protocols/http/h11_impl.py", line 403, in run_asgi
    result = await app(  # type: ignore[func-returns-value]
             ^^^^^^^^^^^^^^^^^^^^^^^^^^^^^^^^^^^^^^^^^^^^^^
  File "/Users/oemer.demirel/ftoken-lst-sims/venv/lib/python3.11/site-packages/uvicorn/middleware/proxy_headers.py", line 60, in __call__
    return await self.app(scope, receive, send)
           ^^^^^^^^^^^^^^^^^^^^^^^^^^^^^^^^^^^^
  File "/Users/oemer.demirel/ftoken-lst-sims/venv/lib/python3.11/site-packages/fastapi/applications.py", line 1139, in __call__
    await super().__call__(scope, receive, send)
  File "/Users/oemer.demirel/ftoken-lst-sims/venv/lib/python3.11/site-packages/starlette/applications.py", line 107, in __call__
    await self.middleware_stack(scope, receive, send)
  File "/Users/oemer.demirel/ftoken-lst-sims/venv/lib/python3.11/site-packages/starlette/middleware/errors.py", line 186, in __call__
    raise exc
  File "/Users/oemer.demirel/ftoken-lst-sims/venv/lib/python3.11/site-packages/starlette/middleware/errors.py", line 164, in __call__
    await self.app(scope, receive, _send)
  File "/Users/oemer.demirel/ftoken-lst-sims/venv/lib/python3.11/site-packages/starlette/middleware/cors.py", line 93, in __call__
    await self.simple_response(scope, receive, send, request_headers=headers)
  File "/Users/oemer.demirel/ftoken-lst-sims/venv/lib/python3.11/site-packages/starlette/middleware/cors.py", line 144, in simple_response
    await self.app(scope, receive, send)
  File "/Users/oemer.demirel/ftoken-lst-sims/venv/lib/python3.11/site-packages/starlette/middleware/exceptions.py", line 63, in __call__
    await wrap_app_handling_exceptions(self.app, conn)(scope, receive, send)
  File "/Users/oemer.demirel/ftoken-lst-sims/venv/lib/python3.11/site-packages/starlette/_exception_handler.py", line 53, in wrapped_app
    raise exc
  File "/Users/oemer.demirel/ftoken-lst-sims/venv/lib/python3.11/site-packages/starlette/_exception_handler.py", line 42, in wrapped_app
    await app(scope, receive, sender)
  File "/Users/oemer.demirel/ftoken-lst-sims/venv/lib/python3.11/site-packages/fastapi/middleware/asyncexitstack.py", line 18, in __call__
    await self.app(scope, receive, send)
  File "/Users/oemer.demirel/ftoken-lst-sims/venv/lib/python3.11/site-packages/starlette/routing.py", line 716, in __call__
    await self.middleware_stack(scope, receive, send)
  File "/Users/oemer.demirel/ftoken-lst-sims/venv/lib/python3.11/site-packages/starlette/routing.py", line 736, in app
    await route.handle(scope, receive, send)
  File "/Users/oemer.demirel/ftoken-lst-sims/venv/lib/python3.11/site-packages/starlette/routing.py", line 290, in handle
    await self.app(scope, receive, send)
  File "/Users/oemer.demirel/ftoken-lst-sims/venv/lib/python3.11/site-packages/fastapi/routing.py", line 119, in app
    await wrap_app_handling_exceptions(app, request)(scope, receive, send)
  File "/Users/oemer.demirel/ftoken-lst-sims/venv/lib/python3.11/site-packages/starlette/_exception_handler.py", line 53, in wrapped_app
    raise exc
  File "/Users/oemer.demirel/ftoken-lst-sims/venv/lib/python3.11/site-packages/starlette/_exception_handler.py", line 42, in wrapped_app
    await app(scope, receive, sender)
  File "/Users/oemer.demirel/ftoken-lst-sims/venv/lib/python3.11/site-packages/fastapi/routing.py", line 105, in app
    response = await f(request)
               ^^^^^^^^^^^^^^^^
  File "/Users/oemer.demirel/ftoken-lst-sims/venv/lib/python3.11/site-packages/fastapi/routing.py", line 418, in app
    response = actual_response_class(content, **response_args)
               ^^^^^^^^^^^^^^^^^^^^^^^^^^^^^^^^^^^^^^^^^^^^^^^
  File "/Users/oemer.demirel/ftoken-lst-sims/venv/lib/python3.11/site-packages/starlette/responses.py", line 189, in __init__
    super().__init__(content, status_code, headers, media_type, background)
  File "/Users/oemer.demirel/ftoken-lst-sims/venv/lib/python3.11/site-packages/starlette/responses.py", line 46, in __init__
    self.body = self.render(content)
                ^^^^^^^^^^^^^^^^^^^^
  File "/Users/oemer.demirel/ftoken-lst-sims/venv/lib/python3.11/site-packages/starlette/responses.py", line 192, in render
    return json.dumps(
           ^^^^^^^^^^^
  File "/usr/local/Cellar/python@3.11/3.11.12_1/Frameworks/Python.framework/Versions/3.11/lib/python3.11/json/__init__.py", line 238, in dumps
    **kw).encode(obj)
          ^^^^^^^^^^^
  File "/usr/local/Cellar/python@3.11/3.11.12_1/Frameworks/Python.framework/Versions/3.11/lib/python3.11/json/encoder.py", line 200, in encode
    chunks = self.iterencode(o, _one_shot=True)
             ^^^^^^^^^^^^^^^^^^^^^^^^^^^^^^^^^^
  File "/usr/local/Cellar/python@3.11/3.11.12_1/Frameworks/Python.framework/Versions/3.11/lib/python3.11/json/encoder.py", line 258, in iterencode
    return _iterencode(o, 0)
           ^^^^^^^^^^^^^^^^^
ValueError: Out of range float values are not JSON compliant
INFO:     127.0.0.1:56933 - "GET /simulate/cb683634-d1e2-4388-994b-babf7df53310/results HTTP/1.1" 500 Internal Server Error
ERROR:    Exception in ASGI application
Traceback (most recent call last):
  File "/Users/oemer.demirel/ftoken-lst-sims/venv/lib/python3.11/site-packages/uvicorn/protocols/http/h11_impl.py", line 403, in run_asgi
    result = await app(  # type: ignore[func-returns-value]
             ^^^^^^^^^^^^^^^^^^^^^^^^^^^^^^^^^^^^^^^^^^^^^^
  File "/Users/oemer.demirel/ftoken-lst-sims/venv/lib/python3.11/site-packages/uvicorn/middleware/proxy_headers.py", line 60, in __call__
    return await self.app(scope, receive, send)
           ^^^^^^^^^^^^^^^^^^^^^^^^^^^^^^^^^^^^
  File "/Users/oemer.demirel/ftoken-lst-sims/venv/lib/python3.11/site-packages/fastapi/applications.py", line 1139, in __call__
    await super().__call__(scope, receive, send)
  File "/Users/oemer.demirel/ftoken-lst-sims/venv/lib/python3.11/site-packages/starlette/applications.py", line 107, in __call__
    await self.middleware_stack(scope, receive, send)
  File "/Users/oemer.demirel/ftoken-lst-sims/venv/lib/python3.11/site-packages/starlette/middleware/errors.py", line 186, in __call__
    raise exc
  File "/Users/oemer.demirel/ftoken-lst-sims/venv/lib/python3.11/site-packages/starlette/middleware/errors.py", line 164, in __call__
    await self.app(scope, receive, _send)
  File "/Users/oemer.demirel/ftoken-lst-sims/venv/lib/python3.11/site-packages/starlette/middleware/cors.py", line 93, in __call__
    await self.simple_response(scope, receive, send, request_headers=headers)
  File "/Users/oemer.demirel/ftoken-lst-sims/venv/lib/python3.11/site-packages/starlette/middleware/cors.py", line 144, in simple_response
    await self.app(scope, receive, send)
  File "/Users/oemer.demirel/ftoken-lst-sims/venv/lib/python3.11/site-packages/starlette/middleware/exceptions.py", line 63, in __call__
    await wrap_app_handling_exceptions(self.app, conn)(scope, receive, send)
  File "/Users/oemer.demirel/ftoken-lst-sims/venv/lib/python3.11/site-packages/starlette/_exception_handler.py", line 53, in wrapped_app
    raise exc
  File "/Users/oemer.demirel/ftoken-lst-sims/venv/lib/python3.11/site-packages/starlette/_exception_handler.py", line 42, in wrapped_app
    await app(scope, receive, sender)
  File "/Users/oemer.demirel/ftoken-lst-sims/venv/lib/python3.11/site-packages/fastapi/middleware/asyncexitstack.py", line 18, in __call__
    await self.app(scope, receive, send)
  File "/Users/oemer.demirel/ftoken-lst-sims/venv/lib/python3.11/site-packages/starlette/routing.py", line 716, in __call__
    await self.middleware_stack(scope, receive, send)
  File "/Users/oemer.demirel/ftoken-lst-sims/venv/lib/python3.11/site-packages/starlette/routing.py", line 736, in app
    await route.handle(scope, receive, send)
  File "/Users/oemer.demirel/ftoken-lst-sims/venv/lib/python3.11/site-packages/starlette/routing.py", line 290, in handle
    await self.app(scope, receive, send)
  File "/Users/oemer.demirel/ftoken-lst-sims/venv/lib/python3.11/site-packages/fastapi/routing.py", line 119, in app
    await wrap_app_handling_exceptions(app, request)(scope, receive, send)
  File "/Users/oemer.demirel/ftoken-lst-sims/venv/lib/python3.11/site-packages/starlette/_exception_handler.py", line 53, in wrapped_app
    raise exc
  File "/Users/oemer.demirel/ftoken-lst-sims/venv/lib/python3.11/site-packages/starlette/_exception_handler.py", line 42, in wrapped_app
    await app(scope, receive, sender)
  File "/Users/oemer.demirel/ftoken-lst-sims/venv/lib/python3.11/site-packages/fastapi/routing.py", line 105, in app
    response = await f(request)
               ^^^^^^^^^^^^^^^^
  File "/Users/oemer.demirel/ftoken-lst-sims/venv/lib/python3.11/site-packages/fastapi/routing.py", line 418, in app
    response = actual_response_class(content, **response_args)
               ^^^^^^^^^^^^^^^^^^^^^^^^^^^^^^^^^^^^^^^^^^^^^^^
  File "/Users/oemer.demirel/ftoken-lst-sims/venv/lib/python3.11/site-packages/starlette/responses.py", line 189, in __init__
    super().__init__(content, status_code, headers, media_type, background)
  File "/Users/oemer.demirel/ftoken-lst-sims/venv/lib/python3.11/site-packages/starlette/responses.py", line 46, in __init__
    self.body = self.render(content)
                ^^^^^^^^^^^^^^^^^^^^
  File "/Users/oemer.demirel/ftoken-lst-sims/venv/lib/python3.11/site-packages/starlette/responses.py", line 192, in render
    return json.dumps(
           ^^^^^^^^^^^
  File "/usr/local/Cellar/python@3.11/3.11.12_1/Frameworks/Python.framework/Versions/3.11/lib/python3.11/json/__init__.py", line 238, in dumps
    **kw).encode(obj)
          ^^^^^^^^^^^
  File "/usr/local/Cellar/python@3.11/3.11.12_1/Frameworks/Python.framework/Versions/3.11/lib/python3.11/json/encoder.py", line 200, in encode
    chunks = self.iterencode(o, _one_shot=True)
             ^^^^^^^^^^^^^^^^^^^^^^^^^^^^^^^^^^
  File "/usr/local/Cellar/python@3.11/3.11.12_1/Frameworks/Python.framework/Versions/3.11/lib/python3.11/json/encoder.py", line 258, in iterencode
    return _iterencode(o, 0)
           ^^^^^^^^^^^^^^^^^
ValueError: Out of range float values are not JSON compliant
INFO:     127.0.0.1:56935 - "GET /simulate/cb683634-d1e2-4388-994b-babf7df53310/results HTTP/1.1" 500 Internal Server Error
ERROR:    Exception in ASGI application
Traceback (most recent call last):
  File "/Users/oemer.demirel/ftoken-lst-sims/venv/lib/python3.11/site-packages/uvicorn/protocols/http/h11_impl.py", line 403, in run_asgi
    result = await app(  # type: ignore[func-returns-value]
             ^^^^^^^^^^^^^^^^^^^^^^^^^^^^^^^^^^^^^^^^^^^^^^
  File "/Users/oemer.demirel/ftoken-lst-sims/venv/lib/python3.11/site-packages/uvicorn/middleware/proxy_headers.py", line 60, in __call__
    return await self.app(scope, receive, send)
           ^^^^^^^^^^^^^^^^^^^^^^^^^^^^^^^^^^^^
  File "/Users/oemer.demirel/ftoken-lst-sims/venv/lib/python3.11/site-packages/fastapi/applications.py", line 1139, in __call__
    await super().__call__(scope, receive, send)
  File "/Users/oemer.demirel/ftoken-lst-sims/venv/lib/python3.11/site-packages/starlette/applications.py", line 107, in __call__
    await self.middleware_stack(scope, receive, send)
  File "/Users/oemer.demirel/ftoken-lst-sims/venv/lib/python3.11/site-packages/starlette/middleware/errors.py", line 186, in __call__
    raise exc
  File "/Users/oemer.demirel/ftoken-lst-sims/venv/lib/python3.11/site-packages/starlette/middleware/errors.py", line 164, in __call__
    await self.app(scope, receive, _send)
  File "/Users/oemer.demirel/ftoken-lst-sims/venv/lib/python3.11/site-packages/starlette/middleware/cors.py", line 93, in __call__
    await self.simple_response(scope, receive, send, request_headers=headers)
  File "/Users/oemer.demirel/ftoken-lst-sims/venv/lib/python3.11/site-packages/starlette/middleware/cors.py", line 144, in simple_response
    await self.app(scope, receive, send)
  File "/Users/oemer.demirel/ftoken-lst-sims/venv/lib/python3.11/site-packages/starlette/middleware/exceptions.py", line 63, in __call__
    await wrap_app_handling_exceptions(self.app, conn)(scope, receive, send)
  File "/Users/oemer.demirel/ftoken-lst-sims/venv/lib/python3.11/site-packages/starlette/_exception_handler.py", line 53, in wrapped_app
    raise exc
  File "/Users/oemer.demirel/ftoken-lst-sims/venv/lib/python3.11/site-packages/starlette/_exception_handler.py", line 42, in wrapped_app
    await app(scope, receive, sender)
  File "/Users/oemer.demirel/ftoken-lst-sims/venv/lib/python3.11/site-packages/fastapi/middleware/asyncexitstack.py", line 18, in __call__
    await self.app(scope, receive, send)
  File "/Users/oemer.demirel/ftoken-lst-sims/venv/lib/python3.11/site-packages/starlette/routing.py", line 716, in __call__
    await self.middleware_stack(scope, receive, send)
  File "/Users/oemer.demirel/ftoken-lst-sims/venv/lib/python3.11/site-packages/starlette/routing.py", line 736, in app
    await route.handle(scope, receive, send)
  File "/Users/oemer.demirel/ftoken-lst-sims/venv/lib/python3.11/site-packages/starlette/routing.py", line 290, in handle
    await self.app(scope, receive, send)
  File "/Users/oemer.demirel/ftoken-lst-sims/venv/lib/python3.11/site-packages/fastapi/routing.py", line 119, in app
    await wrap_app_handling_exceptions(app, request)(scope, receive, send)
  File "/Users/oemer.demirel/ftoken-lst-sims/venv/lib/python3.11/site-packages/starlette/_exception_handler.py", line 53, in wrapped_app
    raise exc
  File "/Users/oemer.demirel/ftoken-lst-sims/venv/lib/python3.11/site-packages/starlette/_exception_handler.py", line 42, in wrapped_app
    await app(scope, receive, sender)
  File "/Users/oemer.demirel/ftoken-lst-sims/venv/lib/python3.11/site-packages/fastapi/routing.py", line 105, in app
    response = await f(request)
               ^^^^^^^^^^^^^^^^
  File "/Users/oemer.demirel/ftoken-lst-sims/venv/lib/python3.11/site-packages/fastapi/routing.py", line 418, in app
    response = actual_response_class(content, **response_args)
               ^^^^^^^^^^^^^^^^^^^^^^^^^^^^^^^^^^^^^^^^^^^^^^^
  File "/Users/oemer.demirel/ftoken-lst-sims/venv/lib/python3.11/site-packages/starlette/responses.py", line 189, in __init__
    super().__init__(content, status_code, headers, media_type, background)
  File "/Users/oemer.demirel/ftoken-lst-sims/venv/lib/python3.11/site-packages/starlette/responses.py", line 46, in __init__
    self.body = self.render(content)
                ^^^^^^^^^^^^^^^^^^^^
  File "/Users/oemer.demirel/ftoken-lst-sims/venv/lib/python3.11/site-packages/starlette/responses.py", line 192, in render
    return json.dumps(
           ^^^^^^^^^^^
  File "/usr/local/Cellar/python@3.11/3.11.12_1/Frameworks/Python.framework/Versions/3.11/lib/python3.11/json/__init__.py", line 238, in dumps
    **kw).encode(obj)
          ^^^^^^^^^^^
  File "/usr/local/Cellar/python@3.11/3.11.12_1/Frameworks/Python.framework/Versions/3.11/lib/python3.11/json/encoder.py", line 200, in encode
    chunks = self.iterencode(o, _one_shot=True)
             ^^^^^^^^^^^^^^^^^^^^^^^^^^^^^^^^^^
  File "/usr/local/Cellar/python@3.11/3.11.12_1/Frameworks/Python.framework/Versions/3.11/lib/python3.11/json/encoder.py", line 258, in iterencode
    return _iterencode(o, 0)
           ^^^^^^^^^^^^^^^^^
ValueError: Out of range float values are not JSON compliant
INFO:     127.0.0.1:56939 - "GET /simulate/cb683634-d1e2-4388-994b-babf7df53310/results HTTP/1.1" 500 Internal Server Error
ERROR:    Exception in ASGI application
Traceback (most recent call last):
  File "/Users/oemer.demirel/ftoken-lst-sims/venv/lib/python3.11/site-packages/uvicorn/protocols/http/h11_impl.py", line 403, in run_asgi
    result = await app(  # type: ignore[func-returns-value]
             ^^^^^^^^^^^^^^^^^^^^^^^^^^^^^^^^^^^^^^^^^^^^^^
  File "/Users/oemer.demirel/ftoken-lst-sims/venv/lib/python3.11/site-packages/uvicorn/middleware/proxy_headers.py", line 60, in __call__
    return await self.app(scope, receive, send)
           ^^^^^^^^^^^^^^^^^^^^^^^^^^^^^^^^^^^^
  File "/Users/oemer.demirel/ftoken-lst-sims/venv/lib/python3.11/site-packages/fastapi/applications.py", line 1139, in __call__
    await super().__call__(scope, receive, send)
  File "/Users/oemer.demirel/ftoken-lst-sims/venv/lib/python3.11/site-packages/starlette/applications.py", line 107, in __call__
    await self.middleware_stack(scope, receive, send)
  File "/Users/oemer.demirel/ftoken-lst-sims/venv/lib/python3.11/site-packages/starlette/middleware/errors.py", line 186, in __call__
    raise exc
  File "/Users/oemer.demirel/ftoken-lst-sims/venv/lib/python3.11/site-packages/starlette/middleware/errors.py", line 164, in __call__
    await self.app(scope, receive, _send)
  File "/Users/oemer.demirel/ftoken-lst-sims/venv/lib/python3.11/site-packages/starlette/middleware/cors.py", line 93, in __call__
    await self.simple_response(scope, receive, send, request_headers=headers)
  File "/Users/oemer.demirel/ftoken-lst-sims/venv/lib/python3.11/site-packages/starlette/middleware/cors.py", line 144, in simple_response
    await self.app(scope, receive, send)
  File "/Users/oemer.demirel/ftoken-lst-sims/venv/lib/python3.11/site-packages/starlette/middleware/exceptions.py", line 63, in __call__
    await wrap_app_handling_exceptions(self.app, conn)(scope, receive, send)
  File "/Users/oemer.demirel/ftoken-lst-sims/venv/lib/python3.11/site-packages/starlette/_exception_handler.py", line 53, in wrapped_app
    raise exc
  File "/Users/oemer.demirel/ftoken-lst-sims/venv/lib/python3.11/site-packages/starlette/_exception_handler.py", line 42, in wrapped_app
    await app(scope, receive, sender)
  File "/Users/oemer.demirel/ftoken-lst-sims/venv/lib/python3.11/site-packages/fastapi/middleware/asyncexitstack.py", line 18, in __call__
    await self.app(scope, receive, send)
  File "/Users/oemer.demirel/ftoken-lst-sims/venv/lib/python3.11/site-packages/starlette/routing.py", line 716, in __call__
    await self.middleware_stack(scope, receive, send)
  File "/Users/oemer.demirel/ftoken-lst-sims/venv/lib/python3.11/site-packages/starlette/routing.py", line 736, in app
    await route.handle(scope, receive, send)
  File "/Users/oemer.demirel/ftoken-lst-sims/venv/lib/python3.11/site-packages/starlette/routing.py", line 290, in handle
    await self.app(scope, receive, send)
  File "/Users/oemer.demirel/ftoken-lst-sims/venv/lib/python3.11/site-packages/fastapi/routing.py", line 119, in app
    await wrap_app_handling_exceptions(app, request)(scope, receive, send)
  File "/Users/oemer.demirel/ftoken-lst-sims/venv/lib/python3.11/site-packages/starlette/_exception_handler.py", line 53, in wrapped_app
    raise exc
  File "/Users/oemer.demirel/ftoken-lst-sims/venv/lib/python3.11/site-packages/starlette/_exception_handler.py", line 42, in wrapped_app
    await app(scope, receive, sender)
  File "/Users/oemer.demirel/ftoken-lst-sims/venv/lib/python3.11/site-packages/fastapi/routing.py", line 105, in app
    response = await f(request)
               ^^^^^^^^^^^^^^^^
  File "/Users/oemer.demirel/ftoken-lst-sims/venv/lib/python3.11/site-packages/fastapi/routing.py", line 418, in app
    response = actual_response_class(content, **response_args)
               ^^^^^^^^^^^^^^^^^^^^^^^^^^^^^^^^^^^^^^^^^^^^^^^
  File "/Users/oemer.demirel/ftoken-lst-sims/venv/lib/python3.11/site-packages/starlette/responses.py", line 189, in __init__
    super().__init__(content, status_code, headers, media_type, background)
  File "/Users/oemer.demirel/ftoken-lst-sims/venv/lib/python3.11/site-packages/starlette/responses.py", line 46, in __init__
    self.body = self.render(content)
                ^^^^^^^^^^^^^^^^^^^^
  File "/Users/oemer.demirel/ftoken-lst-sims/venv/lib/python3.11/site-packages/starlette/responses.py", line 192, in render
    return json.dumps(
           ^^^^^^^^^^^
  File "/usr/local/Cellar/python@3.11/3.11.12_1/Frameworks/Python.framework/Versions/3.11/lib/python3.11/json/__init__.py", line 238, in dumps
    **kw).encode(obj)
          ^^^^^^^^^^^
  File "/usr/local/Cellar/python@3.11/3.11.12_1/Frameworks/Python.framework/Versions/3.11/lib/python3.11/json/encoder.py", line 200, in encode
    chunks = self.iterencode(o, _one_shot=True)
             ^^^^^^^^^^^^^^^^^^^^^^^^^^^^^^^^^^
  File "/usr/local/Cellar/python@3.11/3.11.12_1/Frameworks/Python.framework/Versions/3.11/lib/python3.11/json/encoder.py", line 258, in iterencode
    return _iterencode(o, 0)
           ^^^^^^^^^^^^^^^^^
ValueError: Out of range float values are not JSON compliant
INFO:     127.0.0.1:56941 - "GET /simulate/cb683634-d1e2-4388-994b-babf7df53310/results HTTP/1.1" 500 Internal Server Error
ERROR:    Exception in ASGI application
Traceback (most recent call last):
  File "/Users/oemer.demirel/ftoken-lst-sims/venv/lib/python3.11/site-packages/uvicorn/protocols/http/h11_impl.py", line 403, in run_asgi
    result = await app(  # type: ignore[func-returns-value]
             ^^^^^^^^^^^^^^^^^^^^^^^^^^^^^^^^^^^^^^^^^^^^^^
  File "/Users/oemer.demirel/ftoken-lst-sims/venv/lib/python3.11/site-packages/uvicorn/middleware/proxy_headers.py", line 60, in __call__
    return await self.app(scope, receive, send)
           ^^^^^^^^^^^^^^^^^^^^^^^^^^^^^^^^^^^^
  File "/Users/oemer.demirel/ftoken-lst-sims/venv/lib/python3.11/site-packages/fastapi/applications.py", line 1139, in __call__
    await super().__call__(scope, receive, send)
  File "/Users/oemer.demirel/ftoken-lst-sims/venv/lib/python3.11/site-packages/starlette/applications.py", line 107, in __call__
    await self.middleware_stack(scope, receive, send)
  File "/Users/oemer.demirel/ftoken-lst-sims/venv/lib/python3.11/site-packages/starlette/middleware/errors.py", line 186, in __call__
    raise exc
  File "/Users/oemer.demirel/ftoken-lst-sims/venv/lib/python3.11/site-packages/starlette/middleware/errors.py", line 164, in __call__
    await self.app(scope, receive, _send)
  File "/Users/oemer.demirel/ftoken-lst-sims/venv/lib/python3.11/site-packages/starlette/middleware/cors.py", line 93, in __call__
    await self.simple_response(scope, receive, send, request_headers=headers)
  File "/Users/oemer.demirel/ftoken-lst-sims/venv/lib/python3.11/site-packages/starlette/middleware/cors.py", line 144, in simple_response
    await self.app(scope, receive, send)
  File "/Users/oemer.demirel/ftoken-lst-sims/venv/lib/python3.11/site-packages/starlette/middleware/exceptions.py", line 63, in __call__
    await wrap_app_handling_exceptions(self.app, conn)(scope, receive, send)
  File "/Users/oemer.demirel/ftoken-lst-sims/venv/lib/python3.11/site-packages/starlette/_exception_handler.py", line 53, in wrapped_app
    raise exc
  File "/Users/oemer.demirel/ftoken-lst-sims/venv/lib/python3.11/site-packages/starlette/_exception_handler.py", line 42, in wrapped_app
    await app(scope, receive, sender)
  File "/Users/oemer.demirel/ftoken-lst-sims/venv/lib/python3.11/site-packages/fastapi/middleware/asyncexitstack.py", line 18, in __call__
    await self.app(scope, receive, send)
  File "/Users/oemer.demirel/ftoken-lst-sims/venv/lib/python3.11/site-packages/starlette/routing.py", line 716, in __call__
    await self.middleware_stack(scope, receive, send)
  File "/Users/oemer.demirel/ftoken-lst-sims/venv/lib/python3.11/site-packages/starlette/routing.py", line 736, in app
    await route.handle(scope, receive, send)
  File "/Users/oemer.demirel/ftoken-lst-sims/venv/lib/python3.11/site-packages/starlette/routing.py", line 290, in handle
    await self.app(scope, receive, send)
  File "/Users/oemer.demirel/ftoken-lst-sims/venv/lib/python3.11/site-packages/fastapi/routing.py", line 119, in app
    await wrap_app_handling_exceptions(app, request)(scope, receive, send)
  File "/Users/oemer.demirel/ftoken-lst-sims/venv/lib/python3.11/site-packages/starlette/_exception_handler.py", line 53, in wrapped_app
    raise exc
  File "/Users/oemer.demirel/ftoken-lst-sims/venv/lib/python3.11/site-packages/starlette/_exception_handler.py", line 42, in wrapped_app
    await app(scope, receive, sender)
  File "/Users/oemer.demirel/ftoken-lst-sims/venv/lib/python3.11/site-packages/fastapi/routing.py", line 105, in app
    response = await f(request)
               ^^^^^^^^^^^^^^^^
  File "/Users/oemer.demirel/ftoken-lst-sims/venv/lib/python3.11/site-packages/fastapi/routing.py", line 418, in app
    response = actual_response_class(content, **response_args)
               ^^^^^^^^^^^^^^^^^^^^^^^^^^^^^^^^^^^^^^^^^^^^^^^
  File "/Users/oemer.demirel/ftoken-lst-sims/venv/lib/python3.11/site-packages/starlette/responses.py", line 189, in __init__
    super().__init__(content, status_code, headers, media_type, background)
  File "/Users/oemer.demirel/ftoken-lst-sims/venv/lib/python3.11/site-packages/starlette/responses.py", line 46, in __init__
    self.body = self.render(content)
                ^^^^^^^^^^^^^^^^^^^^
  File "/Users/oemer.demirel/ftoken-lst-sims/venv/lib/python3.11/site-packages/starlette/responses.py", line 192, in render
    return json.dumps(
           ^^^^^^^^^^^
  File "/usr/local/Cellar/python@3.11/3.11.12_1/Frameworks/Python.framework/Versions/3.11/lib/python3.11/json/__init__.py", line 238, in dumps
    **kw).encode(obj)
          ^^^^^^^^^^^
  File "/usr/local/Cellar/python@3.11/3.11.12_1/Frameworks/Python.framework/Versions/3.11/lib/python3.11/json/encoder.py", line 200, in encode
    chunks = self.iterencode(o, _one_shot=True)
             ^^^^^^^^^^^^^^^^^^^^^^^^^^^^^^^^^^
  File "/usr/local/Cellar/python@3.11/3.11.12_1/Frameworks/Python.framework/Versions/3.11/lib/python3.11/json/encoder.py", line 258, in iterencode
    return _iterencode(o, 0)
           ^^^^^^^^^^^^^^^^^
ValueError: Out of range float values are not JSON compliant
INFO:     127.0.0.1:56943 - "GET /simulate/cb683634-d1e2-4388-994b-babf7df53310/results HTTP/1.1" 500 Internal Server Error
ERROR:    Exception in ASGI application
Traceback (most recent call last):
  File "/Users/oemer.demirel/ftoken-lst-sims/venv/lib/python3.11/site-packages/uvicorn/protocols/http/h11_impl.py", line 403, in run_asgi
    result = await app(  # type: ignore[func-returns-value]
             ^^^^^^^^^^^^^^^^^^^^^^^^^^^^^^^^^^^^^^^^^^^^^^
  File "/Users/oemer.demirel/ftoken-lst-sims/venv/lib/python3.11/site-packages/uvicorn/middleware/proxy_headers.py", line 60, in __call__
    return await self.app(scope, receive, send)
           ^^^^^^^^^^^^^^^^^^^^^^^^^^^^^^^^^^^^
  File "/Users/oemer.demirel/ftoken-lst-sims/venv/lib/python3.11/site-packages/fastapi/applications.py", line 1139, in __call__
    await super().__call__(scope, receive, send)
  File "/Users/oemer.demirel/ftoken-lst-sims/venv/lib/python3.11/site-packages/starlette/applications.py", line 107, in __call__
    await self.middleware_stack(scope, receive, send)
  File "/Users/oemer.demirel/ftoken-lst-sims/venv/lib/python3.11/site-packages/starlette/middleware/errors.py", line 186, in __call__
    raise exc
  File "/Users/oemer.demirel/ftoken-lst-sims/venv/lib/python3.11/site-packages/starlette/middleware/errors.py", line 164, in __call__
    await self.app(scope, receive, _send)
  File "/Users/oemer.demirel/ftoken-lst-sims/venv/lib/python3.11/site-packages/starlette/middleware/cors.py", line 93, in __call__
    await self.simple_response(scope, receive, send, request_headers=headers)
  File "/Users/oemer.demirel/ftoken-lst-sims/venv/lib/python3.11/site-packages/starlette/middleware/cors.py", line 144, in simple_response
    await self.app(scope, receive, send)
  File "/Users/oemer.demirel/ftoken-lst-sims/venv/lib/python3.11/site-packages/starlette/middleware/exceptions.py", line 63, in __call__
    await wrap_app_handling_exceptions(self.app, conn)(scope, receive, send)
  File "/Users/oemer.demirel/ftoken-lst-sims/venv/lib/python3.11/site-packages/starlette/_exception_handler.py", line 53, in wrapped_app
    raise exc
  File "/Users/oemer.demirel/ftoken-lst-sims/venv/lib/python3.11/site-packages/starlette/_exception_handler.py", line 42, in wrapped_app
    await app(scope, receive, sender)
  File "/Users/oemer.demirel/ftoken-lst-sims/venv/lib/python3.11/site-packages/fastapi/middleware/asyncexitstack.py", line 18, in __call__
    await self.app(scope, receive, send)
  File "/Users/oemer.demirel/ftoken-lst-sims/venv/lib/python3.11/site-packages/starlette/routing.py", line 716, in __call__
    await self.middleware_stack(scope, receive, send)
  File "/Users/oemer.demirel/ftoken-lst-sims/venv/lib/python3.11/site-packages/starlette/routing.py", line 736, in app
    await route.handle(scope, receive, send)
  File "/Users/oemer.demirel/ftoken-lst-sims/venv/lib/python3.11/site-packages/starlette/routing.py", line 290, in handle
    await self.app(scope, receive, send)
  File "/Users/oemer.demirel/ftoken-lst-sims/venv/lib/python3.11/site-packages/fastapi/routing.py", line 119, in app
    await wrap_app_handling_exceptions(app, request)(scope, receive, send)
  File "/Users/oemer.demirel/ftoken-lst-sims/venv/lib/python3.11/site-packages/starlette/_exception_handler.py", line 53, in wrapped_app
    raise exc
  File "/Users/oemer.demirel/ftoken-lst-sims/venv/lib/python3.11/site-packages/starlette/_exception_handler.py", line 42, in wrapped_app
    await app(scope, receive, sender)
  File "/Users/oemer.demirel/ftoken-lst-sims/venv/lib/python3.11/site-packages/fastapi/routing.py", line 105, in app
    response = await f(request)
               ^^^^^^^^^^^^^^^^
  File "/Users/oemer.demirel/ftoken-lst-sims/venv/lib/python3.11/site-packages/fastapi/routing.py", line 418, in app
    response = actual_response_class(content, **response_args)
               ^^^^^^^^^^^^^^^^^^^^^^^^^^^^^^^^^^^^^^^^^^^^^^^
  File "/Users/oemer.demirel/ftoken-lst-sims/venv/lib/python3.11/site-packages/starlette/responses.py", line 189, in __init__
    super().__init__(content, status_code, headers, media_type, background)
  File "/Users/oemer.demirel/ftoken-lst-sims/venv/lib/python3.11/site-packages/starlette/responses.py", line 46, in __init__
    self.body = self.render(content)
                ^^^^^^^^^^^^^^^^^^^^
  File "/Users/oemer.demirel/ftoken-lst-sims/venv/lib/python3.11/site-packages/starlette/responses.py", line 192, in render
    return json.dumps(
           ^^^^^^^^^^^
  File "/usr/local/Cellar/python@3.11/3.11.12_1/Frameworks/Python.framework/Versions/3.11/lib/python3.11/json/__init__.py", line 238, in dumps
    **kw).encode(obj)
          ^^^^^^^^^^^
  File "/usr/local/Cellar/python@3.11/3.11.12_1/Frameworks/Python.framework/Versions/3.11/lib/python3.11/json/encoder.py", line 200, in encode
    chunks = self.iterencode(o, _one_shot=True)
             ^^^^^^^^^^^^^^^^^^^^^^^^^^^^^^^^^^
  File "/usr/local/Cellar/python@3.11/3.11.12_1/Frameworks/Python.framework/Versions/3.11/lib/python3.11/json/encoder.py", line 258, in iterencode
    return _iterencode(o, 0)
           ^^^^^^^^^^^^^^^^^
ValueError: Out of range float values are not JSON compliant
INFO:     127.0.0.1:56946 - "GET /simulate/cb683634-d1e2-4388-994b-babf7df53310/results HTTP/1.1" 500 Internal Server Error
ERROR:    Exception in ASGI application
Traceback (most recent call last):
  File "/Users/oemer.demirel/ftoken-lst-sims/venv/lib/python3.11/site-packages/uvicorn/protocols/http/h11_impl.py", line 403, in run_asgi
    result = await app(  # type: ignore[func-returns-value]
             ^^^^^^^^^^^^^^^^^^^^^^^^^^^^^^^^^^^^^^^^^^^^^^
  File "/Users/oemer.demirel/ftoken-lst-sims/venv/lib/python3.11/site-packages/uvicorn/middleware/proxy_headers.py", line 60, in __call__
    return await self.app(scope, receive, send)
           ^^^^^^^^^^^^^^^^^^^^^^^^^^^^^^^^^^^^
  File "/Users/oemer.demirel/ftoken-lst-sims/venv/lib/python3.11/site-packages/fastapi/applications.py", line 1139, in __call__
    await super().__call__(scope, receive, send)
  File "/Users/oemer.demirel/ftoken-lst-sims/venv/lib/python3.11/site-packages/starlette/applications.py", line 107, in __call__
    await self.middleware_stack(scope, receive, send)
  File "/Users/oemer.demirel/ftoken-lst-sims/venv/lib/python3.11/site-packages/starlette/middleware/errors.py", line 186, in __call__
    raise exc
  File "/Users/oemer.demirel/ftoken-lst-sims/venv/lib/python3.11/site-packages/starlette/middleware/errors.py", line 164, in __call__
    await self.app(scope, receive, _send)
  File "/Users/oemer.demirel/ftoken-lst-sims/venv/lib/python3.11/site-packages/starlette/middleware/cors.py", line 93, in __call__
    await self.simple_response(scope, receive, send, request_headers=headers)
  File "/Users/oemer.demirel/ftoken-lst-sims/venv/lib/python3.11/site-packages/starlette/middleware/cors.py", line 144, in simple_response
    await self.app(scope, receive, send)
  File "/Users/oemer.demirel/ftoken-lst-sims/venv/lib/python3.11/site-packages/starlette/middleware/exceptions.py", line 63, in __call__
    await wrap_app_handling_exceptions(self.app, conn)(scope, receive, send)
  File "/Users/oemer.demirel/ftoken-lst-sims/venv/lib/python3.11/site-packages/starlette/_exception_handler.py", line 53, in wrapped_app
    raise exc
  File "/Users/oemer.demirel/ftoken-lst-sims/venv/lib/python3.11/site-packages/starlette/_exception_handler.py", line 42, in wrapped_app
    await app(scope, receive, sender)
  File "/Users/oemer.demirel/ftoken-lst-sims/venv/lib/python3.11/site-packages/fastapi/middleware/asyncexitstack.py", line 18, in __call__
    await self.app(scope, receive, send)
  File "/Users/oemer.demirel/ftoken-lst-sims/venv/lib/python3.11/site-packages/starlette/routing.py", line 716, in __call__
    await self.middleware_stack(scope, receive, send)
  File "/Users/oemer.demirel/ftoken-lst-sims/venv/lib/python3.11/site-packages/starlette/routing.py", line 736, in app
    await route.handle(scope, receive, send)
  File "/Users/oemer.demirel/ftoken-lst-sims/venv/lib/python3.11/site-packages/starlette/routing.py", line 290, in handle
    await self.app(scope, receive, send)
  File "/Users/oemer.demirel/ftoken-lst-sims/venv/lib/python3.11/site-packages/fastapi/routing.py", line 119, in app
    await wrap_app_handling_exceptions(app, request)(scope, receive, send)
  File "/Users/oemer.demirel/ftoken-lst-sims/venv/lib/python3.11/site-packages/starlette/_exception_handler.py", line 53, in wrapped_app
    raise exc
  File "/Users/oemer.demirel/ftoken-lst-sims/venv/lib/python3.11/site-packages/starlette/_exception_handler.py", line 42, in wrapped_app
    await app(scope, receive, sender)
  File "/Users/oemer.demirel/ftoken-lst-sims/venv/lib/python3.11/site-packages/fastapi/routing.py", line 105, in app
    response = await f(request)
               ^^^^^^^^^^^^^^^^
  File "/Users/oemer.demirel/ftoken-lst-sims/venv/lib/python3.11/site-packages/fastapi/routing.py", line 418, in app
    response = actual_response_class(content, **response_args)
               ^^^^^^^^^^^^^^^^^^^^^^^^^^^^^^^^^^^^^^^^^^^^^^^
  File "/Users/oemer.demirel/ftoken-lst-sims/venv/lib/python3.11/site-packages/starlette/responses.py", line 189, in __init__
    super().__init__(content, status_code, headers, media_type, background)
  File "/Users/oemer.demirel/ftoken-lst-sims/venv/lib/python3.11/site-packages/starlette/responses.py", line 46, in __init__
    self.body = self.render(content)
                ^^^^^^^^^^^^^^^^^^^^
  File "/Users/oemer.demirel/ftoken-lst-sims/venv/lib/python3.11/site-packages/starlette/responses.py", line 192, in render
    return json.dumps(
           ^^^^^^^^^^^
  File "/usr/local/Cellar/python@3.11/3.11.12_1/Frameworks/Python.framework/Versions/3.11/lib/python3.11/json/__init__.py", line 238, in dumps
    **kw).encode(obj)
          ^^^^^^^^^^^
  File "/usr/local/Cellar/python@3.11/3.11.12_1/Frameworks/Python.framework/Versions/3.11/lib/python3.11/json/encoder.py", line 200, in encode
    chunks = self.iterencode(o, _one_shot=True)
             ^^^^^^^^^^^^^^^^^^^^^^^^^^^^^^^^^^
  File "/usr/local/Cellar/python@3.11/3.11.12_1/Frameworks/Python.framework/Versions/3.11/lib/python3.11/json/encoder.py", line 258, in iterencode
    return _iterencode(o, 0)
           ^^^^^^^^^^^^^^^^^
ValueError: Out of range float values are not JSON compliant
INFO:     127.0.0.1:56949 - "GET /simulate/cb683634-d1e2-4388-994b-babf7df53310/results HTTP/1.1" 500 Internal Server Error
ERROR:    Exception in ASGI application
Traceback (most recent call last):
  File "/Users/oemer.demirel/ftoken-lst-sims/venv/lib/python3.11/site-packages/uvicorn/protocols/http/h11_impl.py", line 403, in run_asgi
    result = await app(  # type: ignore[func-returns-value]
             ^^^^^^^^^^^^^^^^^^^^^^^^^^^^^^^^^^^^^^^^^^^^^^
  File "/Users/oemer.demirel/ftoken-lst-sims/venv/lib/python3.11/site-packages/uvicorn/middleware/proxy_headers.py", line 60, in __call__
    return await self.app(scope, receive, send)
           ^^^^^^^^^^^^^^^^^^^^^^^^^^^^^^^^^^^^
  File "/Users/oemer.demirel/ftoken-lst-sims/venv/lib/python3.11/site-packages/fastapi/applications.py", line 1139, in __call__
    await super().__call__(scope, receive, send)
  File "/Users/oemer.demirel/ftoken-lst-sims/venv/lib/python3.11/site-packages/starlette/applications.py", line 107, in __call__
    await self.middleware_stack(scope, receive, send)
  File "/Users/oemer.demirel/ftoken-lst-sims/venv/lib/python3.11/site-packages/starlette/middleware/errors.py", line 186, in __call__
    raise exc
  File "/Users/oemer.demirel/ftoken-lst-sims/venv/lib/python3.11/site-packages/starlette/middleware/errors.py", line 164, in __call__
    await self.app(scope, receive, _send)
  File "/Users/oemer.demirel/ftoken-lst-sims/venv/lib/python3.11/site-packages/starlette/middleware/cors.py", line 93, in __call__
    await self.simple_response(scope, receive, send, request_headers=headers)
  File "/Users/oemer.demirel/ftoken-lst-sims/venv/lib/python3.11/site-packages/starlette/middleware/cors.py", line 144, in simple_response
    await self.app(scope, receive, send)
  File "/Users/oemer.demirel/ftoken-lst-sims/venv/lib/python3.11/site-packages/starlette/middleware/exceptions.py", line 63, in __call__
    await wrap_app_handling_exceptions(self.app, conn)(scope, receive, send)
  File "/Users/oemer.demirel/ftoken-lst-sims/venv/lib/python3.11/site-packages/starlette/_exception_handler.py", line 53, in wrapped_app
    raise exc
  File "/Users/oemer.demirel/ftoken-lst-sims/venv/lib/python3.11/site-packages/starlette/_exception_handler.py", line 42, in wrapped_app
    await app(scope, receive, sender)
  File "/Users/oemer.demirel/ftoken-lst-sims/venv/lib/python3.11/site-packages/fastapi/middleware/asyncexitstack.py", line 18, in __call__
    await self.app(scope, receive, send)
  File "/Users/oemer.demirel/ftoken-lst-sims/venv/lib/python3.11/site-packages/starlette/routing.py", line 716, in __call__
    await self.middleware_stack(scope, receive, send)
  File "/Users/oemer.demirel/ftoken-lst-sims/venv/lib/python3.11/site-packages/starlette/routing.py", line 736, in app
    await route.handle(scope, receive, send)
  File "/Users/oemer.demirel/ftoken-lst-sims/venv/lib/python3.11/site-packages/starlette/routing.py", line 290, in handle
    await self.app(scope, receive, send)
  File "/Users/oemer.demirel/ftoken-lst-sims/venv/lib/python3.11/site-packages/fastapi/routing.py", line 119, in app
    await wrap_app_handling_exceptions(app, request)(scope, receive, send)
  File "/Users/oemer.demirel/ftoken-lst-sims/venv/lib/python3.11/site-packages/starlette/_exception_handler.py", line 53, in wrapped_app
    raise exc
  File "/Users/oemer.demirel/ftoken-lst-sims/venv/lib/python3.11/site-packages/starlette/_exception_handler.py", line 42, in wrapped_app
    await app(scope, receive, sender)
  File "/Users/oemer.demirel/ftoken-lst-sims/venv/lib/python3.11/site-packages/fastapi/routing.py", line 105, in app
    response = await f(request)
               ^^^^^^^^^^^^^^^^
  File "/Users/oemer.demirel/ftoken-lst-sims/venv/lib/python3.11/site-packages/fastapi/routing.py", line 418, in app
    response = actual_response_class(content, **response_args)
               ^^^^^^^^^^^^^^^^^^^^^^^^^^^^^^^^^^^^^^^^^^^^^^^
  File "/Users/oemer.demirel/ftoken-lst-sims/venv/lib/python3.11/site-packages/starlette/responses.py", line 189, in __init__
    super().__init__(content, status_code, headers, media_type, background)
  File "/Users/oemer.demirel/ftoken-lst-sims/venv/lib/python3.11/site-packages/starlette/responses.py", line 46, in __init__
    self.body = self.render(content)
                ^^^^^^^^^^^^^^^^^^^^
  File "/Users/oemer.demirel/ftoken-lst-sims/venv/lib/python3.11/site-packages/starlette/responses.py", line 192, in render
    return json.dumps(
           ^^^^^^^^^^^
  File "/usr/local/Cellar/python@3.11/3.11.12_1/Frameworks/Python.framework/Versions/3.11/lib/python3.11/json/__init__.py", line 238, in dumps
    **kw).encode(obj)
          ^^^^^^^^^^^
  File "/usr/local/Cellar/python@3.11/3.11.12_1/Frameworks/Python.framework/Versions/3.11/lib/python3.11/json/encoder.py", line 200, in encode
    chunks = self.iterencode(o, _one_shot=True)
             ^^^^^^^^^^^^^^^^^^^^^^^^^^^^^^^^^^
  File "/usr/local/Cellar/python@3.11/3.11.12_1/Frameworks/Python.framework/Versions/3.11/lib/python3.11/json/encoder.py", line 258, in iterencode
    return _iterencode(o, 0)
           ^^^^^^^^^^^^^^^^^
ValueError: Out of range float values are not JSON compliant
INFO:     127.0.0.1:56952 - "GET /simulate/cb683634-d1e2-4388-994b-babf7df53310/results HTTP/1.1" 500 Internal Server Error
ERROR:    Exception in ASGI application
Traceback (most recent call last):
  File "/Users/oemer.demirel/ftoken-lst-sims/venv/lib/python3.11/site-packages/uvicorn/protocols/http/h11_impl.py", line 403, in run_asgi
    result = await app(  # type: ignore[func-returns-value]
             ^^^^^^^^^^^^^^^^^^^^^^^^^^^^^^^^^^^^^^^^^^^^^^
  File "/Users/oemer.demirel/ftoken-lst-sims/venv/lib/python3.11/site-packages/uvicorn/middleware/proxy_headers.py", line 60, in __call__
    return await self.app(scope, receive, send)
           ^^^^^^^^^^^^^^^^^^^^^^^^^^^^^^^^^^^^
  File "/Users/oemer.demirel/ftoken-lst-sims/venv/lib/python3.11/site-packages/fastapi/applications.py", line 1139, in __call__
    await super().__call__(scope, receive, send)
  File "/Users/oemer.demirel/ftoken-lst-sims/venv/lib/python3.11/site-packages/starlette/applications.py", line 107, in __call__
    await self.middleware_stack(scope, receive, send)
  File "/Users/oemer.demirel/ftoken-lst-sims/venv/lib/python3.11/site-packages/starlette/middleware/errors.py", line 186, in __call__
    raise exc
  File "/Users/oemer.demirel/ftoken-lst-sims/venv/lib/python3.11/site-packages/starlette/middleware/errors.py", line 164, in __call__
    await self.app(scope, receive, _send)
  File "/Users/oemer.demirel/ftoken-lst-sims/venv/lib/python3.11/site-packages/starlette/middleware/cors.py", line 93, in __call__
    await self.simple_response(scope, receive, send, request_headers=headers)
  File "/Users/oemer.demirel/ftoken-lst-sims/venv/lib/python3.11/site-packages/starlette/middleware/cors.py", line 144, in simple_response
    await self.app(scope, receive, send)
  File "/Users/oemer.demirel/ftoken-lst-sims/venv/lib/python3.11/site-packages/starlette/middleware/exceptions.py", line 63, in __call__
    await wrap_app_handling_exceptions(self.app, conn)(scope, receive, send)
  File "/Users/oemer.demirel/ftoken-lst-sims/venv/lib/python3.11/site-packages/starlette/_exception_handler.py", line 53, in wrapped_app
    raise exc
  File "/Users/oemer.demirel/ftoken-lst-sims/venv/lib/python3.11/site-packages/starlette/_exception_handler.py", line 42, in wrapped_app
    await app(scope, receive, sender)
  File "/Users/oemer.demirel/ftoken-lst-sims/venv/lib/python3.11/site-packages/fastapi/middleware/asyncexitstack.py", line 18, in __call__
    await self.app(scope, receive, send)
  File "/Users/oemer.demirel/ftoken-lst-sims/venv/lib/python3.11/site-packages/starlette/routing.py", line 716, in __call__
    await self.middleware_stack(scope, receive, send)
  File "/Users/oemer.demirel/ftoken-lst-sims/venv/lib/python3.11/site-packages/starlette/routing.py", line 736, in app
    await route.handle(scope, receive, send)
  File "/Users/oemer.demirel/ftoken-lst-sims/venv/lib/python3.11/site-packages/starlette/routing.py", line 290, in handle
    await self.app(scope, receive, send)
  File "/Users/oemer.demirel/ftoken-lst-sims/venv/lib/python3.11/site-packages/fastapi/routing.py", line 119, in app
    await wrap_app_handling_exceptions(app, request)(scope, receive, send)
  File "/Users/oemer.demirel/ftoken-lst-sims/venv/lib/python3.11/site-packages/starlette/_exception_handler.py", line 53, in wrapped_app
    raise exc
  File "/Users/oemer.demirel/ftoken-lst-sims/venv/lib/python3.11/site-packages/starlette/_exception_handler.py", line 42, in wrapped_app
    await app(scope, receive, sender)
  File "/Users/oemer.demirel/ftoken-lst-sims/venv/lib/python3.11/site-packages/fastapi/routing.py", line 105, in app
    response = await f(request)
               ^^^^^^^^^^^^^^^^
  File "/Users/oemer.demirel/ftoken-lst-sims/venv/lib/python3.11/site-packages/fastapi/routing.py", line 418, in app
    response = actual_response_class(content, **response_args)
               ^^^^^^^^^^^^^^^^^^^^^^^^^^^^^^^^^^^^^^^^^^^^^^^
  File "/Users/oemer.demirel/ftoken-lst-sims/venv/lib/python3.11/site-packages/starlette/responses.py", line 189, in __init__
    super().__init__(content, status_code, headers, media_type, background)
  File "/Users/oemer.demirel/ftoken-lst-sims/venv/lib/python3.11/site-packages/starlette/responses.py", line 46, in __init__
    self.body = self.render(content)
                ^^^^^^^^^^^^^^^^^^^^
  File "/Users/oemer.demirel/ftoken-lst-sims/venv/lib/python3.11/site-packages/starlette/responses.py", line 192, in render
    return json.dumps(
           ^^^^^^^^^^^
  File "/usr/local/Cellar/python@3.11/3.11.12_1/Frameworks/Python.framework/Versions/3.11/lib/python3.11/json/__init__.py", line 238, in dumps
    **kw).encode(obj)
          ^^^^^^^^^^^
  File "/usr/local/Cellar/python@3.11/3.11.12_1/Frameworks/Python.framework/Versions/3.11/lib/python3.11/json/encoder.py", line 200, in encode
    chunks = self.iterencode(o, _one_shot=True)
             ^^^^^^^^^^^^^^^^^^^^^^^^^^^^^^^^^^
  File "/usr/local/Cellar/python@3.11/3.11.12_1/Frameworks/Python.framework/Versions/3.11/lib/python3.11/json/encoder.py", line 258, in iterencode
    return _iterencode(o, 0)
           ^^^^^^^^^^^^^^^^^
ValueError: Out of range float values are not JSON compliant
INFO:     127.0.0.1:56954 - "GET /simulate/cb683634-d1e2-4388-994b-babf7df53310/results HTTP/1.1" 500 Internal Server Error
ERROR:    Exception in ASGI application
Traceback (most recent call last):
  File "/Users/oemer.demirel/ftoken-lst-sims/venv/lib/python3.11/site-packages/uvicorn/protocols/http/h11_impl.py", line 403, in run_asgi
    result = await app(  # type: ignore[func-returns-value]
             ^^^^^^^^^^^^^^^^^^^^^^^^^^^^^^^^^^^^^^^^^^^^^^
  File "/Users/oemer.demirel/ftoken-lst-sims/venv/lib/python3.11/site-packages/uvicorn/middleware/proxy_headers.py", line 60, in __call__
    return await self.app(scope, receive, send)
           ^^^^^^^^^^^^^^^^^^^^^^^^^^^^^^^^^^^^
  File "/Users/oemer.demirel/ftoken-lst-sims/venv/lib/python3.11/site-packages/fastapi/applications.py", line 1139, in __call__
    await super().__call__(scope, receive, send)
  File "/Users/oemer.demirel/ftoken-lst-sims/venv/lib/python3.11/site-packages/starlette/applications.py", line 107, in __call__
    await self.middleware_stack(scope, receive, send)
  File "/Users/oemer.demirel/ftoken-lst-sims/venv/lib/python3.11/site-packages/starlette/middleware/errors.py", line 186, in __call__
    raise exc
  File "/Users/oemer.demirel/ftoken-lst-sims/venv/lib/python3.11/site-packages/starlette/middleware/errors.py", line 164, in __call__
    await self.app(scope, receive, _send)
  File "/Users/oemer.demirel/ftoken-lst-sims/venv/lib/python3.11/site-packages/starlette/middleware/cors.py", line 93, in __call__
    await self.simple_response(scope, receive, send, request_headers=headers)
  File "/Users/oemer.demirel/ftoken-lst-sims/venv/lib/python3.11/site-packages/starlette/middleware/cors.py", line 144, in simple_response
    await self.app(scope, receive, send)
  File "/Users/oemer.demirel/ftoken-lst-sims/venv/lib/python3.11/site-packages/starlette/middleware/exceptions.py", line 63, in __call__
    await wrap_app_handling_exceptions(self.app, conn)(scope, receive, send)
  File "/Users/oemer.demirel/ftoken-lst-sims/venv/lib/python3.11/site-packages/starlette/_exception_handler.py", line 53, in wrapped_app
    raise exc
  File "/Users/oemer.demirel/ftoken-lst-sims/venv/lib/python3.11/site-packages/starlette/_exception_handler.py", line 42, in wrapped_app
    await app(scope, receive, sender)
  File "/Users/oemer.demirel/ftoken-lst-sims/venv/lib/python3.11/site-packages/fastapi/middleware/asyncexitstack.py", line 18, in __call__
    await self.app(scope, receive, send)
  File "/Users/oemer.demirel/ftoken-lst-sims/venv/lib/python3.11/site-packages/starlette/routing.py", line 716, in __call__
    await self.middleware_stack(scope, receive, send)
  File "/Users/oemer.demirel/ftoken-lst-sims/venv/lib/python3.11/site-packages/starlette/routing.py", line 736, in app
    await route.handle(scope, receive, send)
  File "/Users/oemer.demirel/ftoken-lst-sims/venv/lib/python3.11/site-packages/starlette/routing.py", line 290, in handle
    await self.app(scope, receive, send)
  File "/Users/oemer.demirel/ftoken-lst-sims/venv/lib/python3.11/site-packages/fastapi/routing.py", line 119, in app
    await wrap_app_handling_exceptions(app, request)(scope, receive, send)
  File "/Users/oemer.demirel/ftoken-lst-sims/venv/lib/python3.11/site-packages/starlette/_exception_handler.py", line 53, in wrapped_app
    raise exc
  File "/Users/oemer.demirel/ftoken-lst-sims/venv/lib/python3.11/site-packages/starlette/_exception_handler.py", line 42, in wrapped_app
    await app(scope, receive, sender)
  File "/Users/oemer.demirel/ftoken-lst-sims/venv/lib/python3.11/site-packages/fastapi/routing.py", line 105, in app
    response = await f(request)
               ^^^^^^^^^^^^^^^^
  File "/Users/oemer.demirel/ftoken-lst-sims/venv/lib/python3.11/site-packages/fastapi/routing.py", line 418, in app
    response = actual_response_class(content, **response_args)
               ^^^^^^^^^^^^^^^^^^^^^^^^^^^^^^^^^^^^^^^^^^^^^^^
  File "/Users/oemer.demirel/ftoken-lst-sims/venv/lib/python3.11/site-packages/starlette/responses.py", line 189, in __init__
    super().__init__(content, status_code, headers, media_type, background)
  File "/Users/oemer.demirel/ftoken-lst-sims/venv/lib/python3.11/site-packages/starlette/responses.py", line 46, in __init__
    self.body = self.render(content)
                ^^^^^^^^^^^^^^^^^^^^
  File "/Users/oemer.demirel/ftoken-lst-sims/venv/lib/python3.11/site-packages/starlette/responses.py", line 192, in render
    return json.dumps(
           ^^^^^^^^^^^
  File "/usr/local/Cellar/python@3.11/3.11.12_1/Frameworks/Python.framework/Versions/3.11/lib/python3.11/json/__init__.py", line 238, in dumps
    **kw).encode(obj)
          ^^^^^^^^^^^
  File "/usr/local/Cellar/python@3.11/3.11.12_1/Frameworks/Python.framework/Versions/3.11/lib/python3.11/json/encoder.py", line 200, in encode
    chunks = self.iterencode(o, _one_shot=True)
             ^^^^^^^^^^^^^^^^^^^^^^^^^^^^^^^^^^
  File "/usr/local/Cellar/python@3.11/3.11.12_1/Frameworks/Python.framework/Versions/3.11/lib/python3.11/json/encoder.py", line 258, in iterencode
    return _iterencode(o, 0)
           ^^^^^^^^^^^^^^^^^
ValueError: Out of range float values are not JSON compliant
INFO:     127.0.0.1:56964 - "GET /simulate/cb683634-d1e2-4388-994b-babf7df53310/results HTTP/1.1" 500 Internal Server Error
ERROR:    Exception in ASGI application
Traceback (most recent call last):
  File "/Users/oemer.demirel/ftoken-lst-sims/venv/lib/python3.11/site-packages/uvicorn/protocols/http/h11_impl.py", line 403, in run_asgi
    result = await app(  # type: ignore[func-returns-value]
             ^^^^^^^^^^^^^^^^^^^^^^^^^^^^^^^^^^^^^^^^^^^^^^
  File "/Users/oemer.demirel/ftoken-lst-sims/venv/lib/python3.11/site-packages/uvicorn/middleware/proxy_headers.py", line 60, in __call__
    return await self.app(scope, receive, send)
           ^^^^^^^^^^^^^^^^^^^^^^^^^^^^^^^^^^^^
  File "/Users/oemer.demirel/ftoken-lst-sims/venv/lib/python3.11/site-packages/fastapi/applications.py", line 1139, in __call__
    await super().__call__(scope, receive, send)
  File "/Users/oemer.demirel/ftoken-lst-sims/venv/lib/python3.11/site-packages/starlette/applications.py", line 107, in __call__
    await self.middleware_stack(scope, receive, send)
  File "/Users/oemer.demirel/ftoken-lst-sims/venv/lib/python3.11/site-packages/starlette/middleware/errors.py", line 186, in __call__
    raise exc
  File "/Users/oemer.demirel/ftoken-lst-sims/venv/lib/python3.11/site-packages/starlette/middleware/errors.py", line 164, in __call__
    await self.app(scope, receive, _send)
  File "/Users/oemer.demirel/ftoken-lst-sims/venv/lib/python3.11/site-packages/starlette/middleware/cors.py", line 93, in __call__
    await self.simple_response(scope, receive, send, request_headers=headers)
  File "/Users/oemer.demirel/ftoken-lst-sims/venv/lib/python3.11/site-packages/starlette/middleware/cors.py", line 144, in simple_response
    await self.app(scope, receive, send)
  File "/Users/oemer.demirel/ftoken-lst-sims/venv/lib/python3.11/site-packages/starlette/middleware/exceptions.py", line 63, in __call__
    await wrap_app_handling_exceptions(self.app, conn)(scope, receive, send)
  File "/Users/oemer.demirel/ftoken-lst-sims/venv/lib/python3.11/site-packages/starlette/_exception_handler.py", line 53, in wrapped_app
    raise exc
  File "/Users/oemer.demirel/ftoken-lst-sims/venv/lib/python3.11/site-packages/starlette/_exception_handler.py", line 42, in wrapped_app
    await app(scope, receive, sender)
  File "/Users/oemer.demirel/ftoken-lst-sims/venv/lib/python3.11/site-packages/fastapi/middleware/asyncexitstack.py", line 18, in __call__
    await self.app(scope, receive, send)
  File "/Users/oemer.demirel/ftoken-lst-sims/venv/lib/python3.11/site-packages/starlette/routing.py", line 716, in __call__
    await self.middleware_stack(scope, receive, send)
  File "/Users/oemer.demirel/ftoken-lst-sims/venv/lib/python3.11/site-packages/starlette/routing.py", line 736, in app
    await route.handle(scope, receive, send)
  File "/Users/oemer.demirel/ftoken-lst-sims/venv/lib/python3.11/site-packages/starlette/routing.py", line 290, in handle
    await self.app(scope, receive, send)
  File "/Users/oemer.demirel/ftoken-lst-sims/venv/lib/python3.11/site-packages/fastapi/routing.py", line 119, in app
    await wrap_app_handling_exceptions(app, request)(scope, receive, send)
  File "/Users/oemer.demirel/ftoken-lst-sims/venv/lib/python3.11/site-packages/starlette/_exception_handler.py", line 53, in wrapped_app
    raise exc
  File "/Users/oemer.demirel/ftoken-lst-sims/venv/lib/python3.11/site-packages/starlette/_exception_handler.py", line 42, in wrapped_app
    await app(scope, receive, sender)
  File "/Users/oemer.demirel/ftoken-lst-sims/venv/lib/python3.11/site-packages/fastapi/routing.py", line 105, in app
    response = await f(request)
               ^^^^^^^^^^^^^^^^
  File "/Users/oemer.demirel/ftoken-lst-sims/venv/lib/python3.11/site-packages/fastapi/routing.py", line 418, in app
    response = actual_response_class(content, **response_args)
               ^^^^^^^^^^^^^^^^^^^^^^^^^^^^^^^^^^^^^^^^^^^^^^^
  File "/Users/oemer.demirel/ftoken-lst-sims/venv/lib/python3.11/site-packages/starlette/responses.py", line 189, in __init__
    super().__init__(content, status_code, headers, media_type, background)
  File "/Users/oemer.demirel/ftoken-lst-sims/venv/lib/python3.11/site-packages/starlette/responses.py", line 46, in __init__
    self.body = self.render(content)
                ^^^^^^^^^^^^^^^^^^^^
  File "/Users/oemer.demirel/ftoken-lst-sims/venv/lib/python3.11/site-packages/starlette/responses.py", line 192, in render
    return json.dumps(
           ^^^^^^^^^^^
  File "/usr/local/Cellar/python@3.11/3.11.12_1/Frameworks/Python.framework/Versions/3.11/lib/python3.11/json/__init__.py", line 238, in dumps
    **kw).encode(obj)
          ^^^^^^^^^^^
  File "/usr/local/Cellar/python@3.11/3.11.12_1/Frameworks/Python.framework/Versions/3.11/lib/python3.11/json/encoder.py", line 200, in encode
    chunks = self.iterencode(o, _one_shot=True)
             ^^^^^^^^^^^^^^^^^^^^^^^^^^^^^^^^^^
  File "/usr/local/Cellar/python@3.11/3.11.12_1/Frameworks/Python.framework/Versions/3.11/lib/python3.11/json/encoder.py", line 258, in iterencode
    return _iterencode(o, 0)
           ^^^^^^^^^^^^^^^^^
ValueError: Out of range float values are not JSON compliant
INFO:     127.0.0.1:56966 - "GET /simulate/cb683634-d1e2-4388-994b-babf7df53310/results HTTP/1.1" 500 Internal Server Error
ERROR:    Exception in ASGI application
Traceback (most recent call last):
  File "/Users/oemer.demirel/ftoken-lst-sims/venv/lib/python3.11/site-packages/uvicorn/protocols/http/h11_impl.py", line 403, in run_asgi
    result = await app(  # type: ignore[func-returns-value]
             ^^^^^^^^^^^^^^^^^^^^^^^^^^^^^^^^^^^^^^^^^^^^^^
  File "/Users/oemer.demirel/ftoken-lst-sims/venv/lib/python3.11/site-packages/uvicorn/middleware/proxy_headers.py", line 60, in __call__
    return await self.app(scope, receive, send)
           ^^^^^^^^^^^^^^^^^^^^^^^^^^^^^^^^^^^^
  File "/Users/oemer.demirel/ftoken-lst-sims/venv/lib/python3.11/site-packages/fastapi/applications.py", line 1139, in __call__
    await super().__call__(scope, receive, send)
  File "/Users/oemer.demirel/ftoken-lst-sims/venv/lib/python3.11/site-packages/starlette/applications.py", line 107, in __call__
    await self.middleware_stack(scope, receive, send)
  File "/Users/oemer.demirel/ftoken-lst-sims/venv/lib/python3.11/site-packages/starlette/middleware/errors.py", line 186, in __call__
    raise exc
  File "/Users/oemer.demirel/ftoken-lst-sims/venv/lib/python3.11/site-packages/starlette/middleware/errors.py", line 164, in __call__
    await self.app(scope, receive, _send)
  File "/Users/oemer.demirel/ftoken-lst-sims/venv/lib/python3.11/site-packages/starlette/middleware/cors.py", line 93, in __call__
    await self.simple_response(scope, receive, send, request_headers=headers)
  File "/Users/oemer.demirel/ftoken-lst-sims/venv/lib/python3.11/site-packages/starlette/middleware/cors.py", line 144, in simple_response
    await self.app(scope, receive, send)
  File "/Users/oemer.demirel/ftoken-lst-sims/venv/lib/python3.11/site-packages/starlette/middleware/exceptions.py", line 63, in __call__
    await wrap_app_handling_exceptions(self.app, conn)(scope, receive, send)
  File "/Users/oemer.demirel/ftoken-lst-sims/venv/lib/python3.11/site-packages/starlette/_exception_handler.py", line 53, in wrapped_app
    raise exc
  File "/Users/oemer.demirel/ftoken-lst-sims/venv/lib/python3.11/site-packages/starlette/_exception_handler.py", line 42, in wrapped_app
    await app(scope, receive, sender)
  File "/Users/oemer.demirel/ftoken-lst-sims/venv/lib/python3.11/site-packages/fastapi/middleware/asyncexitstack.py", line 18, in __call__
    await self.app(scope, receive, send)
  File "/Users/oemer.demirel/ftoken-lst-sims/venv/lib/python3.11/site-packages/starlette/routing.py", line 716, in __call__
    await self.middleware_stack(scope, receive, send)
  File "/Users/oemer.demirel/ftoken-lst-sims/venv/lib/python3.11/site-packages/starlette/routing.py", line 736, in app
    await route.handle(scope, receive, send)
  File "/Users/oemer.demirel/ftoken-lst-sims/venv/lib/python3.11/site-packages/starlette/routing.py", line 290, in handle
    await self.app(scope, receive, send)
  File "/Users/oemer.demirel/ftoken-lst-sims/venv/lib/python3.11/site-packages/fastapi/routing.py", line 119, in app
    await wrap_app_handling_exceptions(app, request)(scope, receive, send)
  File "/Users/oemer.demirel/ftoken-lst-sims/venv/lib/python3.11/site-packages/starlette/_exception_handler.py", line 53, in wrapped_app
    raise exc
  File "/Users/oemer.demirel/ftoken-lst-sims/venv/lib/python3.11/site-packages/starlette/_exception_handler.py", line 42, in wrapped_app
    await app(scope, receive, sender)
  File "/Users/oemer.demirel/ftoken-lst-sims/venv/lib/python3.11/site-packages/fastapi/routing.py", line 105, in app
    response = await f(request)
               ^^^^^^^^^^^^^^^^
  File "/Users/oemer.demirel/ftoken-lst-sims/venv/lib/python3.11/site-packages/fastapi/routing.py", line 418, in app
    response = actual_response_class(content, **response_args)
               ^^^^^^^^^^^^^^^^^^^^^^^^^^^^^^^^^^^^^^^^^^^^^^^
  File "/Users/oemer.demirel/ftoken-lst-sims/venv/lib/python3.11/site-packages/starlette/responses.py", line 189, in __init__
    super().__init__(content, status_code, headers, media_type, background)
  File "/Users/oemer.demirel/ftoken-lst-sims/venv/lib/python3.11/site-packages/starlette/responses.py", line 46, in __init__
    self.body = self.render(content)
                ^^^^^^^^^^^^^^^^^^^^
  File "/Users/oemer.demirel/ftoken-lst-sims/venv/lib/python3.11/site-packages/starlette/responses.py", line 192, in render
    return json.dumps(
           ^^^^^^^^^^^
  File "/usr/local/Cellar/python@3.11/3.11.12_1/Frameworks/Python.framework/Versions/3.11/lib/python3.11/json/__init__.py", line 238, in dumps
    **kw).encode(obj)
          ^^^^^^^^^^^
  File "/usr/local/Cellar/python@3.11/3.11.12_1/Frameworks/Python.framework/Versions/3.11/lib/python3.11/json/encoder.py", line 200, in encode
    chunks = self.iterencode(o, _one_shot=True)
             ^^^^^^^^^^^^^^^^^^^^^^^^^^^^^^^^^^
  File "/usr/local/Cellar/python@3.11/3.11.12_1/Frameworks/Python.framework/Versions/3.11/lib/python3.11/json/encoder.py", line 258, in iterencode
    return _iterencode(o, 0)
           ^^^^^^^^^^^^^^^^^
ValueError: Out of range float values are not JSON compliant
INFO:     127.0.0.1:56973 - "GET /simulate/cb683634-d1e2-4388-994b-babf7df53310/results HTTP/1.1" 500 Internal Server Error
ERROR:    Exception in ASGI application
Traceback (most recent call last):
  File "/Users/oemer.demirel/ftoken-lst-sims/venv/lib/python3.11/site-packages/uvicorn/protocols/http/h11_impl.py", line 403, in run_asgi
    result = await app(  # type: ignore[func-returns-value]
             ^^^^^^^^^^^^^^^^^^^^^^^^^^^^^^^^^^^^^^^^^^^^^^
  File "/Users/oemer.demirel/ftoken-lst-sims/venv/lib/python3.11/site-packages/uvicorn/middleware/proxy_headers.py", line 60, in __call__
    return await self.app(scope, receive, send)
           ^^^^^^^^^^^^^^^^^^^^^^^^^^^^^^^^^^^^
  File "/Users/oemer.demirel/ftoken-lst-sims/venv/lib/python3.11/site-packages/fastapi/applications.py", line 1139, in __call__
    await super().__call__(scope, receive, send)
  File "/Users/oemer.demirel/ftoken-lst-sims/venv/lib/python3.11/site-packages/starlette/applications.py", line 107, in __call__
    await self.middleware_stack(scope, receive, send)
  File "/Users/oemer.demirel/ftoken-lst-sims/venv/lib/python3.11/site-packages/starlette/middleware/errors.py", line 186, in __call__
    raise exc
  File "/Users/oemer.demirel/ftoken-lst-sims/venv/lib/python3.11/site-packages/starlette/middleware/errors.py", line 164, in __call__
    await self.app(scope, receive, _send)
  File "/Users/oemer.demirel/ftoken-lst-sims/venv/lib/python3.11/site-packages/starlette/middleware/cors.py", line 93, in __call__
    await self.simple_response(scope, receive, send, request_headers=headers)
  File "/Users/oemer.demirel/ftoken-lst-sims/venv/lib/python3.11/site-packages/starlette/middleware/cors.py", line 144, in simple_response
    await self.app(scope, receive, send)
  File "/Users/oemer.demirel/ftoken-lst-sims/venv/lib/python3.11/site-packages/starlette/middleware/exceptions.py", line 63, in __call__
    await wrap_app_handling_exceptions(self.app, conn)(scope, receive, send)
  File "/Users/oemer.demirel/ftoken-lst-sims/venv/lib/python3.11/site-packages/starlette/_exception_handler.py", line 53, in wrapped_app
    raise exc
  File "/Users/oemer.demirel/ftoken-lst-sims/venv/lib/python3.11/site-packages/starlette/_exception_handler.py", line 42, in wrapped_app
    await app(scope, receive, sender)
  File "/Users/oemer.demirel/ftoken-lst-sims/venv/lib/python3.11/site-packages/fastapi/middleware/asyncexitstack.py", line 18, in __call__
    await self.app(scope, receive, send)
  File "/Users/oemer.demirel/ftoken-lst-sims/venv/lib/python3.11/site-packages/starlette/routing.py", line 716, in __call__
    await self.middleware_stack(scope, receive, send)
  File "/Users/oemer.demirel/ftoken-lst-sims/venv/lib/python3.11/site-packages/starlette/routing.py", line 736, in app
    await route.handle(scope, receive, send)
  File "/Users/oemer.demirel/ftoken-lst-sims/venv/lib/python3.11/site-packages/starlette/routing.py", line 290, in handle
    await self.app(scope, receive, send)
  File "/Users/oemer.demirel/ftoken-lst-sims/venv/lib/python3.11/site-packages/fastapi/routing.py", line 119, in app
    await wrap_app_handling_exceptions(app, request)(scope, receive, send)
  File "/Users/oemer.demirel/ftoken-lst-sims/venv/lib/python3.11/site-packages/starlette/_exception_handler.py", line 53, in wrapped_app
    raise exc
  File "/Users/oemer.demirel/ftoken-lst-sims/venv/lib/python3.11/site-packages/starlette/_exception_handler.py", line 42, in wrapped_app
    await app(scope, receive, sender)
  File "/Users/oemer.demirel/ftoken-lst-sims/venv/lib/python3.11/site-packages/fastapi/routing.py", line 105, in app
    response = await f(request)
               ^^^^^^^^^^^^^^^^
  File "/Users/oemer.demirel/ftoken-lst-sims/venv/lib/python3.11/site-packages/fastapi/routing.py", line 418, in app
    response = actual_response_class(content, **response_args)
               ^^^^^^^^^^^^^^^^^^^^^^^^^^^^^^^^^^^^^^^^^^^^^^^
  File "/Users/oemer.demirel/ftoken-lst-sims/venv/lib/python3.11/site-packages/starlette/responses.py", line 189, in __init__
    super().__init__(content, status_code, headers, media_type, background)
  File "/Users/oemer.demirel/ftoken-lst-sims/venv/lib/python3.11/site-packages/starlette/responses.py", line 46, in __init__
    self.body = self.render(content)
                ^^^^^^^^^^^^^^^^^^^^
  File "/Users/oemer.demirel/ftoken-lst-sims/venv/lib/python3.11/site-packages/starlette/responses.py", line 192, in render
    return json.dumps(
           ^^^^^^^^^^^
  File "/usr/local/Cellar/python@3.11/3.11.12_1/Frameworks/Python.framework/Versions/3.11/lib/python3.11/json/__init__.py", line 238, in dumps
    **kw).encode(obj)
          ^^^^^^^^^^^
  File "/usr/local/Cellar/python@3.11/3.11.12_1/Frameworks/Python.framework/Versions/3.11/lib/python3.11/json/encoder.py", line 200, in encode
    chunks = self.iterencode(o, _one_shot=True)
             ^^^^^^^^^^^^^^^^^^^^^^^^^^^^^^^^^^
  File "/usr/local/Cellar/python@3.11/3.11.12_1/Frameworks/Python.framework/Versions/3.11/lib/python3.11/json/encoder.py", line 258, in iterencode
    return _iterencode(o, 0)
           ^^^^^^^^^^^^^^^^^
ValueError: Out of range float values are not JSON compliant
INFO:     127.0.0.1:56985 - "GET /simulate/cb683634-d1e2-4388-994b-babf7df53310/results HTTP/1.1" 500 Internal Server Error
ERROR:    Exception in ASGI application
Traceback (most recent call last):
  File "/Users/oemer.demirel/ftoken-lst-sims/venv/lib/python3.11/site-packages/uvicorn/protocols/http/h11_impl.py", line 403, in run_asgi
    result = await app(  # type: ignore[func-returns-value]
             ^^^^^^^^^^^^^^^^^^^^^^^^^^^^^^^^^^^^^^^^^^^^^^
  File "/Users/oemer.demirel/ftoken-lst-sims/venv/lib/python3.11/site-packages/uvicorn/middleware/proxy_headers.py", line 60, in __call__
    return await self.app(scope, receive, send)
           ^^^^^^^^^^^^^^^^^^^^^^^^^^^^^^^^^^^^
  File "/Users/oemer.demirel/ftoken-lst-sims/venv/lib/python3.11/site-packages/fastapi/applications.py", line 1139, in __call__
    await super().__call__(scope, receive, send)
  File "/Users/oemer.demirel/ftoken-lst-sims/venv/lib/python3.11/site-packages/starlette/applications.py", line 107, in __call__
    await self.middleware_stack(scope, receive, send)
  File "/Users/oemer.demirel/ftoken-lst-sims/venv/lib/python3.11/site-packages/starlette/middleware/errors.py", line 186, in __call__
    raise exc
  File "/Users/oemer.demirel/ftoken-lst-sims/venv/lib/python3.11/site-packages/starlette/middleware/errors.py", line 164, in __call__
    await self.app(scope, receive, _send)
  File "/Users/oemer.demirel/ftoken-lst-sims/venv/lib/python3.11/site-packages/starlette/middleware/cors.py", line 93, in __call__
    await self.simple_response(scope, receive, send, request_headers=headers)
  File "/Users/oemer.demirel/ftoken-lst-sims/venv/lib/python3.11/site-packages/starlette/middleware/cors.py", line 144, in simple_response
    await self.app(scope, receive, send)
  File "/Users/oemer.demirel/ftoken-lst-sims/venv/lib/python3.11/site-packages/starlette/middleware/exceptions.py", line 63, in __call__
    await wrap_app_handling_exceptions(self.app, conn)(scope, receive, send)
  File "/Users/oemer.demirel/ftoken-lst-sims/venv/lib/python3.11/site-packages/starlette/_exception_handler.py", line 53, in wrapped_app
    raise exc
  File "/Users/oemer.demirel/ftoken-lst-sims/venv/lib/python3.11/site-packages/starlette/_exception_handler.py", line 42, in wrapped_app
    await app(scope, receive, sender)
  File "/Users/oemer.demirel/ftoken-lst-sims/venv/lib/python3.11/site-packages/fastapi/middleware/asyncexitstack.py", line 18, in __call__
    await self.app(scope, receive, send)
  File "/Users/oemer.demirel/ftoken-lst-sims/venv/lib/python3.11/site-packages/starlette/routing.py", line 716, in __call__
    await self.middleware_stack(scope, receive, send)
  File "/Users/oemer.demirel/ftoken-lst-sims/venv/lib/python3.11/site-packages/starlette/routing.py", line 736, in app
    await route.handle(scope, receive, send)
  File "/Users/oemer.demirel/ftoken-lst-sims/venv/lib/python3.11/site-packages/starlette/routing.py", line 290, in handle
    await self.app(scope, receive, send)
  File "/Users/oemer.demirel/ftoken-lst-sims/venv/lib/python3.11/site-packages/fastapi/routing.py", line 119, in app
    await wrap_app_handling_exceptions(app, request)(scope, receive, send)
  File "/Users/oemer.demirel/ftoken-lst-sims/venv/lib/python3.11/site-packages/starlette/_exception_handler.py", line 53, in wrapped_app
    raise exc
  File "/Users/oemer.demirel/ftoken-lst-sims/venv/lib/python3.11/site-packages/starlette/_exception_handler.py", line 42, in wrapped_app
    await app(scope, receive, sender)
  File "/Users/oemer.demirel/ftoken-lst-sims/venv/lib/python3.11/site-packages/fastapi/routing.py", line 105, in app
    response = await f(request)
               ^^^^^^^^^^^^^^^^
  File "/Users/oemer.demirel/ftoken-lst-sims/venv/lib/python3.11/site-packages/fastapi/routing.py", line 418, in app
    response = actual_response_class(content, **response_args)
               ^^^^^^^^^^^^^^^^^^^^^^^^^^^^^^^^^^^^^^^^^^^^^^^
  File "/Users/oemer.demirel/ftoken-lst-sims/venv/lib/python3.11/site-packages/starlette/responses.py", line 189, in __init__
    super().__init__(content, status_code, headers, media_type, background)
  File "/Users/oemer.demirel/ftoken-lst-sims/venv/lib/python3.11/site-packages/starlette/responses.py", line 46, in __init__
    self.body = self.render(content)
                ^^^^^^^^^^^^^^^^^^^^
  File "/Users/oemer.demirel/ftoken-lst-sims/venv/lib/python3.11/site-packages/starlette/responses.py", line 192, in render
    return json.dumps(
           ^^^^^^^^^^^
  File "/usr/local/Cellar/python@3.11/3.11.12_1/Frameworks/Python.framework/Versions/3.11/lib/python3.11/json/__init__.py", line 238, in dumps
    **kw).encode(obj)
          ^^^^^^^^^^^
  File "/usr/local/Cellar/python@3.11/3.11.12_1/Frameworks/Python.framework/Versions/3.11/lib/python3.11/json/encoder.py", line 200, in encode
    chunks = self.iterencode(o, _one_shot=True)
             ^^^^^^^^^^^^^^^^^^^^^^^^^^^^^^^^^^
  File "/usr/local/Cellar/python@3.11/3.11.12_1/Frameworks/Python.framework/Versions/3.11/lib/python3.11/json/encoder.py", line 258, in iterencode
    return _iterencode(o, 0)
           ^^^^^^^^^^^^^^^^^
ValueError: Out of range float values are not JSON compliant
INFO:     127.0.0.1:56987 - "GET /simulate/cb683634-d1e2-4388-994b-babf7df53310/results HTTP/1.1" 500 Internal Server Error
ERROR:    Exception in ASGI application
Traceback (most recent call last):
  File "/Users/oemer.demirel/ftoken-lst-sims/venv/lib/python3.11/site-packages/uvicorn/protocols/http/h11_impl.py", line 403, in run_asgi
    result = await app(  # type: ignore[func-returns-value]
             ^^^^^^^^^^^^^^^^^^^^^^^^^^^^^^^^^^^^^^^^^^^^^^
  File "/Users/oemer.demirel/ftoken-lst-sims/venv/lib/python3.11/site-packages/uvicorn/middleware/proxy_headers.py", line 60, in __call__
    return await self.app(scope, receive, send)
           ^^^^^^^^^^^^^^^^^^^^^^^^^^^^^^^^^^^^
  File "/Users/oemer.demirel/ftoken-lst-sims/venv/lib/python3.11/site-packages/fastapi/applications.py", line 1139, in __call__
    await super().__call__(scope, receive, send)
  File "/Users/oemer.demirel/ftoken-lst-sims/venv/lib/python3.11/site-packages/starlette/applications.py", line 107, in __call__
    await self.middleware_stack(scope, receive, send)
  File "/Users/oemer.demirel/ftoken-lst-sims/venv/lib/python3.11/site-packages/starlette/middleware/errors.py", line 186, in __call__
    raise exc
  File "/Users/oemer.demirel/ftoken-lst-sims/venv/lib/python3.11/site-packages/starlette/middleware/errors.py", line 164, in __call__
    await self.app(scope, receive, _send)
  File "/Users/oemer.demirel/ftoken-lst-sims/venv/lib/python3.11/site-packages/starlette/middleware/cors.py", line 93, in __call__
    await self.simple_response(scope, receive, send, request_headers=headers)
  File "/Users/oemer.demirel/ftoken-lst-sims/venv/lib/python3.11/site-packages/starlette/middleware/cors.py", line 144, in simple_response
    await self.app(scope, receive, send)
  File "/Users/oemer.demirel/ftoken-lst-sims/venv/lib/python3.11/site-packages/starlette/middleware/exceptions.py", line 63, in __call__
    await wrap_app_handling_exceptions(self.app, conn)(scope, receive, send)
  File "/Users/oemer.demirel/ftoken-lst-sims/venv/lib/python3.11/site-packages/starlette/_exception_handler.py", line 53, in wrapped_app
    raise exc
  File "/Users/oemer.demirel/ftoken-lst-sims/venv/lib/python3.11/site-packages/starlette/_exception_handler.py", line 42, in wrapped_app
    await app(scope, receive, sender)
  File "/Users/oemer.demirel/ftoken-lst-sims/venv/lib/python3.11/site-packages/fastapi/middleware/asyncexitstack.py", line 18, in __call__
    await self.app(scope, receive, send)
  File "/Users/oemer.demirel/ftoken-lst-sims/venv/lib/python3.11/site-packages/starlette/routing.py", line 716, in __call__
    await self.middleware_stack(scope, receive, send)
  File "/Users/oemer.demirel/ftoken-lst-sims/venv/lib/python3.11/site-packages/starlette/routing.py", line 736, in app
    await route.handle(scope, receive, send)
  File "/Users/oemer.demirel/ftoken-lst-sims/venv/lib/python3.11/site-packages/starlette/routing.py", line 290, in handle
    await self.app(scope, receive, send)
  File "/Users/oemer.demirel/ftoken-lst-sims/venv/lib/python3.11/site-packages/fastapi/routing.py", line 119, in app
    await wrap_app_handling_exceptions(app, request)(scope, receive, send)
  File "/Users/oemer.demirel/ftoken-lst-sims/venv/lib/python3.11/site-packages/starlette/_exception_handler.py", line 53, in wrapped_app
    raise exc
  File "/Users/oemer.demirel/ftoken-lst-sims/venv/lib/python3.11/site-packages/starlette/_exception_handler.py", line 42, in wrapped_app
    await app(scope, receive, sender)
  File "/Users/oemer.demirel/ftoken-lst-sims/venv/lib/python3.11/site-packages/fastapi/routing.py", line 105, in app
    response = await f(request)
               ^^^^^^^^^^^^^^^^
  File "/Users/oemer.demirel/ftoken-lst-sims/venv/lib/python3.11/site-packages/fastapi/routing.py", line 418, in app
    response = actual_response_class(content, **response_args)
               ^^^^^^^^^^^^^^^^^^^^^^^^^^^^^^^^^^^^^^^^^^^^^^^
  File "/Users/oemer.demirel/ftoken-lst-sims/venv/lib/python3.11/site-packages/starlette/responses.py", line 189, in __init__
    super().__init__(content, status_code, headers, media_type, background)
  File "/Users/oemer.demirel/ftoken-lst-sims/venv/lib/python3.11/site-packages/starlette/responses.py", line 46, in __init__
    self.body = self.render(content)
                ^^^^^^^^^^^^^^^^^^^^
  File "/Users/oemer.demirel/ftoken-lst-sims/venv/lib/python3.11/site-packages/starlette/responses.py", line 192, in render
    return json.dumps(
           ^^^^^^^^^^^
  File "/usr/local/Cellar/python@3.11/3.11.12_1/Frameworks/Python.framework/Versions/3.11/lib/python3.11/json/__init__.py", line 238, in dumps
    **kw).encode(obj)
          ^^^^^^^^^^^
  File "/usr/local/Cellar/python@3.11/3.11.12_1/Frameworks/Python.framework/Versions/3.11/lib/python3.11/json/encoder.py", line 200, in encode
    chunks = self.iterencode(o, _one_shot=True)
             ^^^^^^^^^^^^^^^^^^^^^^^^^^^^^^^^^^
  File "/usr/local/Cellar/python@3.11/3.11.12_1/Frameworks/Python.framework/Versions/3.11/lib/python3.11/json/encoder.py", line 258, in iterencode
    return _iterencode(o, 0)
           ^^^^^^^^^^^^^^^^^
ValueError: Out of range float values are not JSON compliant
INFO:     127.0.0.1:56989 - "GET /simulate/cb683634-d1e2-4388-994b-babf7df53310/results HTTP/1.1" 500 Internal Server Error
ERROR:    Exception in ASGI application
Traceback (most recent call last):
  File "/Users/oemer.demirel/ftoken-lst-sims/venv/lib/python3.11/site-packages/uvicorn/protocols/http/h11_impl.py", line 403, in run_asgi
    result = await app(  # type: ignore[func-returns-value]
             ^^^^^^^^^^^^^^^^^^^^^^^^^^^^^^^^^^^^^^^^^^^^^^
  File "/Users/oemer.demirel/ftoken-lst-sims/venv/lib/python3.11/site-packages/uvicorn/middleware/proxy_headers.py", line 60, in __call__
    return await self.app(scope, receive, send)
           ^^^^^^^^^^^^^^^^^^^^^^^^^^^^^^^^^^^^
  File "/Users/oemer.demirel/ftoken-lst-sims/venv/lib/python3.11/site-packages/fastapi/applications.py", line 1139, in __call__
    await super().__call__(scope, receive, send)
  File "/Users/oemer.demirel/ftoken-lst-sims/venv/lib/python3.11/site-packages/starlette/applications.py", line 107, in __call__
    await self.middleware_stack(scope, receive, send)
  File "/Users/oemer.demirel/ftoken-lst-sims/venv/lib/python3.11/site-packages/starlette/middleware/errors.py", line 186, in __call__
    raise exc
  File "/Users/oemer.demirel/ftoken-lst-sims/venv/lib/python3.11/site-packages/starlette/middleware/errors.py", line 164, in __call__
    await self.app(scope, receive, _send)
  File "/Users/oemer.demirel/ftoken-lst-sims/venv/lib/python3.11/site-packages/starlette/middleware/cors.py", line 93, in __call__
    await self.simple_response(scope, receive, send, request_headers=headers)
  File "/Users/oemer.demirel/ftoken-lst-sims/venv/lib/python3.11/site-packages/starlette/middleware/cors.py", line 144, in simple_response
    await self.app(scope, receive, send)
  File "/Users/oemer.demirel/ftoken-lst-sims/venv/lib/python3.11/site-packages/starlette/middleware/exceptions.py", line 63, in __call__
    await wrap_app_handling_exceptions(self.app, conn)(scope, receive, send)
  File "/Users/oemer.demirel/ftoken-lst-sims/venv/lib/python3.11/site-packages/starlette/_exception_handler.py", line 53, in wrapped_app
    raise exc
  File "/Users/oemer.demirel/ftoken-lst-sims/venv/lib/python3.11/site-packages/starlette/_exception_handler.py", line 42, in wrapped_app
    await app(scope, receive, sender)
  File "/Users/oemer.demirel/ftoken-lst-sims/venv/lib/python3.11/site-packages/fastapi/middleware/asyncexitstack.py", line 18, in __call__
    await self.app(scope, receive, send)
  File "/Users/oemer.demirel/ftoken-lst-sims/venv/lib/python3.11/site-packages/starlette/routing.py", line 716, in __call__
    await self.middleware_stack(scope, receive, send)
  File "/Users/oemer.demirel/ftoken-lst-sims/venv/lib/python3.11/site-packages/starlette/routing.py", line 736, in app
    await route.handle(scope, receive, send)
  File "/Users/oemer.demirel/ftoken-lst-sims/venv/lib/python3.11/site-packages/starlette/routing.py", line 290, in handle
    await self.app(scope, receive, send)
  File "/Users/oemer.demirel/ftoken-lst-sims/venv/lib/python3.11/site-packages/fastapi/routing.py", line 119, in app
    await wrap_app_handling_exceptions(app, request)(scope, receive, send)
  File "/Users/oemer.demirel/ftoken-lst-sims/venv/lib/python3.11/site-packages/starlette/_exception_handler.py", line 53, in wrapped_app
    raise exc
  File "/Users/oemer.demirel/ftoken-lst-sims/venv/lib/python3.11/site-packages/starlette/_exception_handler.py", line 42, in wrapped_app
    await app(scope, receive, sender)
  File "/Users/oemer.demirel/ftoken-lst-sims/venv/lib/python3.11/site-packages/fastapi/routing.py", line 105, in app
    response = await f(request)
               ^^^^^^^^^^^^^^^^
  File "/Users/oemer.demirel/ftoken-lst-sims/venv/lib/python3.11/site-packages/fastapi/routing.py", line 418, in app
    response = actual_response_class(content, **response_args)
               ^^^^^^^^^^^^^^^^^^^^^^^^^^^^^^^^^^^^^^^^^^^^^^^
  File "/Users/oemer.demirel/ftoken-lst-sims/venv/lib/python3.11/site-packages/starlette/responses.py", line 189, in __init__
    super().__init__(content, status_code, headers, media_type, background)
  File "/Users/oemer.demirel/ftoken-lst-sims/venv/lib/python3.11/site-packages/starlette/responses.py", line 46, in __init__
    self.body = self.render(content)
                ^^^^^^^^^^^^^^^^^^^^
  File "/Users/oemer.demirel/ftoken-lst-sims/venv/lib/python3.11/site-packages/starlette/responses.py", line 192, in render
    return json.dumps(
           ^^^^^^^^^^^
  File "/usr/local/Cellar/python@3.11/3.11.12_1/Frameworks/Python.framework/Versions/3.11/lib/python3.11/json/__init__.py", line 238, in dumps
    **kw).encode(obj)
          ^^^^^^^^^^^
  File "/usr/local/Cellar/python@3.11/3.11.12_1/Frameworks/Python.framework/Versions/3.11/lib/python3.11/json/encoder.py", line 200, in encode
    chunks = self.iterencode(o, _one_shot=True)
             ^^^^^^^^^^^^^^^^^^^^^^^^^^^^^^^^^^
  File "/usr/local/Cellar/python@3.11/3.11.12_1/Frameworks/Python.framework/Versions/3.11/lib/python3.11/json/encoder.py", line 258, in iterencode
    return _iterencode(o, 0)
           ^^^^^^^^^^^^^^^^^
ValueError: Out of range float values are not JSON compliant
INFO:     127.0.0.1:56991 - "GET /simulate/cb683634-d1e2-4388-994b-babf7df53310/results HTTP/1.1" 500 Internal Server Error
ERROR:    Exception in ASGI application
Traceback (most recent call last):
  File "/Users/oemer.demirel/ftoken-lst-sims/venv/lib/python3.11/site-packages/uvicorn/protocols/http/h11_impl.py", line 403, in run_asgi
    result = await app(  # type: ignore[func-returns-value]
             ^^^^^^^^^^^^^^^^^^^^^^^^^^^^^^^^^^^^^^^^^^^^^^
  File "/Users/oemer.demirel/ftoken-lst-sims/venv/lib/python3.11/site-packages/uvicorn/middleware/proxy_headers.py", line 60, in __call__
    return await self.app(scope, receive, send)
           ^^^^^^^^^^^^^^^^^^^^^^^^^^^^^^^^^^^^
  File "/Users/oemer.demirel/ftoken-lst-sims/venv/lib/python3.11/site-packages/fastapi/applications.py", line 1139, in __call__
    await super().__call__(scope, receive, send)
  File "/Users/oemer.demirel/ftoken-lst-sims/venv/lib/python3.11/site-packages/starlette/applications.py", line 107, in __call__
    await self.middleware_stack(scope, receive, send)
  File "/Users/oemer.demirel/ftoken-lst-sims/venv/lib/python3.11/site-packages/starlette/middleware/errors.py", line 186, in __call__
    raise exc
  File "/Users/oemer.demirel/ftoken-lst-sims/venv/lib/python3.11/site-packages/starlette/middleware/errors.py", line 164, in __call__
    await self.app(scope, receive, _send)
  File "/Users/oemer.demirel/ftoken-lst-sims/venv/lib/python3.11/site-packages/starlette/middleware/cors.py", line 93, in __call__
    await self.simple_response(scope, receive, send, request_headers=headers)
  File "/Users/oemer.demirel/ftoken-lst-sims/venv/lib/python3.11/site-packages/starlette/middleware/cors.py", line 144, in simple_response
    await self.app(scope, receive, send)
  File "/Users/oemer.demirel/ftoken-lst-sims/venv/lib/python3.11/site-packages/starlette/middleware/exceptions.py", line 63, in __call__
    await wrap_app_handling_exceptions(self.app, conn)(scope, receive, send)
  File "/Users/oemer.demirel/ftoken-lst-sims/venv/lib/python3.11/site-packages/starlette/_exception_handler.py", line 53, in wrapped_app
    raise exc
  File "/Users/oemer.demirel/ftoken-lst-sims/venv/lib/python3.11/site-packages/starlette/_exception_handler.py", line 42, in wrapped_app
    await app(scope, receive, sender)
  File "/Users/oemer.demirel/ftoken-lst-sims/venv/lib/python3.11/site-packages/fastapi/middleware/asyncexitstack.py", line 18, in __call__
    await self.app(scope, receive, send)
  File "/Users/oemer.demirel/ftoken-lst-sims/venv/lib/python3.11/site-packages/starlette/routing.py", line 716, in __call__
    await self.middleware_stack(scope, receive, send)
  File "/Users/oemer.demirel/ftoken-lst-sims/venv/lib/python3.11/site-packages/starlette/routing.py", line 736, in app
    await route.handle(scope, receive, send)
  File "/Users/oemer.demirel/ftoken-lst-sims/venv/lib/python3.11/site-packages/starlette/routing.py", line 290, in handle
    await self.app(scope, receive, send)
  File "/Users/oemer.demirel/ftoken-lst-sims/venv/lib/python3.11/site-packages/fastapi/routing.py", line 119, in app
    await wrap_app_handling_exceptions(app, request)(scope, receive, send)
  File "/Users/oemer.demirel/ftoken-lst-sims/venv/lib/python3.11/site-packages/starlette/_exception_handler.py", line 53, in wrapped_app
    raise exc
  File "/Users/oemer.demirel/ftoken-lst-sims/venv/lib/python3.11/site-packages/starlette/_exception_handler.py", line 42, in wrapped_app
    await app(scope, receive, sender)
  File "/Users/oemer.demirel/ftoken-lst-sims/venv/lib/python3.11/site-packages/fastapi/routing.py", line 105, in app
    response = await f(request)
               ^^^^^^^^^^^^^^^^
  File "/Users/oemer.demirel/ftoken-lst-sims/venv/lib/python3.11/site-packages/fastapi/routing.py", line 418, in app
    response = actual_response_class(content, **response_args)
               ^^^^^^^^^^^^^^^^^^^^^^^^^^^^^^^^^^^^^^^^^^^^^^^
  File "/Users/oemer.demirel/ftoken-lst-sims/venv/lib/python3.11/site-packages/starlette/responses.py", line 189, in __init__
    super().__init__(content, status_code, headers, media_type, background)
  File "/Users/oemer.demirel/ftoken-lst-sims/venv/lib/python3.11/site-packages/starlette/responses.py", line 46, in __init__
    self.body = self.render(content)
                ^^^^^^^^^^^^^^^^^^^^
  File "/Users/oemer.demirel/ftoken-lst-sims/venv/lib/python3.11/site-packages/starlette/responses.py", line 192, in render
    return json.dumps(
           ^^^^^^^^^^^
  File "/usr/local/Cellar/python@3.11/3.11.12_1/Frameworks/Python.framework/Versions/3.11/lib/python3.11/json/__init__.py", line 238, in dumps
    **kw).encode(obj)
          ^^^^^^^^^^^
  File "/usr/local/Cellar/python@3.11/3.11.12_1/Frameworks/Python.framework/Versions/3.11/lib/python3.11/json/encoder.py", line 200, in encode
    chunks = self.iterencode(o, _one_shot=True)
             ^^^^^^^^^^^^^^^^^^^^^^^^^^^^^^^^^^
  File "/usr/local/Cellar/python@3.11/3.11.12_1/Frameworks/Python.framework/Versions/3.11/lib/python3.11/json/encoder.py", line 258, in iterencode
    return _iterencode(o, 0)
           ^^^^^^^^^^^^^^^^^
ValueError: Out of range float values are not JSON compliant
INFO:     127.0.0.1:56997 - "GET /simulate/cb683634-d1e2-4388-994b-babf7df53310/results HTTP/1.1" 500 Internal Server Error
ERROR:    Exception in ASGI application
Traceback (most recent call last):
  File "/Users/oemer.demirel/ftoken-lst-sims/venv/lib/python3.11/site-packages/uvicorn/protocols/http/h11_impl.py", line 403, in run_asgi
    result = await app(  # type: ignore[func-returns-value]
             ^^^^^^^^^^^^^^^^^^^^^^^^^^^^^^^^^^^^^^^^^^^^^^
  File "/Users/oemer.demirel/ftoken-lst-sims/venv/lib/python3.11/site-packages/uvicorn/middleware/proxy_headers.py", line 60, in __call__
    return await self.app(scope, receive, send)
           ^^^^^^^^^^^^^^^^^^^^^^^^^^^^^^^^^^^^
  File "/Users/oemer.demirel/ftoken-lst-sims/venv/lib/python3.11/site-packages/fastapi/applications.py", line 1139, in __call__
    await super().__call__(scope, receive, send)
  File "/Users/oemer.demirel/ftoken-lst-sims/venv/lib/python3.11/site-packages/starlette/applications.py", line 107, in __call__
    await self.middleware_stack(scope, receive, send)
  File "/Users/oemer.demirel/ftoken-lst-sims/venv/lib/python3.11/site-packages/starlette/middleware/errors.py", line 186, in __call__
    raise exc
  File "/Users/oemer.demirel/ftoken-lst-sims/venv/lib/python3.11/site-packages/starlette/middleware/errors.py", line 164, in __call__
    await self.app(scope, receive, _send)
  File "/Users/oemer.demirel/ftoken-lst-sims/venv/lib/python3.11/site-packages/starlette/middleware/cors.py", line 93, in __call__
    await self.simple_response(scope, receive, send, request_headers=headers)
  File "/Users/oemer.demirel/ftoken-lst-sims/venv/lib/python3.11/site-packages/starlette/middleware/cors.py", line 144, in simple_response
    await self.app(scope, receive, send)
  File "/Users/oemer.demirel/ftoken-lst-sims/venv/lib/python3.11/site-packages/starlette/middleware/exceptions.py", line 63, in __call__
    await wrap_app_handling_exceptions(self.app, conn)(scope, receive, send)
  File "/Users/oemer.demirel/ftoken-lst-sims/venv/lib/python3.11/site-packages/starlette/_exception_handler.py", line 53, in wrapped_app
    raise exc
  File "/Users/oemer.demirel/ftoken-lst-sims/venv/lib/python3.11/site-packages/starlette/_exception_handler.py", line 42, in wrapped_app
    await app(scope, receive, sender)
  File "/Users/oemer.demirel/ftoken-lst-sims/venv/lib/python3.11/site-packages/fastapi/middleware/asyncexitstack.py", line 18, in __call__
    await self.app(scope, receive, send)
  File "/Users/oemer.demirel/ftoken-lst-sims/venv/lib/python3.11/site-packages/starlette/routing.py", line 716, in __call__
    await self.middleware_stack(scope, receive, send)
  File "/Users/oemer.demirel/ftoken-lst-sims/venv/lib/python3.11/site-packages/starlette/routing.py", line 736, in app
    await route.handle(scope, receive, send)
  File "/Users/oemer.demirel/ftoken-lst-sims/venv/lib/python3.11/site-packages/starlette/routing.py", line 290, in handle
    await self.app(scope, receive, send)
  File "/Users/oemer.demirel/ftoken-lst-sims/venv/lib/python3.11/site-packages/fastapi/routing.py", line 119, in app
    await wrap_app_handling_exceptions(app, request)(scope, receive, send)
  File "/Users/oemer.demirel/ftoken-lst-sims/venv/lib/python3.11/site-packages/starlette/_exception_handler.py", line 53, in wrapped_app
    raise exc
  File "/Users/oemer.demirel/ftoken-lst-sims/venv/lib/python3.11/site-packages/starlette/_exception_handler.py", line 42, in wrapped_app
    await app(scope, receive, sender)
  File "/Users/oemer.demirel/ftoken-lst-sims/venv/lib/python3.11/site-packages/fastapi/routing.py", line 105, in app
    response = await f(request)
               ^^^^^^^^^^^^^^^^
  File "/Users/oemer.demirel/ftoken-lst-sims/venv/lib/python3.11/site-packages/fastapi/routing.py", line 418, in app
    response = actual_response_class(content, **response_args)
               ^^^^^^^^^^^^^^^^^^^^^^^^^^^^^^^^^^^^^^^^^^^^^^^
  File "/Users/oemer.demirel/ftoken-lst-sims/venv/lib/python3.11/site-packages/starlette/responses.py", line 189, in __init__
    super().__init__(content, status_code, headers, media_type, background)
  File "/Users/oemer.demirel/ftoken-lst-sims/venv/lib/python3.11/site-packages/starlette/responses.py", line 46, in __init__
    self.body = self.render(content)
                ^^^^^^^^^^^^^^^^^^^^
  File "/Users/oemer.demirel/ftoken-lst-sims/venv/lib/python3.11/site-packages/starlette/responses.py", line 192, in render
    return json.dumps(
           ^^^^^^^^^^^
  File "/usr/local/Cellar/python@3.11/3.11.12_1/Frameworks/Python.framework/Versions/3.11/lib/python3.11/json/__init__.py", line 238, in dumps
    **kw).encode(obj)
          ^^^^^^^^^^^
  File "/usr/local/Cellar/python@3.11/3.11.12_1/Frameworks/Python.framework/Versions/3.11/lib/python3.11/json/encoder.py", line 200, in encode
    chunks = self.iterencode(o, _one_shot=True)
             ^^^^^^^^^^^^^^^^^^^^^^^^^^^^^^^^^^
  File "/usr/local/Cellar/python@3.11/3.11.12_1/Frameworks/Python.framework/Versions/3.11/lib/python3.11/json/encoder.py", line 258, in iterencode
    return _iterencode(o, 0)
           ^^^^^^^^^^^^^^^^^
ValueError: Out of range float values are not JSON compliant
INFO:     127.0.0.1:57000 - "GET /simulate/cb683634-d1e2-4388-994b-babf7df53310/results HTTP/1.1" 500 Internal Server Error
ERROR:    Exception in ASGI application
Traceback (most recent call last):
  File "/Users/oemer.demirel/ftoken-lst-sims/venv/lib/python3.11/site-packages/uvicorn/protocols/http/h11_impl.py", line 403, in run_asgi
    result = await app(  # type: ignore[func-returns-value]
             ^^^^^^^^^^^^^^^^^^^^^^^^^^^^^^^^^^^^^^^^^^^^^^
  File "/Users/oemer.demirel/ftoken-lst-sims/venv/lib/python3.11/site-packages/uvicorn/middleware/proxy_headers.py", line 60, in __call__
    return await self.app(scope, receive, send)
           ^^^^^^^^^^^^^^^^^^^^^^^^^^^^^^^^^^^^
  File "/Users/oemer.demirel/ftoken-lst-sims/venv/lib/python3.11/site-packages/fastapi/applications.py", line 1139, in __call__
    await super().__call__(scope, receive, send)
  File "/Users/oemer.demirel/ftoken-lst-sims/venv/lib/python3.11/site-packages/starlette/applications.py", line 107, in __call__
    await self.middleware_stack(scope, receive, send)
  File "/Users/oemer.demirel/ftoken-lst-sims/venv/lib/python3.11/site-packages/starlette/middleware/errors.py", line 186, in __call__
    raise exc
  File "/Users/oemer.demirel/ftoken-lst-sims/venv/lib/python3.11/site-packages/starlette/middleware/errors.py", line 164, in __call__
    await self.app(scope, receive, _send)
  File "/Users/oemer.demirel/ftoken-lst-sims/venv/lib/python3.11/site-packages/starlette/middleware/cors.py", line 93, in __call__
    await self.simple_response(scope, receive, send, request_headers=headers)
  File "/Users/oemer.demirel/ftoken-lst-sims/venv/lib/python3.11/site-packages/starlette/middleware/cors.py", line 144, in simple_response
    await self.app(scope, receive, send)
  File "/Users/oemer.demirel/ftoken-lst-sims/venv/lib/python3.11/site-packages/starlette/middleware/exceptions.py", line 63, in __call__
    await wrap_app_handling_exceptions(self.app, conn)(scope, receive, send)
  File "/Users/oemer.demirel/ftoken-lst-sims/venv/lib/python3.11/site-packages/starlette/_exception_handler.py", line 53, in wrapped_app
    raise exc
  File "/Users/oemer.demirel/ftoken-lst-sims/venv/lib/python3.11/site-packages/starlette/_exception_handler.py", line 42, in wrapped_app
    await app(scope, receive, sender)
  File "/Users/oemer.demirel/ftoken-lst-sims/venv/lib/python3.11/site-packages/fastapi/middleware/asyncexitstack.py", line 18, in __call__
    await self.app(scope, receive, send)
  File "/Users/oemer.demirel/ftoken-lst-sims/venv/lib/python3.11/site-packages/starlette/routing.py", line 716, in __call__
    await self.middleware_stack(scope, receive, send)
  File "/Users/oemer.demirel/ftoken-lst-sims/venv/lib/python3.11/site-packages/starlette/routing.py", line 736, in app
    await route.handle(scope, receive, send)
  File "/Users/oemer.demirel/ftoken-lst-sims/venv/lib/python3.11/site-packages/starlette/routing.py", line 290, in handle
    await self.app(scope, receive, send)
  File "/Users/oemer.demirel/ftoken-lst-sims/venv/lib/python3.11/site-packages/fastapi/routing.py", line 119, in app
    await wrap_app_handling_exceptions(app, request)(scope, receive, send)
  File "/Users/oemer.demirel/ftoken-lst-sims/venv/lib/python3.11/site-packages/starlette/_exception_handler.py", line 53, in wrapped_app
    raise exc
  File "/Users/oemer.demirel/ftoken-lst-sims/venv/lib/python3.11/site-packages/starlette/_exception_handler.py", line 42, in wrapped_app
    await app(scope, receive, sender)
  File "/Users/oemer.demirel/ftoken-lst-sims/venv/lib/python3.11/site-packages/fastapi/routing.py", line 105, in app
    response = await f(request)
               ^^^^^^^^^^^^^^^^
  File "/Users/oemer.demirel/ftoken-lst-sims/venv/lib/python3.11/site-packages/fastapi/routing.py", line 418, in app
    response = actual_response_class(content, **response_args)
               ^^^^^^^^^^^^^^^^^^^^^^^^^^^^^^^^^^^^^^^^^^^^^^^
  File "/Users/oemer.demirel/ftoken-lst-sims/venv/lib/python3.11/site-packages/starlette/responses.py", line 189, in __init__
    super().__init__(content, status_code, headers, media_type, background)
  File "/Users/oemer.demirel/ftoken-lst-sims/venv/lib/python3.11/site-packages/starlette/responses.py", line 46, in __init__
    self.body = self.render(content)
                ^^^^^^^^^^^^^^^^^^^^
  File "/Users/oemer.demirel/ftoken-lst-sims/venv/lib/python3.11/site-packages/starlette/responses.py", line 192, in render
    return json.dumps(
           ^^^^^^^^^^^
  File "/usr/local/Cellar/python@3.11/3.11.12_1/Frameworks/Python.framework/Versions/3.11/lib/python3.11/json/__init__.py", line 238, in dumps
    **kw).encode(obj)
          ^^^^^^^^^^^
  File "/usr/local/Cellar/python@3.11/3.11.12_1/Frameworks/Python.framework/Versions/3.11/lib/python3.11/json/encoder.py", line 200, in encode
    chunks = self.iterencode(o, _one_shot=True)
             ^^^^^^^^^^^^^^^^^^^^^^^^^^^^^^^^^^
  File "/usr/local/Cellar/python@3.11/3.11.12_1/Frameworks/Python.framework/Versions/3.11/lib/python3.11/json/encoder.py", line 258, in iterencode
    return _iterencode(o, 0)
           ^^^^^^^^^^^^^^^^^
ValueError: Out of range float values are not JSON compliant
INFO:     127.0.0.1:57002 - "GET /simulate/cb683634-d1e2-4388-994b-babf7df53310/results HTTP/1.1" 500 Internal Server Error
ERROR:    Exception in ASGI application
Traceback (most recent call last):
  File "/Users/oemer.demirel/ftoken-lst-sims/venv/lib/python3.11/site-packages/uvicorn/protocols/http/h11_impl.py", line 403, in run_asgi
    result = await app(  # type: ignore[func-returns-value]
             ^^^^^^^^^^^^^^^^^^^^^^^^^^^^^^^^^^^^^^^^^^^^^^
  File "/Users/oemer.demirel/ftoken-lst-sims/venv/lib/python3.11/site-packages/uvicorn/middleware/proxy_headers.py", line 60, in __call__
    return await self.app(scope, receive, send)
           ^^^^^^^^^^^^^^^^^^^^^^^^^^^^^^^^^^^^
  File "/Users/oemer.demirel/ftoken-lst-sims/venv/lib/python3.11/site-packages/fastapi/applications.py", line 1139, in __call__
    await super().__call__(scope, receive, send)
  File "/Users/oemer.demirel/ftoken-lst-sims/venv/lib/python3.11/site-packages/starlette/applications.py", line 107, in __call__
    await self.middleware_stack(scope, receive, send)
  File "/Users/oemer.demirel/ftoken-lst-sims/venv/lib/python3.11/site-packages/starlette/middleware/errors.py", line 186, in __call__
    raise exc
  File "/Users/oemer.demirel/ftoken-lst-sims/venv/lib/python3.11/site-packages/starlette/middleware/errors.py", line 164, in __call__
    await self.app(scope, receive, _send)
  File "/Users/oemer.demirel/ftoken-lst-sims/venv/lib/python3.11/site-packages/starlette/middleware/cors.py", line 93, in __call__
    await self.simple_response(scope, receive, send, request_headers=headers)
  File "/Users/oemer.demirel/ftoken-lst-sims/venv/lib/python3.11/site-packages/starlette/middleware/cors.py", line 144, in simple_response
    await self.app(scope, receive, send)
  File "/Users/oemer.demirel/ftoken-lst-sims/venv/lib/python3.11/site-packages/starlette/middleware/exceptions.py", line 63, in __call__
    await wrap_app_handling_exceptions(self.app, conn)(scope, receive, send)
  File "/Users/oemer.demirel/ftoken-lst-sims/venv/lib/python3.11/site-packages/starlette/_exception_handler.py", line 53, in wrapped_app
    raise exc
  File "/Users/oemer.demirel/ftoken-lst-sims/venv/lib/python3.11/site-packages/starlette/_exception_handler.py", line 42, in wrapped_app
    await app(scope, receive, sender)
  File "/Users/oemer.demirel/ftoken-lst-sims/venv/lib/python3.11/site-packages/fastapi/middleware/asyncexitstack.py", line 18, in __call__
    await self.app(scope, receive, send)
  File "/Users/oemer.demirel/ftoken-lst-sims/venv/lib/python3.11/site-packages/starlette/routing.py", line 716, in __call__
    await self.middleware_stack(scope, receive, send)
  File "/Users/oemer.demirel/ftoken-lst-sims/venv/lib/python3.11/site-packages/starlette/routing.py", line 736, in app
    await route.handle(scope, receive, send)
  File "/Users/oemer.demirel/ftoken-lst-sims/venv/lib/python3.11/site-packages/starlette/routing.py", line 290, in handle
    await self.app(scope, receive, send)
  File "/Users/oemer.demirel/ftoken-lst-sims/venv/lib/python3.11/site-packages/fastapi/routing.py", line 119, in app
    await wrap_app_handling_exceptions(app, request)(scope, receive, send)
  File "/Users/oemer.demirel/ftoken-lst-sims/venv/lib/python3.11/site-packages/starlette/_exception_handler.py", line 53, in wrapped_app
    raise exc
  File "/Users/oemer.demirel/ftoken-lst-sims/venv/lib/python3.11/site-packages/starlette/_exception_handler.py", line 42, in wrapped_app
    await app(scope, receive, sender)
  File "/Users/oemer.demirel/ftoken-lst-sims/venv/lib/python3.11/site-packages/fastapi/routing.py", line 105, in app
    response = await f(request)
               ^^^^^^^^^^^^^^^^
  File "/Users/oemer.demirel/ftoken-lst-sims/venv/lib/python3.11/site-packages/fastapi/routing.py", line 418, in app
    response = actual_response_class(content, **response_args)
               ^^^^^^^^^^^^^^^^^^^^^^^^^^^^^^^^^^^^^^^^^^^^^^^
  File "/Users/oemer.demirel/ftoken-lst-sims/venv/lib/python3.11/site-packages/starlette/responses.py", line 189, in __init__
    super().__init__(content, status_code, headers, media_type, background)
  File "/Users/oemer.demirel/ftoken-lst-sims/venv/lib/python3.11/site-packages/starlette/responses.py", line 46, in __init__
    self.body = self.render(content)
                ^^^^^^^^^^^^^^^^^^^^
  File "/Users/oemer.demirel/ftoken-lst-sims/venv/lib/python3.11/site-packages/starlette/responses.py", line 192, in render
    return json.dumps(
           ^^^^^^^^^^^
  File "/usr/local/Cellar/python@3.11/3.11.12_1/Frameworks/Python.framework/Versions/3.11/lib/python3.11/json/__init__.py", line 238, in dumps
    **kw).encode(obj)
          ^^^^^^^^^^^
  File "/usr/local/Cellar/python@3.11/3.11.12_1/Frameworks/Python.framework/Versions/3.11/lib/python3.11/json/encoder.py", line 200, in encode
    chunks = self.iterencode(o, _one_shot=True)
             ^^^^^^^^^^^^^^^^^^^^^^^^^^^^^^^^^^
  File "/usr/local/Cellar/python@3.11/3.11.12_1/Frameworks/Python.framework/Versions/3.11/lib/python3.11/json/encoder.py", line 258, in iterencode
    return _iterencode(o, 0)
           ^^^^^^^^^^^^^^^^^
ValueError: Out of range float values are not JSON compliant
INFO:     127.0.0.1:57004 - "GET /simulate/cb683634-d1e2-4388-994b-babf7df53310/results HTTP/1.1" 500 Internal Server Error
ERROR:    Exception in ASGI application
Traceback (most recent call last):
  File "/Users/oemer.demirel/ftoken-lst-sims/venv/lib/python3.11/site-packages/uvicorn/protocols/http/h11_impl.py", line 403, in run_asgi
    result = await app(  # type: ignore[func-returns-value]
             ^^^^^^^^^^^^^^^^^^^^^^^^^^^^^^^^^^^^^^^^^^^^^^
  File "/Users/oemer.demirel/ftoken-lst-sims/venv/lib/python3.11/site-packages/uvicorn/middleware/proxy_headers.py", line 60, in __call__
    return await self.app(scope, receive, send)
           ^^^^^^^^^^^^^^^^^^^^^^^^^^^^^^^^^^^^
  File "/Users/oemer.demirel/ftoken-lst-sims/venv/lib/python3.11/site-packages/fastapi/applications.py", line 1139, in __call__
    await super().__call__(scope, receive, send)
  File "/Users/oemer.demirel/ftoken-lst-sims/venv/lib/python3.11/site-packages/starlette/applications.py", line 107, in __call__
    await self.middleware_stack(scope, receive, send)
  File "/Users/oemer.demirel/ftoken-lst-sims/venv/lib/python3.11/site-packages/starlette/middleware/errors.py", line 186, in __call__
    raise exc
  File "/Users/oemer.demirel/ftoken-lst-sims/venv/lib/python3.11/site-packages/starlette/middleware/errors.py", line 164, in __call__
    await self.app(scope, receive, _send)
  File "/Users/oemer.demirel/ftoken-lst-sims/venv/lib/python3.11/site-packages/starlette/middleware/cors.py", line 93, in __call__
    await self.simple_response(scope, receive, send, request_headers=headers)
  File "/Users/oemer.demirel/ftoken-lst-sims/venv/lib/python3.11/site-packages/starlette/middleware/cors.py", line 144, in simple_response
    await self.app(scope, receive, send)
  File "/Users/oemer.demirel/ftoken-lst-sims/venv/lib/python3.11/site-packages/starlette/middleware/exceptions.py", line 63, in __call__
    await wrap_app_handling_exceptions(self.app, conn)(scope, receive, send)
  File "/Users/oemer.demirel/ftoken-lst-sims/venv/lib/python3.11/site-packages/starlette/_exception_handler.py", line 53, in wrapped_app
    raise exc
  File "/Users/oemer.demirel/ftoken-lst-sims/venv/lib/python3.11/site-packages/starlette/_exception_handler.py", line 42, in wrapped_app
    await app(scope, receive, sender)
  File "/Users/oemer.demirel/ftoken-lst-sims/venv/lib/python3.11/site-packages/fastapi/middleware/asyncexitstack.py", line 18, in __call__
    await self.app(scope, receive, send)
  File "/Users/oemer.demirel/ftoken-lst-sims/venv/lib/python3.11/site-packages/starlette/routing.py", line 716, in __call__
    await self.middleware_stack(scope, receive, send)
  File "/Users/oemer.demirel/ftoken-lst-sims/venv/lib/python3.11/site-packages/starlette/routing.py", line 736, in app
    await route.handle(scope, receive, send)
  File "/Users/oemer.demirel/ftoken-lst-sims/venv/lib/python3.11/site-packages/starlette/routing.py", line 290, in handle
    await self.app(scope, receive, send)
  File "/Users/oemer.demirel/ftoken-lst-sims/venv/lib/python3.11/site-packages/fastapi/routing.py", line 119, in app
    await wrap_app_handling_exceptions(app, request)(scope, receive, send)
  File "/Users/oemer.demirel/ftoken-lst-sims/venv/lib/python3.11/site-packages/starlette/_exception_handler.py", line 53, in wrapped_app
    raise exc
  File "/Users/oemer.demirel/ftoken-lst-sims/venv/lib/python3.11/site-packages/starlette/_exception_handler.py", line 42, in wrapped_app
    await app(scope, receive, sender)
  File "/Users/oemer.demirel/ftoken-lst-sims/venv/lib/python3.11/site-packages/fastapi/routing.py", line 105, in app
    response = await f(request)
               ^^^^^^^^^^^^^^^^
  File "/Users/oemer.demirel/ftoken-lst-sims/venv/lib/python3.11/site-packages/fastapi/routing.py", line 418, in app
    response = actual_response_class(content, **response_args)
               ^^^^^^^^^^^^^^^^^^^^^^^^^^^^^^^^^^^^^^^^^^^^^^^
  File "/Users/oemer.demirel/ftoken-lst-sims/venv/lib/python3.11/site-packages/starlette/responses.py", line 189, in __init__
    super().__init__(content, status_code, headers, media_type, background)
  File "/Users/oemer.demirel/ftoken-lst-sims/venv/lib/python3.11/site-packages/starlette/responses.py", line 46, in __init__
    self.body = self.render(content)
                ^^^^^^^^^^^^^^^^^^^^
  File "/Users/oemer.demirel/ftoken-lst-sims/venv/lib/python3.11/site-packages/starlette/responses.py", line 192, in render
    return json.dumps(
           ^^^^^^^^^^^
  File "/usr/local/Cellar/python@3.11/3.11.12_1/Frameworks/Python.framework/Versions/3.11/lib/python3.11/json/__init__.py", line 238, in dumps
    **kw).encode(obj)
          ^^^^^^^^^^^
  File "/usr/local/Cellar/python@3.11/3.11.12_1/Frameworks/Python.framework/Versions/3.11/lib/python3.11/json/encoder.py", line 200, in encode
    chunks = self.iterencode(o, _one_shot=True)
             ^^^^^^^^^^^^^^^^^^^^^^^^^^^^^^^^^^
  File "/usr/local/Cellar/python@3.11/3.11.12_1/Frameworks/Python.framework/Versions/3.11/lib/python3.11/json/encoder.py", line 258, in iterencode
    return _iterencode(o, 0)
           ^^^^^^^^^^^^^^^^^
ValueError: Out of range float values are not JSON compliant
INFO:     127.0.0.1:57006 - "GET /simulate/cb683634-d1e2-4388-994b-babf7df53310/results HTTP/1.1" 500 Internal Server Error
ERROR:    Exception in ASGI application
Traceback (most recent call last):
  File "/Users/oemer.demirel/ftoken-lst-sims/venv/lib/python3.11/site-packages/uvicorn/protocols/http/h11_impl.py", line 403, in run_asgi
    result = await app(  # type: ignore[func-returns-value]
             ^^^^^^^^^^^^^^^^^^^^^^^^^^^^^^^^^^^^^^^^^^^^^^
  File "/Users/oemer.demirel/ftoken-lst-sims/venv/lib/python3.11/site-packages/uvicorn/middleware/proxy_headers.py", line 60, in __call__
    return await self.app(scope, receive, send)
           ^^^^^^^^^^^^^^^^^^^^^^^^^^^^^^^^^^^^
  File "/Users/oemer.demirel/ftoken-lst-sims/venv/lib/python3.11/site-packages/fastapi/applications.py", line 1139, in __call__
    await super().__call__(scope, receive, send)
  File "/Users/oemer.demirel/ftoken-lst-sims/venv/lib/python3.11/site-packages/starlette/applications.py", line 107, in __call__
    await self.middleware_stack(scope, receive, send)
  File "/Users/oemer.demirel/ftoken-lst-sims/venv/lib/python3.11/site-packages/starlette/middleware/errors.py", line 186, in __call__
    raise exc
  File "/Users/oemer.demirel/ftoken-lst-sims/venv/lib/python3.11/site-packages/starlette/middleware/errors.py", line 164, in __call__
    await self.app(scope, receive, _send)
  File "/Users/oemer.demirel/ftoken-lst-sims/venv/lib/python3.11/site-packages/starlette/middleware/cors.py", line 93, in __call__
    await self.simple_response(scope, receive, send, request_headers=headers)
  File "/Users/oemer.demirel/ftoken-lst-sims/venv/lib/python3.11/site-packages/starlette/middleware/cors.py", line 144, in simple_response
    await self.app(scope, receive, send)
  File "/Users/oemer.demirel/ftoken-lst-sims/venv/lib/python3.11/site-packages/starlette/middleware/exceptions.py", line 63, in __call__
    await wrap_app_handling_exceptions(self.app, conn)(scope, receive, send)
  File "/Users/oemer.demirel/ftoken-lst-sims/venv/lib/python3.11/site-packages/starlette/_exception_handler.py", line 53, in wrapped_app
    raise exc
  File "/Users/oemer.demirel/ftoken-lst-sims/venv/lib/python3.11/site-packages/starlette/_exception_handler.py", line 42, in wrapped_app
    await app(scope, receive, sender)
  File "/Users/oemer.demirel/ftoken-lst-sims/venv/lib/python3.11/site-packages/fastapi/middleware/asyncexitstack.py", line 18, in __call__
    await self.app(scope, receive, send)
  File "/Users/oemer.demirel/ftoken-lst-sims/venv/lib/python3.11/site-packages/starlette/routing.py", line 716, in __call__
    await self.middleware_stack(scope, receive, send)
  File "/Users/oemer.demirel/ftoken-lst-sims/venv/lib/python3.11/site-packages/starlette/routing.py", line 736, in app
    await route.handle(scope, receive, send)
  File "/Users/oemer.demirel/ftoken-lst-sims/venv/lib/python3.11/site-packages/starlette/routing.py", line 290, in handle
    await self.app(scope, receive, send)
  File "/Users/oemer.demirel/ftoken-lst-sims/venv/lib/python3.11/site-packages/fastapi/routing.py", line 119, in app
    await wrap_app_handling_exceptions(app, request)(scope, receive, send)
  File "/Users/oemer.demirel/ftoken-lst-sims/venv/lib/python3.11/site-packages/starlette/_exception_handler.py", line 53, in wrapped_app
    raise exc
  File "/Users/oemer.demirel/ftoken-lst-sims/venv/lib/python3.11/site-packages/starlette/_exception_handler.py", line 42, in wrapped_app
    await app(scope, receive, sender)
  File "/Users/oemer.demirel/ftoken-lst-sims/venv/lib/python3.11/site-packages/fastapi/routing.py", line 105, in app
    response = await f(request)
               ^^^^^^^^^^^^^^^^
  File "/Users/oemer.demirel/ftoken-lst-sims/venv/lib/python3.11/site-packages/fastapi/routing.py", line 418, in app
    response = actual_response_class(content, **response_args)
               ^^^^^^^^^^^^^^^^^^^^^^^^^^^^^^^^^^^^^^^^^^^^^^^
  File "/Users/oemer.demirel/ftoken-lst-sims/venv/lib/python3.11/site-packages/starlette/responses.py", line 189, in __init__
    super().__init__(content, status_code, headers, media_type, background)
  File "/Users/oemer.demirel/ftoken-lst-sims/venv/lib/python3.11/site-packages/starlette/responses.py", line 46, in __init__
    self.body = self.render(content)
                ^^^^^^^^^^^^^^^^^^^^
  File "/Users/oemer.demirel/ftoken-lst-sims/venv/lib/python3.11/site-packages/starlette/responses.py", line 192, in render
    return json.dumps(
           ^^^^^^^^^^^
  File "/usr/local/Cellar/python@3.11/3.11.12_1/Frameworks/Python.framework/Versions/3.11/lib/python3.11/json/__init__.py", line 238, in dumps
    **kw).encode(obj)
          ^^^^^^^^^^^
  File "/usr/local/Cellar/python@3.11/3.11.12_1/Frameworks/Python.framework/Versions/3.11/lib/python3.11/json/encoder.py", line 200, in encode
    chunks = self.iterencode(o, _one_shot=True)
             ^^^^^^^^^^^^^^^^^^^^^^^^^^^^^^^^^^
  File "/usr/local/Cellar/python@3.11/3.11.12_1/Frameworks/Python.framework/Versions/3.11/lib/python3.11/json/encoder.py", line 258, in iterencode
    return _iterencode(o, 0)
           ^^^^^^^^^^^^^^^^^
ValueError: Out of range float values are not JSON compliant
INFO:     127.0.0.1:57008 - "GET /simulate/cb683634-d1e2-4388-994b-babf7df53310/results HTTP/1.1" 500 Internal Server Error
ERROR:    Exception in ASGI application
Traceback (most recent call last):
  File "/Users/oemer.demirel/ftoken-lst-sims/venv/lib/python3.11/site-packages/uvicorn/protocols/http/h11_impl.py", line 403, in run_asgi
    result = await app(  # type: ignore[func-returns-value]
             ^^^^^^^^^^^^^^^^^^^^^^^^^^^^^^^^^^^^^^^^^^^^^^
  File "/Users/oemer.demirel/ftoken-lst-sims/venv/lib/python3.11/site-packages/uvicorn/middleware/proxy_headers.py", line 60, in __call__
    return await self.app(scope, receive, send)
           ^^^^^^^^^^^^^^^^^^^^^^^^^^^^^^^^^^^^
  File "/Users/oemer.demirel/ftoken-lst-sims/venv/lib/python3.11/site-packages/fastapi/applications.py", line 1139, in __call__
    await super().__call__(scope, receive, send)
  File "/Users/oemer.demirel/ftoken-lst-sims/venv/lib/python3.11/site-packages/starlette/applications.py", line 107, in __call__
    await self.middleware_stack(scope, receive, send)
  File "/Users/oemer.demirel/ftoken-lst-sims/venv/lib/python3.11/site-packages/starlette/middleware/errors.py", line 186, in __call__
    raise exc
  File "/Users/oemer.demirel/ftoken-lst-sims/venv/lib/python3.11/site-packages/starlette/middleware/errors.py", line 164, in __call__
    await self.app(scope, receive, _send)
  File "/Users/oemer.demirel/ftoken-lst-sims/venv/lib/python3.11/site-packages/starlette/middleware/cors.py", line 93, in __call__
    await self.simple_response(scope, receive, send, request_headers=headers)
  File "/Users/oemer.demirel/ftoken-lst-sims/venv/lib/python3.11/site-packages/starlette/middleware/cors.py", line 144, in simple_response
    await self.app(scope, receive, send)
  File "/Users/oemer.demirel/ftoken-lst-sims/venv/lib/python3.11/site-packages/starlette/middleware/exceptions.py", line 63, in __call__
    await wrap_app_handling_exceptions(self.app, conn)(scope, receive, send)
  File "/Users/oemer.demirel/ftoken-lst-sims/venv/lib/python3.11/site-packages/starlette/_exception_handler.py", line 53, in wrapped_app
    raise exc
  File "/Users/oemer.demirel/ftoken-lst-sims/venv/lib/python3.11/site-packages/starlette/_exception_handler.py", line 42, in wrapped_app
    await app(scope, receive, sender)
  File "/Users/oemer.demirel/ftoken-lst-sims/venv/lib/python3.11/site-packages/fastapi/middleware/asyncexitstack.py", line 18, in __call__
    await self.app(scope, receive, send)
  File "/Users/oemer.demirel/ftoken-lst-sims/venv/lib/python3.11/site-packages/starlette/routing.py", line 716, in __call__
    await self.middleware_stack(scope, receive, send)
  File "/Users/oemer.demirel/ftoken-lst-sims/venv/lib/python3.11/site-packages/starlette/routing.py", line 736, in app
    await route.handle(scope, receive, send)
  File "/Users/oemer.demirel/ftoken-lst-sims/venv/lib/python3.11/site-packages/starlette/routing.py", line 290, in handle
    await self.app(scope, receive, send)
  File "/Users/oemer.demirel/ftoken-lst-sims/venv/lib/python3.11/site-packages/fastapi/routing.py", line 119, in app
    await wrap_app_handling_exceptions(app, request)(scope, receive, send)
  File "/Users/oemer.demirel/ftoken-lst-sims/venv/lib/python3.11/site-packages/starlette/_exception_handler.py", line 53, in wrapped_app
    raise exc
  File "/Users/oemer.demirel/ftoken-lst-sims/venv/lib/python3.11/site-packages/starlette/_exception_handler.py", line 42, in wrapped_app
    await app(scope, receive, sender)
  File "/Users/oemer.demirel/ftoken-lst-sims/venv/lib/python3.11/site-packages/fastapi/routing.py", line 105, in app
    response = await f(request)
               ^^^^^^^^^^^^^^^^
  File "/Users/oemer.demirel/ftoken-lst-sims/venv/lib/python3.11/site-packages/fastapi/routing.py", line 418, in app
    response = actual_response_class(content, **response_args)
               ^^^^^^^^^^^^^^^^^^^^^^^^^^^^^^^^^^^^^^^^^^^^^^^
  File "/Users/oemer.demirel/ftoken-lst-sims/venv/lib/python3.11/site-packages/starlette/responses.py", line 189, in __init__
    super().__init__(content, status_code, headers, media_type, background)
  File "/Users/oemer.demirel/ftoken-lst-sims/venv/lib/python3.11/site-packages/starlette/responses.py", line 46, in __init__
    self.body = self.render(content)
                ^^^^^^^^^^^^^^^^^^^^
  File "/Users/oemer.demirel/ftoken-lst-sims/venv/lib/python3.11/site-packages/starlette/responses.py", line 192, in render
    return json.dumps(
           ^^^^^^^^^^^
  File "/usr/local/Cellar/python@3.11/3.11.12_1/Frameworks/Python.framework/Versions/3.11/lib/python3.11/json/__init__.py", line 238, in dumps
    **kw).encode(obj)
          ^^^^^^^^^^^
  File "/usr/local/Cellar/python@3.11/3.11.12_1/Frameworks/Python.framework/Versions/3.11/lib/python3.11/json/encoder.py", line 200, in encode
    chunks = self.iterencode(o, _one_shot=True)
             ^^^^^^^^^^^^^^^^^^^^^^^^^^^^^^^^^^
  File "/usr/local/Cellar/python@3.11/3.11.12_1/Frameworks/Python.framework/Versions/3.11/lib/python3.11/json/encoder.py", line 258, in iterencode
    return _iterencode(o, 0)
           ^^^^^^^^^^^^^^^^^
ValueError: Out of range float values are not JSON compliant
INFO:     127.0.0.1:57010 - "GET /simulate/cb683634-d1e2-4388-994b-babf7df53310/results HTTP/1.1" 500 Internal Server Error
ERROR:    Exception in ASGI application
Traceback (most recent call last):
  File "/Users/oemer.demirel/ftoken-lst-sims/venv/lib/python3.11/site-packages/uvicorn/protocols/http/h11_impl.py", line 403, in run_asgi
    result = await app(  # type: ignore[func-returns-value]
             ^^^^^^^^^^^^^^^^^^^^^^^^^^^^^^^^^^^^^^^^^^^^^^
  File "/Users/oemer.demirel/ftoken-lst-sims/venv/lib/python3.11/site-packages/uvicorn/middleware/proxy_headers.py", line 60, in __call__
    return await self.app(scope, receive, send)
           ^^^^^^^^^^^^^^^^^^^^^^^^^^^^^^^^^^^^
  File "/Users/oemer.demirel/ftoken-lst-sims/venv/lib/python3.11/site-packages/fastapi/applications.py", line 1139, in __call__
    await super().__call__(scope, receive, send)
  File "/Users/oemer.demirel/ftoken-lst-sims/venv/lib/python3.11/site-packages/starlette/applications.py", line 107, in __call__
    await self.middleware_stack(scope, receive, send)
  File "/Users/oemer.demirel/ftoken-lst-sims/venv/lib/python3.11/site-packages/starlette/middleware/errors.py", line 186, in __call__
    raise exc
  File "/Users/oemer.demirel/ftoken-lst-sims/venv/lib/python3.11/site-packages/starlette/middleware/errors.py", line 164, in __call__
    await self.app(scope, receive, _send)
  File "/Users/oemer.demirel/ftoken-lst-sims/venv/lib/python3.11/site-packages/starlette/middleware/cors.py", line 93, in __call__
    await self.simple_response(scope, receive, send, request_headers=headers)
  File "/Users/oemer.demirel/ftoken-lst-sims/venv/lib/python3.11/site-packages/starlette/middleware/cors.py", line 144, in simple_response
    await self.app(scope, receive, send)
  File "/Users/oemer.demirel/ftoken-lst-sims/venv/lib/python3.11/site-packages/starlette/middleware/exceptions.py", line 63, in __call__
    await wrap_app_handling_exceptions(self.app, conn)(scope, receive, send)
  File "/Users/oemer.demirel/ftoken-lst-sims/venv/lib/python3.11/site-packages/starlette/_exception_handler.py", line 53, in wrapped_app
    raise exc
  File "/Users/oemer.demirel/ftoken-lst-sims/venv/lib/python3.11/site-packages/starlette/_exception_handler.py", line 42, in wrapped_app
    await app(scope, receive, sender)
  File "/Users/oemer.demirel/ftoken-lst-sims/venv/lib/python3.11/site-packages/fastapi/middleware/asyncexitstack.py", line 18, in __call__
    await self.app(scope, receive, send)
  File "/Users/oemer.demirel/ftoken-lst-sims/venv/lib/python3.11/site-packages/starlette/routing.py", line 716, in __call__
    await self.middleware_stack(scope, receive, send)
  File "/Users/oemer.demirel/ftoken-lst-sims/venv/lib/python3.11/site-packages/starlette/routing.py", line 736, in app
    await route.handle(scope, receive, send)
  File "/Users/oemer.demirel/ftoken-lst-sims/venv/lib/python3.11/site-packages/starlette/routing.py", line 290, in handle
    await self.app(scope, receive, send)
  File "/Users/oemer.demirel/ftoken-lst-sims/venv/lib/python3.11/site-packages/fastapi/routing.py", line 119, in app
    await wrap_app_handling_exceptions(app, request)(scope, receive, send)
  File "/Users/oemer.demirel/ftoken-lst-sims/venv/lib/python3.11/site-packages/starlette/_exception_handler.py", line 53, in wrapped_app
    raise exc
  File "/Users/oemer.demirel/ftoken-lst-sims/venv/lib/python3.11/site-packages/starlette/_exception_handler.py", line 42, in wrapped_app
    await app(scope, receive, sender)
  File "/Users/oemer.demirel/ftoken-lst-sims/venv/lib/python3.11/site-packages/fastapi/routing.py", line 105, in app
    response = await f(request)
               ^^^^^^^^^^^^^^^^
  File "/Users/oemer.demirel/ftoken-lst-sims/venv/lib/python3.11/site-packages/fastapi/routing.py", line 418, in app
    response = actual_response_class(content, **response_args)
               ^^^^^^^^^^^^^^^^^^^^^^^^^^^^^^^^^^^^^^^^^^^^^^^
  File "/Users/oemer.demirel/ftoken-lst-sims/venv/lib/python3.11/site-packages/starlette/responses.py", line 189, in __init__
    super().__init__(content, status_code, headers, media_type, background)
  File "/Users/oemer.demirel/ftoken-lst-sims/venv/lib/python3.11/site-packages/starlette/responses.py", line 46, in __init__
    self.body = self.render(content)
                ^^^^^^^^^^^^^^^^^^^^
  File "/Users/oemer.demirel/ftoken-lst-sims/venv/lib/python3.11/site-packages/starlette/responses.py", line 192, in render
    return json.dumps(
           ^^^^^^^^^^^
  File "/usr/local/Cellar/python@3.11/3.11.12_1/Frameworks/Python.framework/Versions/3.11/lib/python3.11/json/__init__.py", line 238, in dumps
    **kw).encode(obj)
          ^^^^^^^^^^^
  File "/usr/local/Cellar/python@3.11/3.11.12_1/Frameworks/Python.framework/Versions/3.11/lib/python3.11/json/encoder.py", line 200, in encode
    chunks = self.iterencode(o, _one_shot=True)
             ^^^^^^^^^^^^^^^^^^^^^^^^^^^^^^^^^^
  File "/usr/local/Cellar/python@3.11/3.11.12_1/Frameworks/Python.framework/Versions/3.11/lib/python3.11/json/encoder.py", line 258, in iterencode
    return _iterencode(o, 0)
           ^^^^^^^^^^^^^^^^^
ValueError: Out of range float values are not JSON compliant
INFO:     127.0.0.1:57017 - "GET /simulate/cb683634-d1e2-4388-994b-babf7df53310/results HTTP/1.1" 500 Internal Server Error
ERROR:    Exception in ASGI application
Traceback (most recent call last):
  File "/Users/oemer.demirel/ftoken-lst-sims/venv/lib/python3.11/site-packages/uvicorn/protocols/http/h11_impl.py", line 403, in run_asgi
    result = await app(  # type: ignore[func-returns-value]
             ^^^^^^^^^^^^^^^^^^^^^^^^^^^^^^^^^^^^^^^^^^^^^^
  File "/Users/oemer.demirel/ftoken-lst-sims/venv/lib/python3.11/site-packages/uvicorn/middleware/proxy_headers.py", line 60, in __call__
    return await self.app(scope, receive, send)
           ^^^^^^^^^^^^^^^^^^^^^^^^^^^^^^^^^^^^
  File "/Users/oemer.demirel/ftoken-lst-sims/venv/lib/python3.11/site-packages/fastapi/applications.py", line 1139, in __call__
    await super().__call__(scope, receive, send)
  File "/Users/oemer.demirel/ftoken-lst-sims/venv/lib/python3.11/site-packages/starlette/applications.py", line 107, in __call__
    await self.middleware_stack(scope, receive, send)
  File "/Users/oemer.demirel/ftoken-lst-sims/venv/lib/python3.11/site-packages/starlette/middleware/errors.py", line 186, in __call__
    raise exc
  File "/Users/oemer.demirel/ftoken-lst-sims/venv/lib/python3.11/site-packages/starlette/middleware/errors.py", line 164, in __call__
    await self.app(scope, receive, _send)
  File "/Users/oemer.demirel/ftoken-lst-sims/venv/lib/python3.11/site-packages/starlette/middleware/cors.py", line 93, in __call__
    await self.simple_response(scope, receive, send, request_headers=headers)
  File "/Users/oemer.demirel/ftoken-lst-sims/venv/lib/python3.11/site-packages/starlette/middleware/cors.py", line 144, in simple_response
    await self.app(scope, receive, send)
  File "/Users/oemer.demirel/ftoken-lst-sims/venv/lib/python3.11/site-packages/starlette/middleware/exceptions.py", line 63, in __call__
    await wrap_app_handling_exceptions(self.app, conn)(scope, receive, send)
  File "/Users/oemer.demirel/ftoken-lst-sims/venv/lib/python3.11/site-packages/starlette/_exception_handler.py", line 53, in wrapped_app
    raise exc
  File "/Users/oemer.demirel/ftoken-lst-sims/venv/lib/python3.11/site-packages/starlette/_exception_handler.py", line 42, in wrapped_app
    await app(scope, receive, sender)
  File "/Users/oemer.demirel/ftoken-lst-sims/venv/lib/python3.11/site-packages/fastapi/middleware/asyncexitstack.py", line 18, in __call__
    await self.app(scope, receive, send)
  File "/Users/oemer.demirel/ftoken-lst-sims/venv/lib/python3.11/site-packages/starlette/routing.py", line 716, in __call__
    await self.middleware_stack(scope, receive, send)
  File "/Users/oemer.demirel/ftoken-lst-sims/venv/lib/python3.11/site-packages/starlette/routing.py", line 736, in app
    await route.handle(scope, receive, send)
  File "/Users/oemer.demirel/ftoken-lst-sims/venv/lib/python3.11/site-packages/starlette/routing.py", line 290, in handle
    await self.app(scope, receive, send)
  File "/Users/oemer.demirel/ftoken-lst-sims/venv/lib/python3.11/site-packages/fastapi/routing.py", line 119, in app
    await wrap_app_handling_exceptions(app, request)(scope, receive, send)
  File "/Users/oemer.demirel/ftoken-lst-sims/venv/lib/python3.11/site-packages/starlette/_exception_handler.py", line 53, in wrapped_app
    raise exc
  File "/Users/oemer.demirel/ftoken-lst-sims/venv/lib/python3.11/site-packages/starlette/_exception_handler.py", line 42, in wrapped_app
    await app(scope, receive, sender)
  File "/Users/oemer.demirel/ftoken-lst-sims/venv/lib/python3.11/site-packages/fastapi/routing.py", line 105, in app
    response = await f(request)
               ^^^^^^^^^^^^^^^^
  File "/Users/oemer.demirel/ftoken-lst-sims/venv/lib/python3.11/site-packages/fastapi/routing.py", line 418, in app
    response = actual_response_class(content, **response_args)
               ^^^^^^^^^^^^^^^^^^^^^^^^^^^^^^^^^^^^^^^^^^^^^^^
  File "/Users/oemer.demirel/ftoken-lst-sims/venv/lib/python3.11/site-packages/starlette/responses.py", line 189, in __init__
    super().__init__(content, status_code, headers, media_type, background)
  File "/Users/oemer.demirel/ftoken-lst-sims/venv/lib/python3.11/site-packages/starlette/responses.py", line 46, in __init__
    self.body = self.render(content)
                ^^^^^^^^^^^^^^^^^^^^
  File "/Users/oemer.demirel/ftoken-lst-sims/venv/lib/python3.11/site-packages/starlette/responses.py", line 192, in render
    return json.dumps(
           ^^^^^^^^^^^
  File "/usr/local/Cellar/python@3.11/3.11.12_1/Frameworks/Python.framework/Versions/3.11/lib/python3.11/json/__init__.py", line 238, in dumps
    **kw).encode(obj)
          ^^^^^^^^^^^
  File "/usr/local/Cellar/python@3.11/3.11.12_1/Frameworks/Python.framework/Versions/3.11/lib/python3.11/json/encoder.py", line 200, in encode
    chunks = self.iterencode(o, _one_shot=True)
             ^^^^^^^^^^^^^^^^^^^^^^^^^^^^^^^^^^
  File "/usr/local/Cellar/python@3.11/3.11.12_1/Frameworks/Python.framework/Versions/3.11/lib/python3.11/json/encoder.py", line 258, in iterencode
    return _iterencode(o, 0)
           ^^^^^^^^^^^^^^^^^
ValueError: Out of range float values are not JSON compliant
INFO:     127.0.0.1:57019 - "GET /simulate/cb683634-d1e2-4388-994b-babf7df53310/results HTTP/1.1" 500 Internal Server Error
ERROR:    Exception in ASGI application
Traceback (most recent call last):
  File "/Users/oemer.demirel/ftoken-lst-sims/venv/lib/python3.11/site-packages/uvicorn/protocols/http/h11_impl.py", line 403, in run_asgi
    result = await app(  # type: ignore[func-returns-value]
             ^^^^^^^^^^^^^^^^^^^^^^^^^^^^^^^^^^^^^^^^^^^^^^
  File "/Users/oemer.demirel/ftoken-lst-sims/venv/lib/python3.11/site-packages/uvicorn/middleware/proxy_headers.py", line 60, in __call__
    return await self.app(scope, receive, send)
           ^^^^^^^^^^^^^^^^^^^^^^^^^^^^^^^^^^^^
  File "/Users/oemer.demirel/ftoken-lst-sims/venv/lib/python3.11/site-packages/fastapi/applications.py", line 1139, in __call__
    await super().__call__(scope, receive, send)
  File "/Users/oemer.demirel/ftoken-lst-sims/venv/lib/python3.11/site-packages/starlette/applications.py", line 107, in __call__
    await self.middleware_stack(scope, receive, send)
  File "/Users/oemer.demirel/ftoken-lst-sims/venv/lib/python3.11/site-packages/starlette/middleware/errors.py", line 186, in __call__
    raise exc
  File "/Users/oemer.demirel/ftoken-lst-sims/venv/lib/python3.11/site-packages/starlette/middleware/errors.py", line 164, in __call__
    await self.app(scope, receive, _send)
  File "/Users/oemer.demirel/ftoken-lst-sims/venv/lib/python3.11/site-packages/starlette/middleware/cors.py", line 93, in __call__
    await self.simple_response(scope, receive, send, request_headers=headers)
  File "/Users/oemer.demirel/ftoken-lst-sims/venv/lib/python3.11/site-packages/starlette/middleware/cors.py", line 144, in simple_response
    await self.app(scope, receive, send)
  File "/Users/oemer.demirel/ftoken-lst-sims/venv/lib/python3.11/site-packages/starlette/middleware/exceptions.py", line 63, in __call__
    await wrap_app_handling_exceptions(self.app, conn)(scope, receive, send)
  File "/Users/oemer.demirel/ftoken-lst-sims/venv/lib/python3.11/site-packages/starlette/_exception_handler.py", line 53, in wrapped_app
    raise exc
  File "/Users/oemer.demirel/ftoken-lst-sims/venv/lib/python3.11/site-packages/starlette/_exception_handler.py", line 42, in wrapped_app
    await app(scope, receive, sender)
  File "/Users/oemer.demirel/ftoken-lst-sims/venv/lib/python3.11/site-packages/fastapi/middleware/asyncexitstack.py", line 18, in __call__
    await self.app(scope, receive, send)
  File "/Users/oemer.demirel/ftoken-lst-sims/venv/lib/python3.11/site-packages/starlette/routing.py", line 716, in __call__
    await self.middleware_stack(scope, receive, send)
  File "/Users/oemer.demirel/ftoken-lst-sims/venv/lib/python3.11/site-packages/starlette/routing.py", line 736, in app
    await route.handle(scope, receive, send)
  File "/Users/oemer.demirel/ftoken-lst-sims/venv/lib/python3.11/site-packages/starlette/routing.py", line 290, in handle
    await self.app(scope, receive, send)
  File "/Users/oemer.demirel/ftoken-lst-sims/venv/lib/python3.11/site-packages/fastapi/routing.py", line 119, in app
    await wrap_app_handling_exceptions(app, request)(scope, receive, send)
  File "/Users/oemer.demirel/ftoken-lst-sims/venv/lib/python3.11/site-packages/starlette/_exception_handler.py", line 53, in wrapped_app
    raise exc
  File "/Users/oemer.demirel/ftoken-lst-sims/venv/lib/python3.11/site-packages/starlette/_exception_handler.py", line 42, in wrapped_app
    await app(scope, receive, sender)
  File "/Users/oemer.demirel/ftoken-lst-sims/venv/lib/python3.11/site-packages/fastapi/routing.py", line 105, in app
    response = await f(request)
               ^^^^^^^^^^^^^^^^
  File "/Users/oemer.demirel/ftoken-lst-sims/venv/lib/python3.11/site-packages/fastapi/routing.py", line 418, in app
    response = actual_response_class(content, **response_args)
               ^^^^^^^^^^^^^^^^^^^^^^^^^^^^^^^^^^^^^^^^^^^^^^^
  File "/Users/oemer.demirel/ftoken-lst-sims/venv/lib/python3.11/site-packages/starlette/responses.py", line 189, in __init__
    super().__init__(content, status_code, headers, media_type, background)
  File "/Users/oemer.demirel/ftoken-lst-sims/venv/lib/python3.11/site-packages/starlette/responses.py", line 46, in __init__
    self.body = self.render(content)
                ^^^^^^^^^^^^^^^^^^^^
  File "/Users/oemer.demirel/ftoken-lst-sims/venv/lib/python3.11/site-packages/starlette/responses.py", line 192, in render
    return json.dumps(
           ^^^^^^^^^^^
  File "/usr/local/Cellar/python@3.11/3.11.12_1/Frameworks/Python.framework/Versions/3.11/lib/python3.11/json/__init__.py", line 238, in dumps
    **kw).encode(obj)
          ^^^^^^^^^^^
  File "/usr/local/Cellar/python@3.11/3.11.12_1/Frameworks/Python.framework/Versions/3.11/lib/python3.11/json/encoder.py", line 200, in encode
    chunks = self.iterencode(o, _one_shot=True)
             ^^^^^^^^^^^^^^^^^^^^^^^^^^^^^^^^^^
  File "/usr/local/Cellar/python@3.11/3.11.12_1/Frameworks/Python.framework/Versions/3.11/lib/python3.11/json/encoder.py", line 258, in iterencode
    return _iterencode(o, 0)
           ^^^^^^^^^^^^^^^^^
ValueError: Out of range float values are not JSON compliant
INFO:     127.0.0.1:57022 - "GET /simulate/cb683634-d1e2-4388-994b-babf7df53310/results HTTP/1.1" 500 Internal Server Error
ERROR:    Exception in ASGI application
Traceback (most recent call last):
  File "/Users/oemer.demirel/ftoken-lst-sims/venv/lib/python3.11/site-packages/uvicorn/protocols/http/h11_impl.py", line 403, in run_asgi
    result = await app(  # type: ignore[func-returns-value]
             ^^^^^^^^^^^^^^^^^^^^^^^^^^^^^^^^^^^^^^^^^^^^^^
  File "/Users/oemer.demirel/ftoken-lst-sims/venv/lib/python3.11/site-packages/uvicorn/middleware/proxy_headers.py", line 60, in __call__
    return await self.app(scope, receive, send)
           ^^^^^^^^^^^^^^^^^^^^^^^^^^^^^^^^^^^^
  File "/Users/oemer.demirel/ftoken-lst-sims/venv/lib/python3.11/site-packages/fastapi/applications.py", line 1139, in __call__
    await super().__call__(scope, receive, send)
  File "/Users/oemer.demirel/ftoken-lst-sims/venv/lib/python3.11/site-packages/starlette/applications.py", line 107, in __call__
    await self.middleware_stack(scope, receive, send)
  File "/Users/oemer.demirel/ftoken-lst-sims/venv/lib/python3.11/site-packages/starlette/middleware/errors.py", line 186, in __call__
    raise exc
  File "/Users/oemer.demirel/ftoken-lst-sims/venv/lib/python3.11/site-packages/starlette/middleware/errors.py", line 164, in __call__
    await self.app(scope, receive, _send)
  File "/Users/oemer.demirel/ftoken-lst-sims/venv/lib/python3.11/site-packages/starlette/middleware/cors.py", line 93, in __call__
    await self.simple_response(scope, receive, send, request_headers=headers)
  File "/Users/oemer.demirel/ftoken-lst-sims/venv/lib/python3.11/site-packages/starlette/middleware/cors.py", line 144, in simple_response
    await self.app(scope, receive, send)
  File "/Users/oemer.demirel/ftoken-lst-sims/venv/lib/python3.11/site-packages/starlette/middleware/exceptions.py", line 63, in __call__
    await wrap_app_handling_exceptions(self.app, conn)(scope, receive, send)
  File "/Users/oemer.demirel/ftoken-lst-sims/venv/lib/python3.11/site-packages/starlette/_exception_handler.py", line 53, in wrapped_app
    raise exc
  File "/Users/oemer.demirel/ftoken-lst-sims/venv/lib/python3.11/site-packages/starlette/_exception_handler.py", line 42, in wrapped_app
    await app(scope, receive, sender)
  File "/Users/oemer.demirel/ftoken-lst-sims/venv/lib/python3.11/site-packages/fastapi/middleware/asyncexitstack.py", line 18, in __call__
    await self.app(scope, receive, send)
  File "/Users/oemer.demirel/ftoken-lst-sims/venv/lib/python3.11/site-packages/starlette/routing.py", line 716, in __call__
    await self.middleware_stack(scope, receive, send)
  File "/Users/oemer.demirel/ftoken-lst-sims/venv/lib/python3.11/site-packages/starlette/routing.py", line 736, in app
    await route.handle(scope, receive, send)
  File "/Users/oemer.demirel/ftoken-lst-sims/venv/lib/python3.11/site-packages/starlette/routing.py", line 290, in handle
    await self.app(scope, receive, send)
  File "/Users/oemer.demirel/ftoken-lst-sims/venv/lib/python3.11/site-packages/fastapi/routing.py", line 119, in app
    await wrap_app_handling_exceptions(app, request)(scope, receive, send)
  File "/Users/oemer.demirel/ftoken-lst-sims/venv/lib/python3.11/site-packages/starlette/_exception_handler.py", line 53, in wrapped_app
    raise exc
  File "/Users/oemer.demirel/ftoken-lst-sims/venv/lib/python3.11/site-packages/starlette/_exception_handler.py", line 42, in wrapped_app
    await app(scope, receive, sender)
  File "/Users/oemer.demirel/ftoken-lst-sims/venv/lib/python3.11/site-packages/fastapi/routing.py", line 105, in app
    response = await f(request)
               ^^^^^^^^^^^^^^^^
  File "/Users/oemer.demirel/ftoken-lst-sims/venv/lib/python3.11/site-packages/fastapi/routing.py", line 418, in app
    response = actual_response_class(content, **response_args)
               ^^^^^^^^^^^^^^^^^^^^^^^^^^^^^^^^^^^^^^^^^^^^^^^
  File "/Users/oemer.demirel/ftoken-lst-sims/venv/lib/python3.11/site-packages/starlette/responses.py", line 189, in __init__
    super().__init__(content, status_code, headers, media_type, background)
  File "/Users/oemer.demirel/ftoken-lst-sims/venv/lib/python3.11/site-packages/starlette/responses.py", line 46, in __init__
    self.body = self.render(content)
                ^^^^^^^^^^^^^^^^^^^^
  File "/Users/oemer.demirel/ftoken-lst-sims/venv/lib/python3.11/site-packages/starlette/responses.py", line 192, in render
    return json.dumps(
           ^^^^^^^^^^^
  File "/usr/local/Cellar/python@3.11/3.11.12_1/Frameworks/Python.framework/Versions/3.11/lib/python3.11/json/__init__.py", line 238, in dumps
    **kw).encode(obj)
          ^^^^^^^^^^^
  File "/usr/local/Cellar/python@3.11/3.11.12_1/Frameworks/Python.framework/Versions/3.11/lib/python3.11/json/encoder.py", line 200, in encode
    chunks = self.iterencode(o, _one_shot=True)
             ^^^^^^^^^^^^^^^^^^^^^^^^^^^^^^^^^^
  File "/usr/local/Cellar/python@3.11/3.11.12_1/Frameworks/Python.framework/Versions/3.11/lib/python3.11/json/encoder.py", line 258, in iterencode
    return _iterencode(o, 0)
           ^^^^^^^^^^^^^^^^^
ValueError: Out of range float values are not JSON compliant
INFO:     127.0.0.1:57025 - "GET /simulate/cb683634-d1e2-4388-994b-babf7df53310/results HTTP/1.1" 500 Internal Server Error
ERROR:    Exception in ASGI application
Traceback (most recent call last):
  File "/Users/oemer.demirel/ftoken-lst-sims/venv/lib/python3.11/site-packages/uvicorn/protocols/http/h11_impl.py", line 403, in run_asgi
    result = await app(  # type: ignore[func-returns-value]
             ^^^^^^^^^^^^^^^^^^^^^^^^^^^^^^^^^^^^^^^^^^^^^^
  File "/Users/oemer.demirel/ftoken-lst-sims/venv/lib/python3.11/site-packages/uvicorn/middleware/proxy_headers.py", line 60, in __call__
    return await self.app(scope, receive, send)
           ^^^^^^^^^^^^^^^^^^^^^^^^^^^^^^^^^^^^
  File "/Users/oemer.demirel/ftoken-lst-sims/venv/lib/python3.11/site-packages/fastapi/applications.py", line 1139, in __call__
    await super().__call__(scope, receive, send)
  File "/Users/oemer.demirel/ftoken-lst-sims/venv/lib/python3.11/site-packages/starlette/applications.py", line 107, in __call__
    await self.middleware_stack(scope, receive, send)
  File "/Users/oemer.demirel/ftoken-lst-sims/venv/lib/python3.11/site-packages/starlette/middleware/errors.py", line 186, in __call__
    raise exc
  File "/Users/oemer.demirel/ftoken-lst-sims/venv/lib/python3.11/site-packages/starlette/middleware/errors.py", line 164, in __call__
    await self.app(scope, receive, _send)
  File "/Users/oemer.demirel/ftoken-lst-sims/venv/lib/python3.11/site-packages/starlette/middleware/cors.py", line 93, in __call__
    await self.simple_response(scope, receive, send, request_headers=headers)
  File "/Users/oemer.demirel/ftoken-lst-sims/venv/lib/python3.11/site-packages/starlette/middleware/cors.py", line 144, in simple_response
    await self.app(scope, receive, send)
  File "/Users/oemer.demirel/ftoken-lst-sims/venv/lib/python3.11/site-packages/starlette/middleware/exceptions.py", line 63, in __call__
    await wrap_app_handling_exceptions(self.app, conn)(scope, receive, send)
  File "/Users/oemer.demirel/ftoken-lst-sims/venv/lib/python3.11/site-packages/starlette/_exception_handler.py", line 53, in wrapped_app
    raise exc
  File "/Users/oemer.demirel/ftoken-lst-sims/venv/lib/python3.11/site-packages/starlette/_exception_handler.py", line 42, in wrapped_app
    await app(scope, receive, sender)
  File "/Users/oemer.demirel/ftoken-lst-sims/venv/lib/python3.11/site-packages/fastapi/middleware/asyncexitstack.py", line 18, in __call__
    await self.app(scope, receive, send)
  File "/Users/oemer.demirel/ftoken-lst-sims/venv/lib/python3.11/site-packages/starlette/routing.py", line 716, in __call__
    await self.middleware_stack(scope, receive, send)
  File "/Users/oemer.demirel/ftoken-lst-sims/venv/lib/python3.11/site-packages/starlette/routing.py", line 736, in app
    await route.handle(scope, receive, send)
  File "/Users/oemer.demirel/ftoken-lst-sims/venv/lib/python3.11/site-packages/starlette/routing.py", line 290, in handle
    await self.app(scope, receive, send)
  File "/Users/oemer.demirel/ftoken-lst-sims/venv/lib/python3.11/site-packages/fastapi/routing.py", line 119, in app
    await wrap_app_handling_exceptions(app, request)(scope, receive, send)
  File "/Users/oemer.demirel/ftoken-lst-sims/venv/lib/python3.11/site-packages/starlette/_exception_handler.py", line 53, in wrapped_app
    raise exc
  File "/Users/oemer.demirel/ftoken-lst-sims/venv/lib/python3.11/site-packages/starlette/_exception_handler.py", line 42, in wrapped_app
    await app(scope, receive, sender)
  File "/Users/oemer.demirel/ftoken-lst-sims/venv/lib/python3.11/site-packages/fastapi/routing.py", line 105, in app
    response = await f(request)
               ^^^^^^^^^^^^^^^^
  File "/Users/oemer.demirel/ftoken-lst-sims/venv/lib/python3.11/site-packages/fastapi/routing.py", line 418, in app
    response = actual_response_class(content, **response_args)
               ^^^^^^^^^^^^^^^^^^^^^^^^^^^^^^^^^^^^^^^^^^^^^^^
  File "/Users/oemer.demirel/ftoken-lst-sims/venv/lib/python3.11/site-packages/starlette/responses.py", line 189, in __init__
    super().__init__(content, status_code, headers, media_type, background)
  File "/Users/oemer.demirel/ftoken-lst-sims/venv/lib/python3.11/site-packages/starlette/responses.py", line 46, in __init__
    self.body = self.render(content)
                ^^^^^^^^^^^^^^^^^^^^
  File "/Users/oemer.demirel/ftoken-lst-sims/venv/lib/python3.11/site-packages/starlette/responses.py", line 192, in render
    return json.dumps(
           ^^^^^^^^^^^
  File "/usr/local/Cellar/python@3.11/3.11.12_1/Frameworks/Python.framework/Versions/3.11/lib/python3.11/json/__init__.py", line 238, in dumps
    **kw).encode(obj)
          ^^^^^^^^^^^
  File "/usr/local/Cellar/python@3.11/3.11.12_1/Frameworks/Python.framework/Versions/3.11/lib/python3.11/json/encoder.py", line 200, in encode
    chunks = self.iterencode(o, _one_shot=True)
             ^^^^^^^^^^^^^^^^^^^^^^^^^^^^^^^^^^
  File "/usr/local/Cellar/python@3.11/3.11.12_1/Frameworks/Python.framework/Versions/3.11/lib/python3.11/json/encoder.py", line 258, in iterencode
    return _iterencode(o, 0)
           ^^^^^^^^^^^^^^^^^
ValueError: Out of range float values are not JSON compliant
INFO:     127.0.0.1:57033 - "GET /simulate/cb683634-d1e2-4388-994b-babf7df53310/results HTTP/1.1" 500 Internal Server Error
ERROR:    Exception in ASGI application
Traceback (most recent call last):
  File "/Users/oemer.demirel/ftoken-lst-sims/venv/lib/python3.11/site-packages/uvicorn/protocols/http/h11_impl.py", line 403, in run_asgi
    result = await app(  # type: ignore[func-returns-value]
             ^^^^^^^^^^^^^^^^^^^^^^^^^^^^^^^^^^^^^^^^^^^^^^
  File "/Users/oemer.demirel/ftoken-lst-sims/venv/lib/python3.11/site-packages/uvicorn/middleware/proxy_headers.py", line 60, in __call__
    return await self.app(scope, receive, send)
           ^^^^^^^^^^^^^^^^^^^^^^^^^^^^^^^^^^^^
  File "/Users/oemer.demirel/ftoken-lst-sims/venv/lib/python3.11/site-packages/fastapi/applications.py", line 1139, in __call__
    await super().__call__(scope, receive, send)
  File "/Users/oemer.demirel/ftoken-lst-sims/venv/lib/python3.11/site-packages/starlette/applications.py", line 107, in __call__
    await self.middleware_stack(scope, receive, send)
  File "/Users/oemer.demirel/ftoken-lst-sims/venv/lib/python3.11/site-packages/starlette/middleware/errors.py", line 186, in __call__
    raise exc
  File "/Users/oemer.demirel/ftoken-lst-sims/venv/lib/python3.11/site-packages/starlette/middleware/errors.py", line 164, in __call__
    await self.app(scope, receive, _send)
  File "/Users/oemer.demirel/ftoken-lst-sims/venv/lib/python3.11/site-packages/starlette/middleware/cors.py", line 93, in __call__
    await self.simple_response(scope, receive, send, request_headers=headers)
  File "/Users/oemer.demirel/ftoken-lst-sims/venv/lib/python3.11/site-packages/starlette/middleware/cors.py", line 144, in simple_response
    await self.app(scope, receive, send)
  File "/Users/oemer.demirel/ftoken-lst-sims/venv/lib/python3.11/site-packages/starlette/middleware/exceptions.py", line 63, in __call__
    await wrap_app_handling_exceptions(self.app, conn)(scope, receive, send)
  File "/Users/oemer.demirel/ftoken-lst-sims/venv/lib/python3.11/site-packages/starlette/_exception_handler.py", line 53, in wrapped_app
    raise exc
  File "/Users/oemer.demirel/ftoken-lst-sims/venv/lib/python3.11/site-packages/starlette/_exception_handler.py", line 42, in wrapped_app
    await app(scope, receive, sender)
  File "/Users/oemer.demirel/ftoken-lst-sims/venv/lib/python3.11/site-packages/fastapi/middleware/asyncexitstack.py", line 18, in __call__
    await self.app(scope, receive, send)
  File "/Users/oemer.demirel/ftoken-lst-sims/venv/lib/python3.11/site-packages/starlette/routing.py", line 716, in __call__
    await self.middleware_stack(scope, receive, send)
  File "/Users/oemer.demirel/ftoken-lst-sims/venv/lib/python3.11/site-packages/starlette/routing.py", line 736, in app
    await route.handle(scope, receive, send)
  File "/Users/oemer.demirel/ftoken-lst-sims/venv/lib/python3.11/site-packages/starlette/routing.py", line 290, in handle
    await self.app(scope, receive, send)
  File "/Users/oemer.demirel/ftoken-lst-sims/venv/lib/python3.11/site-packages/fastapi/routing.py", line 119, in app
    await wrap_app_handling_exceptions(app, request)(scope, receive, send)
  File "/Users/oemer.demirel/ftoken-lst-sims/venv/lib/python3.11/site-packages/starlette/_exception_handler.py", line 53, in wrapped_app
    raise exc
  File "/Users/oemer.demirel/ftoken-lst-sims/venv/lib/python3.11/site-packages/starlette/_exception_handler.py", line 42, in wrapped_app
    await app(scope, receive, sender)
  File "/Users/oemer.demirel/ftoken-lst-sims/venv/lib/python3.11/site-packages/fastapi/routing.py", line 105, in app
    response = await f(request)
               ^^^^^^^^^^^^^^^^
  File "/Users/oemer.demirel/ftoken-lst-sims/venv/lib/python3.11/site-packages/fastapi/routing.py", line 418, in app
    response = actual_response_class(content, **response_args)
               ^^^^^^^^^^^^^^^^^^^^^^^^^^^^^^^^^^^^^^^^^^^^^^^
  File "/Users/oemer.demirel/ftoken-lst-sims/venv/lib/python3.11/site-packages/starlette/responses.py", line 189, in __init__
    super().__init__(content, status_code, headers, media_type, background)
  File "/Users/oemer.demirel/ftoken-lst-sims/venv/lib/python3.11/site-packages/starlette/responses.py", line 46, in __init__
    self.body = self.render(content)
                ^^^^^^^^^^^^^^^^^^^^
  File "/Users/oemer.demirel/ftoken-lst-sims/venv/lib/python3.11/site-packages/starlette/responses.py", line 192, in render
    return json.dumps(
           ^^^^^^^^^^^
  File "/usr/local/Cellar/python@3.11/3.11.12_1/Frameworks/Python.framework/Versions/3.11/lib/python3.11/json/__init__.py", line 238, in dumps
    **kw).encode(obj)
          ^^^^^^^^^^^
  File "/usr/local/Cellar/python@3.11/3.11.12_1/Frameworks/Python.framework/Versions/3.11/lib/python3.11/json/encoder.py", line 200, in encode
    chunks = self.iterencode(o, _one_shot=True)
             ^^^^^^^^^^^^^^^^^^^^^^^^^^^^^^^^^^
  File "/usr/local/Cellar/python@3.11/3.11.12_1/Frameworks/Python.framework/Versions/3.11/lib/python3.11/json/encoder.py", line 258, in iterencode
    return _iterencode(o, 0)
           ^^^^^^^^^^^^^^^^^
ValueError: Out of range float values are not JSON compliant
INFO:     127.0.0.1:57036 - "GET /simulate/cb683634-d1e2-4388-994b-babf7df53310/results HTTP/1.1" 500 Internal Server Error
ERROR:    Exception in ASGI application
Traceback (most recent call last):
  File "/Users/oemer.demirel/ftoken-lst-sims/venv/lib/python3.11/site-packages/uvicorn/protocols/http/h11_impl.py", line 403, in run_asgi
    result = await app(  # type: ignore[func-returns-value]
             ^^^^^^^^^^^^^^^^^^^^^^^^^^^^^^^^^^^^^^^^^^^^^^
  File "/Users/oemer.demirel/ftoken-lst-sims/venv/lib/python3.11/site-packages/uvicorn/middleware/proxy_headers.py", line 60, in __call__
    return await self.app(scope, receive, send)
           ^^^^^^^^^^^^^^^^^^^^^^^^^^^^^^^^^^^^
  File "/Users/oemer.demirel/ftoken-lst-sims/venv/lib/python3.11/site-packages/fastapi/applications.py", line 1139, in __call__
    await super().__call__(scope, receive, send)
  File "/Users/oemer.demirel/ftoken-lst-sims/venv/lib/python3.11/site-packages/starlette/applications.py", line 107, in __call__
    await self.middleware_stack(scope, receive, send)
  File "/Users/oemer.demirel/ftoken-lst-sims/venv/lib/python3.11/site-packages/starlette/middleware/errors.py", line 186, in __call__
    raise exc
  File "/Users/oemer.demirel/ftoken-lst-sims/venv/lib/python3.11/site-packages/starlette/middleware/errors.py", line 164, in __call__
    await self.app(scope, receive, _send)
  File "/Users/oemer.demirel/ftoken-lst-sims/venv/lib/python3.11/site-packages/starlette/middleware/cors.py", line 93, in __call__
    await self.simple_response(scope, receive, send, request_headers=headers)
  File "/Users/oemer.demirel/ftoken-lst-sims/venv/lib/python3.11/site-packages/starlette/middleware/cors.py", line 144, in simple_response
    await self.app(scope, receive, send)
  File "/Users/oemer.demirel/ftoken-lst-sims/venv/lib/python3.11/site-packages/starlette/middleware/exceptions.py", line 63, in __call__
    await wrap_app_handling_exceptions(self.app, conn)(scope, receive, send)
  File "/Users/oemer.demirel/ftoken-lst-sims/venv/lib/python3.11/site-packages/starlette/_exception_handler.py", line 53, in wrapped_app
    raise exc
  File "/Users/oemer.demirel/ftoken-lst-sims/venv/lib/python3.11/site-packages/starlette/_exception_handler.py", line 42, in wrapped_app
    await app(scope, receive, sender)
  File "/Users/oemer.demirel/ftoken-lst-sims/venv/lib/python3.11/site-packages/fastapi/middleware/asyncexitstack.py", line 18, in __call__
    await self.app(scope, receive, send)
  File "/Users/oemer.demirel/ftoken-lst-sims/venv/lib/python3.11/site-packages/starlette/routing.py", line 716, in __call__
    await self.middleware_stack(scope, receive, send)
  File "/Users/oemer.demirel/ftoken-lst-sims/venv/lib/python3.11/site-packages/starlette/routing.py", line 736, in app
    await route.handle(scope, receive, send)
  File "/Users/oemer.demirel/ftoken-lst-sims/venv/lib/python3.11/site-packages/starlette/routing.py", line 290, in handle
    await self.app(scope, receive, send)
  File "/Users/oemer.demirel/ftoken-lst-sims/venv/lib/python3.11/site-packages/fastapi/routing.py", line 119, in app
    await wrap_app_handling_exceptions(app, request)(scope, receive, send)
  File "/Users/oemer.demirel/ftoken-lst-sims/venv/lib/python3.11/site-packages/starlette/_exception_handler.py", line 53, in wrapped_app
    raise exc
  File "/Users/oemer.demirel/ftoken-lst-sims/venv/lib/python3.11/site-packages/starlette/_exception_handler.py", line 42, in wrapped_app
    await app(scope, receive, sender)
  File "/Users/oemer.demirel/ftoken-lst-sims/venv/lib/python3.11/site-packages/fastapi/routing.py", line 105, in app
    response = await f(request)
               ^^^^^^^^^^^^^^^^
  File "/Users/oemer.demirel/ftoken-lst-sims/venv/lib/python3.11/site-packages/fastapi/routing.py", line 418, in app
    response = actual_response_class(content, **response_args)
               ^^^^^^^^^^^^^^^^^^^^^^^^^^^^^^^^^^^^^^^^^^^^^^^
  File "/Users/oemer.demirel/ftoken-lst-sims/venv/lib/python3.11/site-packages/starlette/responses.py", line 189, in __init__
    super().__init__(content, status_code, headers, media_type, background)
  File "/Users/oemer.demirel/ftoken-lst-sims/venv/lib/python3.11/site-packages/starlette/responses.py", line 46, in __init__
    self.body = self.render(content)
                ^^^^^^^^^^^^^^^^^^^^
  File "/Users/oemer.demirel/ftoken-lst-sims/venv/lib/python3.11/site-packages/starlette/responses.py", line 192, in render
    return json.dumps(
           ^^^^^^^^^^^
  File "/usr/local/Cellar/python@3.11/3.11.12_1/Frameworks/Python.framework/Versions/3.11/lib/python3.11/json/__init__.py", line 238, in dumps
    **kw).encode(obj)
          ^^^^^^^^^^^
  File "/usr/local/Cellar/python@3.11/3.11.12_1/Frameworks/Python.framework/Versions/3.11/lib/python3.11/json/encoder.py", line 200, in encode
    chunks = self.iterencode(o, _one_shot=True)
             ^^^^^^^^^^^^^^^^^^^^^^^^^^^^^^^^^^
  File "/usr/local/Cellar/python@3.11/3.11.12_1/Frameworks/Python.framework/Versions/3.11/lib/python3.11/json/encoder.py", line 258, in iterencode
    return _iterencode(o, 0)
           ^^^^^^^^^^^^^^^^^
ValueError: Out of range float values are not JSON compliant
INFO:     127.0.0.1:57039 - "GET /simulate/cb683634-d1e2-4388-994b-babf7df53310/results HTTP/1.1" 500 Internal Server Error
ERROR:    Exception in ASGI application
Traceback (most recent call last):
  File "/Users/oemer.demirel/ftoken-lst-sims/venv/lib/python3.11/site-packages/uvicorn/protocols/http/h11_impl.py", line 403, in run_asgi
    result = await app(  # type: ignore[func-returns-value]
             ^^^^^^^^^^^^^^^^^^^^^^^^^^^^^^^^^^^^^^^^^^^^^^
  File "/Users/oemer.demirel/ftoken-lst-sims/venv/lib/python3.11/site-packages/uvicorn/middleware/proxy_headers.py", line 60, in __call__
    return await self.app(scope, receive, send)
           ^^^^^^^^^^^^^^^^^^^^^^^^^^^^^^^^^^^^
  File "/Users/oemer.demirel/ftoken-lst-sims/venv/lib/python3.11/site-packages/fastapi/applications.py", line 1139, in __call__
    await super().__call__(scope, receive, send)
  File "/Users/oemer.demirel/ftoken-lst-sims/venv/lib/python3.11/site-packages/starlette/applications.py", line 107, in __call__
    await self.middleware_stack(scope, receive, send)
  File "/Users/oemer.demirel/ftoken-lst-sims/venv/lib/python3.11/site-packages/starlette/middleware/errors.py", line 186, in __call__
    raise exc
  File "/Users/oemer.demirel/ftoken-lst-sims/venv/lib/python3.11/site-packages/starlette/middleware/errors.py", line 164, in __call__
    await self.app(scope, receive, _send)
  File "/Users/oemer.demirel/ftoken-lst-sims/venv/lib/python3.11/site-packages/starlette/middleware/cors.py", line 93, in __call__
    await self.simple_response(scope, receive, send, request_headers=headers)
  File "/Users/oemer.demirel/ftoken-lst-sims/venv/lib/python3.11/site-packages/starlette/middleware/cors.py", line 144, in simple_response
    await self.app(scope, receive, send)
  File "/Users/oemer.demirel/ftoken-lst-sims/venv/lib/python3.11/site-packages/starlette/middleware/exceptions.py", line 63, in __call__
    await wrap_app_handling_exceptions(self.app, conn)(scope, receive, send)
  File "/Users/oemer.demirel/ftoken-lst-sims/venv/lib/python3.11/site-packages/starlette/_exception_handler.py", line 53, in wrapped_app
    raise exc
  File "/Users/oemer.demirel/ftoken-lst-sims/venv/lib/python3.11/site-packages/starlette/_exception_handler.py", line 42, in wrapped_app
    await app(scope, receive, sender)
  File "/Users/oemer.demirel/ftoken-lst-sims/venv/lib/python3.11/site-packages/fastapi/middleware/asyncexitstack.py", line 18, in __call__
    await self.app(scope, receive, send)
  File "/Users/oemer.demirel/ftoken-lst-sims/venv/lib/python3.11/site-packages/starlette/routing.py", line 716, in __call__
    await self.middleware_stack(scope, receive, send)
  File "/Users/oemer.demirel/ftoken-lst-sims/venv/lib/python3.11/site-packages/starlette/routing.py", line 736, in app
    await route.handle(scope, receive, send)
  File "/Users/oemer.demirel/ftoken-lst-sims/venv/lib/python3.11/site-packages/starlette/routing.py", line 290, in handle
    await self.app(scope, receive, send)
  File "/Users/oemer.demirel/ftoken-lst-sims/venv/lib/python3.11/site-packages/fastapi/routing.py", line 119, in app
    await wrap_app_handling_exceptions(app, request)(scope, receive, send)
  File "/Users/oemer.demirel/ftoken-lst-sims/venv/lib/python3.11/site-packages/starlette/_exception_handler.py", line 53, in wrapped_app
    raise exc
  File "/Users/oemer.demirel/ftoken-lst-sims/venv/lib/python3.11/site-packages/starlette/_exception_handler.py", line 42, in wrapped_app
    await app(scope, receive, sender)
  File "/Users/oemer.demirel/ftoken-lst-sims/venv/lib/python3.11/site-packages/fastapi/routing.py", line 105, in app
    response = await f(request)
               ^^^^^^^^^^^^^^^^
  File "/Users/oemer.demirel/ftoken-lst-sims/venv/lib/python3.11/site-packages/fastapi/routing.py", line 418, in app
    response = actual_response_class(content, **response_args)
               ^^^^^^^^^^^^^^^^^^^^^^^^^^^^^^^^^^^^^^^^^^^^^^^
  File "/Users/oemer.demirel/ftoken-lst-sims/venv/lib/python3.11/site-packages/starlette/responses.py", line 189, in __init__
    super().__init__(content, status_code, headers, media_type, background)
  File "/Users/oemer.demirel/ftoken-lst-sims/venv/lib/python3.11/site-packages/starlette/responses.py", line 46, in __init__
    self.body = self.render(content)
                ^^^^^^^^^^^^^^^^^^^^
  File "/Users/oemer.demirel/ftoken-lst-sims/venv/lib/python3.11/site-packages/starlette/responses.py", line 192, in render
    return json.dumps(
           ^^^^^^^^^^^
  File "/usr/local/Cellar/python@3.11/3.11.12_1/Frameworks/Python.framework/Versions/3.11/lib/python3.11/json/__init__.py", line 238, in dumps
    **kw).encode(obj)
          ^^^^^^^^^^^
  File "/usr/local/Cellar/python@3.11/3.11.12_1/Frameworks/Python.framework/Versions/3.11/lib/python3.11/json/encoder.py", line 200, in encode
    chunks = self.iterencode(o, _one_shot=True)
             ^^^^^^^^^^^^^^^^^^^^^^^^^^^^^^^^^^
  File "/usr/local/Cellar/python@3.11/3.11.12_1/Frameworks/Python.framework/Versions/3.11/lib/python3.11/json/encoder.py", line 258, in iterencode
    return _iterencode(o, 0)
           ^^^^^^^^^^^^^^^^^
ValueError: Out of range float values are not JSON compliant
INFO:     127.0.0.1:57042 - "GET /simulate/cb683634-d1e2-4388-994b-babf7df53310/results HTTP/1.1" 500 Internal Server Error
ERROR:    Exception in ASGI application
Traceback (most recent call last):
  File "/Users/oemer.demirel/ftoken-lst-sims/venv/lib/python3.11/site-packages/uvicorn/protocols/http/h11_impl.py", line 403, in run_asgi
    result = await app(  # type: ignore[func-returns-value]
             ^^^^^^^^^^^^^^^^^^^^^^^^^^^^^^^^^^^^^^^^^^^^^^
  File "/Users/oemer.demirel/ftoken-lst-sims/venv/lib/python3.11/site-packages/uvicorn/middleware/proxy_headers.py", line 60, in __call__
    return await self.app(scope, receive, send)
           ^^^^^^^^^^^^^^^^^^^^^^^^^^^^^^^^^^^^
  File "/Users/oemer.demirel/ftoken-lst-sims/venv/lib/python3.11/site-packages/fastapi/applications.py", line 1139, in __call__
    await super().__call__(scope, receive, send)
  File "/Users/oemer.demirel/ftoken-lst-sims/venv/lib/python3.11/site-packages/starlette/applications.py", line 107, in __call__
    await self.middleware_stack(scope, receive, send)
  File "/Users/oemer.demirel/ftoken-lst-sims/venv/lib/python3.11/site-packages/starlette/middleware/errors.py", line 186, in __call__
    raise exc
  File "/Users/oemer.demirel/ftoken-lst-sims/venv/lib/python3.11/site-packages/starlette/middleware/errors.py", line 164, in __call__
    await self.app(scope, receive, _send)
  File "/Users/oemer.demirel/ftoken-lst-sims/venv/lib/python3.11/site-packages/starlette/middleware/cors.py", line 93, in __call__
    await self.simple_response(scope, receive, send, request_headers=headers)
  File "/Users/oemer.demirel/ftoken-lst-sims/venv/lib/python3.11/site-packages/starlette/middleware/cors.py", line 144, in simple_response
    await self.app(scope, receive, send)
  File "/Users/oemer.demirel/ftoken-lst-sims/venv/lib/python3.11/site-packages/starlette/middleware/exceptions.py", line 63, in __call__
    await wrap_app_handling_exceptions(self.app, conn)(scope, receive, send)
  File "/Users/oemer.demirel/ftoken-lst-sims/venv/lib/python3.11/site-packages/starlette/_exception_handler.py", line 53, in wrapped_app
    raise exc
  File "/Users/oemer.demirel/ftoken-lst-sims/venv/lib/python3.11/site-packages/starlette/_exception_handler.py", line 42, in wrapped_app
    await app(scope, receive, sender)
  File "/Users/oemer.demirel/ftoken-lst-sims/venv/lib/python3.11/site-packages/fastapi/middleware/asyncexitstack.py", line 18, in __call__
    await self.app(scope, receive, send)
  File "/Users/oemer.demirel/ftoken-lst-sims/venv/lib/python3.11/site-packages/starlette/routing.py", line 716, in __call__
    await self.middleware_stack(scope, receive, send)
  File "/Users/oemer.demirel/ftoken-lst-sims/venv/lib/python3.11/site-packages/starlette/routing.py", line 736, in app
    await route.handle(scope, receive, send)
  File "/Users/oemer.demirel/ftoken-lst-sims/venv/lib/python3.11/site-packages/starlette/routing.py", line 290, in handle
    await self.app(scope, receive, send)
  File "/Users/oemer.demirel/ftoken-lst-sims/venv/lib/python3.11/site-packages/fastapi/routing.py", line 119, in app
    await wrap_app_handling_exceptions(app, request)(scope, receive, send)
  File "/Users/oemer.demirel/ftoken-lst-sims/venv/lib/python3.11/site-packages/starlette/_exception_handler.py", line 53, in wrapped_app
    raise exc
  File "/Users/oemer.demirel/ftoken-lst-sims/venv/lib/python3.11/site-packages/starlette/_exception_handler.py", line 42, in wrapped_app
    await app(scope, receive, sender)
  File "/Users/oemer.demirel/ftoken-lst-sims/venv/lib/python3.11/site-packages/fastapi/routing.py", line 105, in app
    response = await f(request)
               ^^^^^^^^^^^^^^^^
  File "/Users/oemer.demirel/ftoken-lst-sims/venv/lib/python3.11/site-packages/fastapi/routing.py", line 418, in app
    response = actual_response_class(content, **response_args)
               ^^^^^^^^^^^^^^^^^^^^^^^^^^^^^^^^^^^^^^^^^^^^^^^
  File "/Users/oemer.demirel/ftoken-lst-sims/venv/lib/python3.11/site-packages/starlette/responses.py", line 189, in __init__
    super().__init__(content, status_code, headers, media_type, background)
  File "/Users/oemer.demirel/ftoken-lst-sims/venv/lib/python3.11/site-packages/starlette/responses.py", line 46, in __init__
    self.body = self.render(content)
                ^^^^^^^^^^^^^^^^^^^^
  File "/Users/oemer.demirel/ftoken-lst-sims/venv/lib/python3.11/site-packages/starlette/responses.py", line 192, in render
    return json.dumps(
           ^^^^^^^^^^^
  File "/usr/local/Cellar/python@3.11/3.11.12_1/Frameworks/Python.framework/Versions/3.11/lib/python3.11/json/__init__.py", line 238, in dumps
    **kw).encode(obj)
          ^^^^^^^^^^^
  File "/usr/local/Cellar/python@3.11/3.11.12_1/Frameworks/Python.framework/Versions/3.11/lib/python3.11/json/encoder.py", line 200, in encode
    chunks = self.iterencode(o, _one_shot=True)
             ^^^^^^^^^^^^^^^^^^^^^^^^^^^^^^^^^^
  File "/usr/local/Cellar/python@3.11/3.11.12_1/Frameworks/Python.framework/Versions/3.11/lib/python3.11/json/encoder.py", line 258, in iterencode
    return _iterencode(o, 0)
           ^^^^^^^^^^^^^^^^^
ValueError: Out of range float values are not JSON compliant
INFO:     127.0.0.1:57047 - "GET /simulate/cb683634-d1e2-4388-994b-babf7df53310/results HTTP/1.1" 500 Internal Server Error
ERROR:    Exception in ASGI application
Traceback (most recent call last):
  File "/Users/oemer.demirel/ftoken-lst-sims/venv/lib/python3.11/site-packages/uvicorn/protocols/http/h11_impl.py", line 403, in run_asgi
    result = await app(  # type: ignore[func-returns-value]
             ^^^^^^^^^^^^^^^^^^^^^^^^^^^^^^^^^^^^^^^^^^^^^^
  File "/Users/oemer.demirel/ftoken-lst-sims/venv/lib/python3.11/site-packages/uvicorn/middleware/proxy_headers.py", line 60, in __call__
    return await self.app(scope, receive, send)
           ^^^^^^^^^^^^^^^^^^^^^^^^^^^^^^^^^^^^
  File "/Users/oemer.demirel/ftoken-lst-sims/venv/lib/python3.11/site-packages/fastapi/applications.py", line 1139, in __call__
    await super().__call__(scope, receive, send)
  File "/Users/oemer.demirel/ftoken-lst-sims/venv/lib/python3.11/site-packages/starlette/applications.py", line 107, in __call__
    await self.middleware_stack(scope, receive, send)
  File "/Users/oemer.demirel/ftoken-lst-sims/venv/lib/python3.11/site-packages/starlette/middleware/errors.py", line 186, in __call__
    raise exc
  File "/Users/oemer.demirel/ftoken-lst-sims/venv/lib/python3.11/site-packages/starlette/middleware/errors.py", line 164, in __call__
    await self.app(scope, receive, _send)
  File "/Users/oemer.demirel/ftoken-lst-sims/venv/lib/python3.11/site-packages/starlette/middleware/cors.py", line 93, in __call__
    await self.simple_response(scope, receive, send, request_headers=headers)
  File "/Users/oemer.demirel/ftoken-lst-sims/venv/lib/python3.11/site-packages/starlette/middleware/cors.py", line 144, in simple_response
    await self.app(scope, receive, send)
  File "/Users/oemer.demirel/ftoken-lst-sims/venv/lib/python3.11/site-packages/starlette/middleware/exceptions.py", line 63, in __call__
    await wrap_app_handling_exceptions(self.app, conn)(scope, receive, send)
  File "/Users/oemer.demirel/ftoken-lst-sims/venv/lib/python3.11/site-packages/starlette/_exception_handler.py", line 53, in wrapped_app
    raise exc
  File "/Users/oemer.demirel/ftoken-lst-sims/venv/lib/python3.11/site-packages/starlette/_exception_handler.py", line 42, in wrapped_app
    await app(scope, receive, sender)
  File "/Users/oemer.demirel/ftoken-lst-sims/venv/lib/python3.11/site-packages/fastapi/middleware/asyncexitstack.py", line 18, in __call__
    await self.app(scope, receive, send)
  File "/Users/oemer.demirel/ftoken-lst-sims/venv/lib/python3.11/site-packages/starlette/routing.py", line 716, in __call__
    await self.middleware_stack(scope, receive, send)
  File "/Users/oemer.demirel/ftoken-lst-sims/venv/lib/python3.11/site-packages/starlette/routing.py", line 736, in app
    await route.handle(scope, receive, send)
  File "/Users/oemer.demirel/ftoken-lst-sims/venv/lib/python3.11/site-packages/starlette/routing.py", line 290, in handle
    await self.app(scope, receive, send)
  File "/Users/oemer.demirel/ftoken-lst-sims/venv/lib/python3.11/site-packages/fastapi/routing.py", line 119, in app
    await wrap_app_handling_exceptions(app, request)(scope, receive, send)
  File "/Users/oemer.demirel/ftoken-lst-sims/venv/lib/python3.11/site-packages/starlette/_exception_handler.py", line 53, in wrapped_app
    raise exc
  File "/Users/oemer.demirel/ftoken-lst-sims/venv/lib/python3.11/site-packages/starlette/_exception_handler.py", line 42, in wrapped_app
    await app(scope, receive, sender)
  File "/Users/oemer.demirel/ftoken-lst-sims/venv/lib/python3.11/site-packages/fastapi/routing.py", line 105, in app
    response = await f(request)
               ^^^^^^^^^^^^^^^^
  File "/Users/oemer.demirel/ftoken-lst-sims/venv/lib/python3.11/site-packages/fastapi/routing.py", line 418, in app
    response = actual_response_class(content, **response_args)
               ^^^^^^^^^^^^^^^^^^^^^^^^^^^^^^^^^^^^^^^^^^^^^^^
  File "/Users/oemer.demirel/ftoken-lst-sims/venv/lib/python3.11/site-packages/starlette/responses.py", line 189, in __init__
    super().__init__(content, status_code, headers, media_type, background)
  File "/Users/oemer.demirel/ftoken-lst-sims/venv/lib/python3.11/site-packages/starlette/responses.py", line 46, in __init__
    self.body = self.render(content)
                ^^^^^^^^^^^^^^^^^^^^
  File "/Users/oemer.demirel/ftoken-lst-sims/venv/lib/python3.11/site-packages/starlette/responses.py", line 192, in render
    return json.dumps(
           ^^^^^^^^^^^
  File "/usr/local/Cellar/python@3.11/3.11.12_1/Frameworks/Python.framework/Versions/3.11/lib/python3.11/json/__init__.py", line 238, in dumps
    **kw).encode(obj)
          ^^^^^^^^^^^
  File "/usr/local/Cellar/python@3.11/3.11.12_1/Frameworks/Python.framework/Versions/3.11/lib/python3.11/json/encoder.py", line 200, in encode
    chunks = self.iterencode(o, _one_shot=True)
             ^^^^^^^^^^^^^^^^^^^^^^^^^^^^^^^^^^
  File "/usr/local/Cellar/python@3.11/3.11.12_1/Frameworks/Python.framework/Versions/3.11/lib/python3.11/json/encoder.py", line 258, in iterencode
    return _iterencode(o, 0)
           ^^^^^^^^^^^^^^^^^
ValueError: Out of range float values are not JSON compliant
INFO:     127.0.0.1:57051 - "GET /simulate/cb683634-d1e2-4388-994b-babf7df53310/results HTTP/1.1" 500 Internal Server Error
ERROR:    Exception in ASGI application
Traceback (most recent call last):
  File "/Users/oemer.demirel/ftoken-lst-sims/venv/lib/python3.11/site-packages/uvicorn/protocols/http/h11_impl.py", line 403, in run_asgi
    result = await app(  # type: ignore[func-returns-value]
             ^^^^^^^^^^^^^^^^^^^^^^^^^^^^^^^^^^^^^^^^^^^^^^
  File "/Users/oemer.demirel/ftoken-lst-sims/venv/lib/python3.11/site-packages/uvicorn/middleware/proxy_headers.py", line 60, in __call__
    return await self.app(scope, receive, send)
           ^^^^^^^^^^^^^^^^^^^^^^^^^^^^^^^^^^^^
  File "/Users/oemer.demirel/ftoken-lst-sims/venv/lib/python3.11/site-packages/fastapi/applications.py", line 1139, in __call__
    await super().__call__(scope, receive, send)
  File "/Users/oemer.demirel/ftoken-lst-sims/venv/lib/python3.11/site-packages/starlette/applications.py", line 107, in __call__
    await self.middleware_stack(scope, receive, send)
  File "/Users/oemer.demirel/ftoken-lst-sims/venv/lib/python3.11/site-packages/starlette/middleware/errors.py", line 186, in __call__
    raise exc
  File "/Users/oemer.demirel/ftoken-lst-sims/venv/lib/python3.11/site-packages/starlette/middleware/errors.py", line 164, in __call__
    await self.app(scope, receive, _send)
  File "/Users/oemer.demirel/ftoken-lst-sims/venv/lib/python3.11/site-packages/starlette/middleware/cors.py", line 93, in __call__
    await self.simple_response(scope, receive, send, request_headers=headers)
  File "/Users/oemer.demirel/ftoken-lst-sims/venv/lib/python3.11/site-packages/starlette/middleware/cors.py", line 144, in simple_response
    await self.app(scope, receive, send)
  File "/Users/oemer.demirel/ftoken-lst-sims/venv/lib/python3.11/site-packages/starlette/middleware/exceptions.py", line 63, in __call__
    await wrap_app_handling_exceptions(self.app, conn)(scope, receive, send)
  File "/Users/oemer.demirel/ftoken-lst-sims/venv/lib/python3.11/site-packages/starlette/_exception_handler.py", line 53, in wrapped_app
    raise exc
  File "/Users/oemer.demirel/ftoken-lst-sims/venv/lib/python3.11/site-packages/starlette/_exception_handler.py", line 42, in wrapped_app
    await app(scope, receive, sender)
  File "/Users/oemer.demirel/ftoken-lst-sims/venv/lib/python3.11/site-packages/fastapi/middleware/asyncexitstack.py", line 18, in __call__
    await self.app(scope, receive, send)
  File "/Users/oemer.demirel/ftoken-lst-sims/venv/lib/python3.11/site-packages/starlette/routing.py", line 716, in __call__
    await self.middleware_stack(scope, receive, send)
  File "/Users/oemer.demirel/ftoken-lst-sims/venv/lib/python3.11/site-packages/starlette/routing.py", line 736, in app
    await route.handle(scope, receive, send)
  File "/Users/oemer.demirel/ftoken-lst-sims/venv/lib/python3.11/site-packages/starlette/routing.py", line 290, in handle
    await self.app(scope, receive, send)
  File "/Users/oemer.demirel/ftoken-lst-sims/venv/lib/python3.11/site-packages/fastapi/routing.py", line 119, in app
    await wrap_app_handling_exceptions(app, request)(scope, receive, send)
  File "/Users/oemer.demirel/ftoken-lst-sims/venv/lib/python3.11/site-packages/starlette/_exception_handler.py", line 53, in wrapped_app
    raise exc
  File "/Users/oemer.demirel/ftoken-lst-sims/venv/lib/python3.11/site-packages/starlette/_exception_handler.py", line 42, in wrapped_app
    await app(scope, receive, sender)
  File "/Users/oemer.demirel/ftoken-lst-sims/venv/lib/python3.11/site-packages/fastapi/routing.py", line 105, in app
    response = await f(request)
               ^^^^^^^^^^^^^^^^
  File "/Users/oemer.demirel/ftoken-lst-sims/venv/lib/python3.11/site-packages/fastapi/routing.py", line 418, in app
    response = actual_response_class(content, **response_args)
               ^^^^^^^^^^^^^^^^^^^^^^^^^^^^^^^^^^^^^^^^^^^^^^^
  File "/Users/oemer.demirel/ftoken-lst-sims/venv/lib/python3.11/site-packages/starlette/responses.py", line 189, in __init__
    super().__init__(content, status_code, headers, media_type, background)
  File "/Users/oemer.demirel/ftoken-lst-sims/venv/lib/python3.11/site-packages/starlette/responses.py", line 46, in __init__
    self.body = self.render(content)
                ^^^^^^^^^^^^^^^^^^^^
  File "/Users/oemer.demirel/ftoken-lst-sims/venv/lib/python3.11/site-packages/starlette/responses.py", line 192, in render
    return json.dumps(
           ^^^^^^^^^^^
  File "/usr/local/Cellar/python@3.11/3.11.12_1/Frameworks/Python.framework/Versions/3.11/lib/python3.11/json/__init__.py", line 238, in dumps
    **kw).encode(obj)
          ^^^^^^^^^^^
  File "/usr/local/Cellar/python@3.11/3.11.12_1/Frameworks/Python.framework/Versions/3.11/lib/python3.11/json/encoder.py", line 200, in encode
    chunks = self.iterencode(o, _one_shot=True)
             ^^^^^^^^^^^^^^^^^^^^^^^^^^^^^^^^^^
  File "/usr/local/Cellar/python@3.11/3.11.12_1/Frameworks/Python.framework/Versions/3.11/lib/python3.11/json/encoder.py", line 258, in iterencode
    return _iterencode(o, 0)
           ^^^^^^^^^^^^^^^^^
ValueError: Out of range float values are not JSON compliant
INFO:     127.0.0.1:57055 - "GET /simulate/cb683634-d1e2-4388-994b-babf7df53310/results HTTP/1.1" 500 Internal Server Error
ERROR:    Exception in ASGI application
Traceback (most recent call last):
  File "/Users/oemer.demirel/ftoken-lst-sims/venv/lib/python3.11/site-packages/uvicorn/protocols/http/h11_impl.py", line 403, in run_asgi
    result = await app(  # type: ignore[func-returns-value]
             ^^^^^^^^^^^^^^^^^^^^^^^^^^^^^^^^^^^^^^^^^^^^^^
  File "/Users/oemer.demirel/ftoken-lst-sims/venv/lib/python3.11/site-packages/uvicorn/middleware/proxy_headers.py", line 60, in __call__
    return await self.app(scope, receive, send)
           ^^^^^^^^^^^^^^^^^^^^^^^^^^^^^^^^^^^^
  File "/Users/oemer.demirel/ftoken-lst-sims/venv/lib/python3.11/site-packages/fastapi/applications.py", line 1139, in __call__
    await super().__call__(scope, receive, send)
  File "/Users/oemer.demirel/ftoken-lst-sims/venv/lib/python3.11/site-packages/starlette/applications.py", line 107, in __call__
    await self.middleware_stack(scope, receive, send)
  File "/Users/oemer.demirel/ftoken-lst-sims/venv/lib/python3.11/site-packages/starlette/middleware/errors.py", line 186, in __call__
    raise exc
  File "/Users/oemer.demirel/ftoken-lst-sims/venv/lib/python3.11/site-packages/starlette/middleware/errors.py", line 164, in __call__
    await self.app(scope, receive, _send)
  File "/Users/oemer.demirel/ftoken-lst-sims/venv/lib/python3.11/site-packages/starlette/middleware/cors.py", line 93, in __call__
    await self.simple_response(scope, receive, send, request_headers=headers)
  File "/Users/oemer.demirel/ftoken-lst-sims/venv/lib/python3.11/site-packages/starlette/middleware/cors.py", line 144, in simple_response
    await self.app(scope, receive, send)
  File "/Users/oemer.demirel/ftoken-lst-sims/venv/lib/python3.11/site-packages/starlette/middleware/exceptions.py", line 63, in __call__
    await wrap_app_handling_exceptions(self.app, conn)(scope, receive, send)
  File "/Users/oemer.demirel/ftoken-lst-sims/venv/lib/python3.11/site-packages/starlette/_exception_handler.py", line 53, in wrapped_app
    raise exc
  File "/Users/oemer.demirel/ftoken-lst-sims/venv/lib/python3.11/site-packages/starlette/_exception_handler.py", line 42, in wrapped_app
    await app(scope, receive, sender)
  File "/Users/oemer.demirel/ftoken-lst-sims/venv/lib/python3.11/site-packages/fastapi/middleware/asyncexitstack.py", line 18, in __call__
    await self.app(scope, receive, send)
  File "/Users/oemer.demirel/ftoken-lst-sims/venv/lib/python3.11/site-packages/starlette/routing.py", line 716, in __call__
    await self.middleware_stack(scope, receive, send)
  File "/Users/oemer.demirel/ftoken-lst-sims/venv/lib/python3.11/site-packages/starlette/routing.py", line 736, in app
    await route.handle(scope, receive, send)
  File "/Users/oemer.demirel/ftoken-lst-sims/venv/lib/python3.11/site-packages/starlette/routing.py", line 290, in handle
    await self.app(scope, receive, send)
  File "/Users/oemer.demirel/ftoken-lst-sims/venv/lib/python3.11/site-packages/fastapi/routing.py", line 119, in app
    await wrap_app_handling_exceptions(app, request)(scope, receive, send)
  File "/Users/oemer.demirel/ftoken-lst-sims/venv/lib/python3.11/site-packages/starlette/_exception_handler.py", line 53, in wrapped_app
    raise exc
  File "/Users/oemer.demirel/ftoken-lst-sims/venv/lib/python3.11/site-packages/starlette/_exception_handler.py", line 42, in wrapped_app
    await app(scope, receive, sender)
  File "/Users/oemer.demirel/ftoken-lst-sims/venv/lib/python3.11/site-packages/fastapi/routing.py", line 105, in app
    response = await f(request)
               ^^^^^^^^^^^^^^^^
  File "/Users/oemer.demirel/ftoken-lst-sims/venv/lib/python3.11/site-packages/fastapi/routing.py", line 418, in app
    response = actual_response_class(content, **response_args)
               ^^^^^^^^^^^^^^^^^^^^^^^^^^^^^^^^^^^^^^^^^^^^^^^
  File "/Users/oemer.demirel/ftoken-lst-sims/venv/lib/python3.11/site-packages/starlette/responses.py", line 189, in __init__
    super().__init__(content, status_code, headers, media_type, background)
  File "/Users/oemer.demirel/ftoken-lst-sims/venv/lib/python3.11/site-packages/starlette/responses.py", line 46, in __init__
    self.body = self.render(content)
                ^^^^^^^^^^^^^^^^^^^^
  File "/Users/oemer.demirel/ftoken-lst-sims/venv/lib/python3.11/site-packages/starlette/responses.py", line 192, in render
    return json.dumps(
           ^^^^^^^^^^^
  File "/usr/local/Cellar/python@3.11/3.11.12_1/Frameworks/Python.framework/Versions/3.11/lib/python3.11/json/__init__.py", line 238, in dumps
    **kw).encode(obj)
          ^^^^^^^^^^^
  File "/usr/local/Cellar/python@3.11/3.11.12_1/Frameworks/Python.framework/Versions/3.11/lib/python3.11/json/encoder.py", line 200, in encode
    chunks = self.iterencode(o, _one_shot=True)
             ^^^^^^^^^^^^^^^^^^^^^^^^^^^^^^^^^^
  File "/usr/local/Cellar/python@3.11/3.11.12_1/Frameworks/Python.framework/Versions/3.11/lib/python3.11/json/encoder.py", line 258, in iterencode
    return _iterencode(o, 0)
           ^^^^^^^^^^^^^^^^^
ValueError: Out of range float values are not JSON compliant
INFO:     127.0.0.1:57057 - "GET /simulate/cb683634-d1e2-4388-994b-babf7df53310/results HTTP/1.1" 500 Internal Server Error
ERROR:    Exception in ASGI application
Traceback (most recent call last):
  File "/Users/oemer.demirel/ftoken-lst-sims/venv/lib/python3.11/site-packages/uvicorn/protocols/http/h11_impl.py", line 403, in run_asgi
    result = await app(  # type: ignore[func-returns-value]
             ^^^^^^^^^^^^^^^^^^^^^^^^^^^^^^^^^^^^^^^^^^^^^^
  File "/Users/oemer.demirel/ftoken-lst-sims/venv/lib/python3.11/site-packages/uvicorn/middleware/proxy_headers.py", line 60, in __call__
    return await self.app(scope, receive, send)
           ^^^^^^^^^^^^^^^^^^^^^^^^^^^^^^^^^^^^
  File "/Users/oemer.demirel/ftoken-lst-sims/venv/lib/python3.11/site-packages/fastapi/applications.py", line 1139, in __call__
    await super().__call__(scope, receive, send)
  File "/Users/oemer.demirel/ftoken-lst-sims/venv/lib/python3.11/site-packages/starlette/applications.py", line 107, in __call__
    await self.middleware_stack(scope, receive, send)
  File "/Users/oemer.demirel/ftoken-lst-sims/venv/lib/python3.11/site-packages/starlette/middleware/errors.py", line 186, in __call__
    raise exc
  File "/Users/oemer.demirel/ftoken-lst-sims/venv/lib/python3.11/site-packages/starlette/middleware/errors.py", line 164, in __call__
    await self.app(scope, receive, _send)
  File "/Users/oemer.demirel/ftoken-lst-sims/venv/lib/python3.11/site-packages/starlette/middleware/cors.py", line 93, in __call__
    await self.simple_response(scope, receive, send, request_headers=headers)
  File "/Users/oemer.demirel/ftoken-lst-sims/venv/lib/python3.11/site-packages/starlette/middleware/cors.py", line 144, in simple_response
    await self.app(scope, receive, send)
  File "/Users/oemer.demirel/ftoken-lst-sims/venv/lib/python3.11/site-packages/starlette/middleware/exceptions.py", line 63, in __call__
    await wrap_app_handling_exceptions(self.app, conn)(scope, receive, send)
  File "/Users/oemer.demirel/ftoken-lst-sims/venv/lib/python3.11/site-packages/starlette/_exception_handler.py", line 53, in wrapped_app
    raise exc
  File "/Users/oemer.demirel/ftoken-lst-sims/venv/lib/python3.11/site-packages/starlette/_exception_handler.py", line 42, in wrapped_app
    await app(scope, receive, sender)
  File "/Users/oemer.demirel/ftoken-lst-sims/venv/lib/python3.11/site-packages/fastapi/middleware/asyncexitstack.py", line 18, in __call__
    await self.app(scope, receive, send)
  File "/Users/oemer.demirel/ftoken-lst-sims/venv/lib/python3.11/site-packages/starlette/routing.py", line 716, in __call__
    await self.middleware_stack(scope, receive, send)
  File "/Users/oemer.demirel/ftoken-lst-sims/venv/lib/python3.11/site-packages/starlette/routing.py", line 736, in app
    await route.handle(scope, receive, send)
  File "/Users/oemer.demirel/ftoken-lst-sims/venv/lib/python3.11/site-packages/starlette/routing.py", line 290, in handle
    await self.app(scope, receive, send)
  File "/Users/oemer.demirel/ftoken-lst-sims/venv/lib/python3.11/site-packages/fastapi/routing.py", line 119, in app
    await wrap_app_handling_exceptions(app, request)(scope, receive, send)
  File "/Users/oemer.demirel/ftoken-lst-sims/venv/lib/python3.11/site-packages/starlette/_exception_handler.py", line 53, in wrapped_app
    raise exc
  File "/Users/oemer.demirel/ftoken-lst-sims/venv/lib/python3.11/site-packages/starlette/_exception_handler.py", line 42, in wrapped_app
    await app(scope, receive, sender)
  File "/Users/oemer.demirel/ftoken-lst-sims/venv/lib/python3.11/site-packages/fastapi/routing.py", line 105, in app
    response = await f(request)
               ^^^^^^^^^^^^^^^^
  File "/Users/oemer.demirel/ftoken-lst-sims/venv/lib/python3.11/site-packages/fastapi/routing.py", line 418, in app
    response = actual_response_class(content, **response_args)
               ^^^^^^^^^^^^^^^^^^^^^^^^^^^^^^^^^^^^^^^^^^^^^^^
  File "/Users/oemer.demirel/ftoken-lst-sims/venv/lib/python3.11/site-packages/starlette/responses.py", line 189, in __init__
    super().__init__(content, status_code, headers, media_type, background)
  File "/Users/oemer.demirel/ftoken-lst-sims/venv/lib/python3.11/site-packages/starlette/responses.py", line 46, in __init__
    self.body = self.render(content)
                ^^^^^^^^^^^^^^^^^^^^
  File "/Users/oemer.demirel/ftoken-lst-sims/venv/lib/python3.11/site-packages/starlette/responses.py", line 192, in render
    return json.dumps(
           ^^^^^^^^^^^
  File "/usr/local/Cellar/python@3.11/3.11.12_1/Frameworks/Python.framework/Versions/3.11/lib/python3.11/json/__init__.py", line 238, in dumps
    **kw).encode(obj)
          ^^^^^^^^^^^
  File "/usr/local/Cellar/python@3.11/3.11.12_1/Frameworks/Python.framework/Versions/3.11/lib/python3.11/json/encoder.py", line 200, in encode
    chunks = self.iterencode(o, _one_shot=True)
             ^^^^^^^^^^^^^^^^^^^^^^^^^^^^^^^^^^
  File "/usr/local/Cellar/python@3.11/3.11.12_1/Frameworks/Python.framework/Versions/3.11/lib/python3.11/json/encoder.py", line 258, in iterencode
    return _iterencode(o, 0)
           ^^^^^^^^^^^^^^^^^
ValueError: Out of range float values are not JSON compliant
